cat,IPC2
clss,COV
ent,N2O
family,emi
gwp,AR4
note,"Part of emissions covered by an (I)NDC, based on per-country, per-main-sector and per-kyoto-GHG information from countries' (I)NDCs and their corresponding HISTCR_PRIMAPHIST21 emissions."
scen,HISTORY
srce,PMH21
tablename,N2OAR4_IPC2_COV_EMI_HISTORY_PMH21
tpe,EMI
unit,MtCO2eq
ISO3,1990,1991,1992,1993,1994,1995,1996,1997,1998,1999,2000,2001,2002,2003,2004,2005,2006,2007,2008,2009,2010,2011,2012,2013,2014,2015,2016,2017
ABW,0.0,0.0,0.0,0.0,0.0,0.0,0.0,0.0,0.0,0.0,0.0,0.0,0.0,0.0,0.0,0.0,0.0,0.0,0.0,0.0,0.0,0.0,0.0,0.0,0.0,0.0,0.0,0.0
AFG,0.0010847,0.0011473,0.0012337,0.0013321,0.0014244,0.0015049000000000002,0.0015705,0.0016180999999999995,0.0016628,0.0017105,0.0017701,0.0018446,0.0019281,0.0020204,0.0021098,0.0021903,0.0022618,0.0023244,0.002381,0.0024436,0.0025121,0.0025866,0.0026701,0.0027477,0.0028211,0.0028944,0.0029677,0.003041
AGO,0.06675199999999999,0.068838,0.07122200000000001,0.07360599999999999,0.07599,0.078374,0.08075800000000001,0.082844,0.085228,0.087612,0.090592,0.093572,0.09685,0.10013,0.104,0.10758,0.11145,0.11533,0.1192,0.12337,0.12754,0.13172,0.13619,0.13812,0.1418,0.14548,0.14916,0.15284
AIA,0.0,0.0,0.0,0.0,0.0,0.0,0.0,0.0,0.0,0.0,0.0,0.0,0.0,0.0,0.0,0.0,0.0,0.0,0.0,0.0,0.0,0.0,0.0,0.0,0.0,0.0,0.0,0.0
ALB,0.0,0.0,0.0,0.0,0.0,0.0,0.0,0.0,0.0,0.0,0.0,0.0,0.0,0.0,0.0,0.0,0.0,0.0,0.0,0.0,0.0,0.0,0.0,0.0,0.0,0.0,0.0,0.0
AND,0.019753,0.019973,0.021098,0.02236,0.023255,0.024424,0.025685000000000003,0.025021,0.011729,0.0072164,0.0071939,0.0067553,0.0063161,0.006622499999999999,0.0059152,0.0057316,0.0045962,0.0041448,0.0038885,0.0036432,0.0035276,0.003165,0.0031223,0.0018886,0.0014283,0.00096796,0.00050764,0.00019949
ANT,0.0,0.0,0.0,0.0,0.0,0.0,0.0,0.0,0.0,0.0,0.0,0.0,0.0,0.0,0.0,0.0,0.0,0.0,0.0,0.0,0.0,0.0,0.0,0.0,0.0,0.0,0.0,0.0
ARE,0.08105599999999999,0.085824,0.090294,0.09536,0.10013,0.10519,0.11056,0.11622,0.12248,0.12903,0.13648,0.14423,0.15198,0.16241,0.1782,0.20085,0.23155,0.26909,0.30992,0.34568000000000004,0.3725,0.39038,0.4023,0.41514,0.43747,0.4598,0.48214,0.50447
ARG,0.050164,0.053610000000000005,0.053794000000000015,0.052894,0.057151,0.058280999999999986,0.067898,0.06147200000000001,0.060971,0.064897,0.07388099999999999,0.08795700000000001,0.084826,0.097305,0.10093,0.10046,0.10429,0.11487,0.093269,0.086311,0.10258,0.11227,0.10531,0.11802,0.12099,0.11843,0.1207,0.12298
ARM,0.012963,0.012844,0.012635,0.012337,0.012039,0.011801,0.011622,0.011473,0.011384,0.011324,0.011264,0.011205,0.011145,0.011115,0.011086,0.011026,0.010996,0.010937,0.010877,0.010847,0.010847,0.010877,0.010907,0.010748,0.010709,0.010671,0.010632,0.010593
ATA,0.0,0.0,0.0,0.0,0.0,0.0,0.0,0.0,0.0,0.0,0.0,0.0,0.0,0.0,0.0,0.0,0.0,0.0,0.0,0.0,0.0,0.0,0.0,0.0,0.0,0.0,0.0,0.0
ATG,2.0294e-07,2.0473e-07,2.08e-07,2.1277e-07,2.1814e-07,2.241e-07,2.3035e-07,2.3691e-07,2.4317e-07,2.4913e-07,2.5449e-07,2.5896e-07,2.6224e-07,2.6522e-07,2.679e-07,2.7058000000000003e-07,2.7356e-07,2.7654e-07,2.7982e-07,2.828e-07,2.8608000000000003e-07,2.8906e-07,2.9204e-07,2.9628e-07,2.9955e-07,3.0281999999999995e-07,3.0609e-07,3.0937e-07
AUS,1.1213,0.95026,1.2183,1.5136,1.4988,1.4984,1.6656,1.7158,1.8162,1.7696,1.8718,2.2236,2.3548,2.6363,2.6117,2.805,2.7710000000000004,2.8904,3.2446,3.1512,3.293,2.7152,2.5655,1.6248,1.554,1.703,1.5759999999999998,1.6822
AUT,1.1002,1.1149,1.0286,1.0682,1.0168,1.0475,1.0639,1.0527,1.0855,1.1112,1.1383,0.9682,0.97681,1.0387,0.44819,0.43043,0.42721,0.41362,0.46369,0.29904000000000003,0.20544,0.18682,0.18595,0.18559,0.18273,0.18032,0.1695,0.16993
AZE,0.026403,0.02685,0.027267000000000003,0.027714,0.028101,0.028459,0.028757,0.028995,0.029234,0.029472,0.029711,0.030098000000000007,0.030396,0.030694,0.030992,0.03129,0.031588,0.032184,0.032482,0.032780000000000004,0.033376,0.033674,0.03427,0.034321,0.034676,0.035031,0.035386,0.035741
BDI,0.0,0.0,0.0,0.0,0.0,0.0,0.0,0.0,0.0,0.0,0.0,0.0,0.0,0.0,0.0,0.0,0.0,0.0,0.0,0.0,0.0,0.0,0.0,0.0,0.0,0.0,0.0,0.0
BEL,4.0055,3.9073,3.5976,3.8323,4.3315,4.6707,5.0993,4.79,4.8458,4.6927,4.5421,4.3694,3.9574,3.2102,3.3828,3.3881,2.5755,1.9491,1.9393,2.0449,2.5878,1.4431,1.4888,1.3430000000000002,1.2602,1.078,1.0839,1.0657
BEN,0.0,0.0,0.0,0.0,0.0,0.0,0.0,0.0,0.0,0.0,0.0,0.0,0.0,0.0,0.0,0.0,0.0,0.0,0.0,0.0,0.0,0.0,0.0,0.0,0.0,0.0,0.0,0.0
BES,0.0,0.0,0.0,0.0,0.0,0.0,0.0,0.0,0.0,0.0,0.0,0.0,0.0,0.0,0.0,0.0,0.0,0.0,0.0,0.0,0.0,0.0,0.0,0.0,0.0,0.0,0.0,0.0
BFA,2.8876e-05,2.9681e-05,3.0396e-05,3.129e-05,3.2184e-05,3.3078000000000004e-05,3.3972e-05,3.4866e-05,3.6058e-05,3.6952e-05,3.8144e-05,3.9038e-05,4.023e-05,4.1422e-05,4.2614e-05,4.4104e-05,4.5296e-05,4.6786e-05,4.8276e-05,4.9766e-05,5.125600000000001e-05,5.274600000000001e-05,5.4236e-05,5.4977e-05,5.6291e-05,5.7606e-05,5.892e-05,6.0234e-05
BGD,0.0095062,0.0097446,0.0099532,0.010192,0.0104,0.010639,0.010877,0.011086,0.011324,0.011562,0.011801,0.012009,0.012248,0.012456,0.012635,0.012844,0.012993,0.013172,0.013321,0.01347,0.013619,0.013768,0.013946,0.014217,0.014401,0.014585,0.014769,0.014953
BGR,1.68,1.1649,0.98692,0.8735700000000001,0.9414,1.3832,1.4232,1.0731,0.66105,0.5525100000000001,0.81908,0.82171,0.68347,0.70936,0.8414799999999999,0.90479,0.49649,0.60665,0.58302,0.2847,0.28621,0.2521,0.15398,0.13795,0.1399,0.14065,0.1267,0.10551
BHR,0.0,0.0,0.0,0.0,0.0,0.0,0.0,0.0,0.0,0.0,0.0,0.0,0.0,0.0,0.0,0.0,0.0,0.0,0.0,0.0,0.0,0.0,0.0,0.0,0.0,0.0,0.0,0.0
BHS,8.4036e-07,8.552600000000002e-07,8.731399999999998e-07,8.880400000000002e-07,9.0294e-07,9.1784e-07,9.2976e-07,9.4168e-07,9.5062e-07,9.6254e-07,9.7744e-07,9.923399999999998e-07,1.0132e-06,1.0341e-06,1.0579e-06,1.0788e-06,1.0996e-06,1.1205e-06,1.1413e-06,1.1622e-06,1.1831e-06,1.2009e-06,1.2218e-06,1.2408e-06,1.2609e-06,1.281e-06,1.3011e-06,1.3213e-06
BIH,0.01484,0.014572,0.014125,0.013589,0.013112,0.012725,0.012516,0.012397,0.012397,0.012427,0.012456,0.012456,0.012486,0.012516,0.012546,0.012576,0.012605,0.012605,0.012605,0.012605,0.012576,0.012576,0.012576,0.012646,0.01266,0.012674,0.012688,0.012702
BLR,0.7148399999999999,0.70397,0.65435,0.55809,0.52025,0.64958,0.63855,0.62187,0.6147100000000001,0.66478,0.69547,0.68176,0.6761,0.68683,0.67938,0.67998,0.69309,0.71901,0.70173,0.68981,0.77861,0.72915,0.70531,0.71633,0.69786,0.71067,0.65494,0.711
BLZ,0.0,0.0,0.0,0.0,0.0,0.0,0.0,0.0,0.0,0.0,0.0,0.0,0.0,0.0,0.0,0.0,0.0,0.0,0.0,0.0,0.0,0.0,0.0,0.0,0.0,0.0,0.0,0.0
BOL,0.0,0.0,0.0,0.0,0.0,0.0,0.0,0.0,0.0,0.0,0.0,0.0,0.0,0.0,0.0,0.0,0.0,0.0,0.0,0.0,0.0,0.0,0.0,0.0,0.0,0.0,0.0,0.0
BRA,3.6728,4.4891,4.2054,5.3044,5.3634,5.6936,4.5341,4.0895,6.1483,6.1358,6.4574,5.3396,6.5667,6.1105,8.3538,7.4026,7.9709,1.4885,1.2939,0.77718,0.8355899999999999,0.8496,0.75305,0.74148,0.8063100000000001,0.7608699999999999,0.5605,0.5604899999999999
BRB,8.5228e-07,8.552600000000002e-07,8.582399999999998e-07,8.612200000000002e-07,8.642e-07,8.671799999999998e-07,8.731399999999998e-07,8.761200000000002e-07,8.791e-07,8.8208e-07,8.8506e-07,8.880400000000002e-07,8.9102e-07,8.9102e-07,8.94e-07,8.969799999999998e-07,9.0294e-07,9.0592e-07,9.089e-07,9.1188e-07,9.1784e-07,9.2082e-07,9.238e-07,9.2559e-07,9.2879e-07,9.32e-07,9.352e-07,9.384e-07
BRN,0.0,0.0,0.0,0.0,0.0,0.0,0.0,0.0,0.0,0.0,0.0,0.0,0.0,0.0,0.0,0.0,0.0,0.0,0.0,0.0,0.0,0.0,0.0,0.0,0.0,0.0,0.0,0.0
BTN,4.7978e-05,4.7978e-05,4.7382e-05,4.6488e-05,4.5892e-05,4.5594e-05,4.5892e-05,4.6786e-05,4.7978e-05,4.917e-05,5.066e-05,5.215e-05,5.364e-05,5.5428e-05,5.6918e-05,5.8408e-05,5.9898e-05,6.109e-05,6.2282e-05,6.3474e-05,6.466600000000001e-05,6.5858e-05,6.6752e-05,6.8952e-05,7.0334e-05,7.1717e-05,7.3099e-05,7.4482e-05
BVT,0.0,0.0,0.0,0.0,0.0,0.0,0.0,0.0,0.0,0.0,0.0,0.0,0.0,0.0,0.0,0.0,0.0,0.0,0.0,0.0,0.0,0.0,0.0,0.0,0.0,0.0,0.0,0.0
BWA,0.0,0.0,0.0,0.0,0.0,0.0,0.0,0.0,0.0,0.0,0.0,0.0,0.0,0.0,0.0,0.0,0.0,0.0,0.0,0.0,0.0,0.0,0.0,0.0,0.0,0.0,0.0,0.0
CAF,9.6254e-06,9.8638e-06,1.0132e-05,1.04e-05,1.0668e-05,1.0937e-05,1.1205e-05,1.1473e-05,1.1710999999999997e-05,1.198e-05,1.2218e-05,1.2427e-05,1.2665e-05,1.2874e-05,1.3082e-05,1.3291e-05,1.3529e-05,1.3768e-05,1.4036e-05,1.4304e-05,1.4572e-05,1.484e-05,1.5138e-05,1.527e-05,1.5509e-05,1.5747e-05,1.5986e-05,1.6224000000000006e-05
CAN,11.4629,10.8075,10.7599,9.9102,11.6484,11.4965,12.3141,10.7585,6.2658,3.2128,2.4938,2.4246,2.7955,2.7023,4.5624,4.1258,2.6779,2.8496,3.8856,2.0005,1.3023,1.3659,1.379,1.3104,1.3634,1.4864,1.4778,1.475
CHE,0.17193,0.1622,0.1504,0.1434,0.14723,0.14148,0.13452,0.12276,0.12081,0.11657,0.11662,0.11474,0.11534,0.10946,0.11057,0.10215,0.10542,0.1026,0.10947,0.099376,0.10225,0.094473,0.092883,0.06287000000000001,0.040467,0.039862,0.03813,0.038621
CHL,0.30974,0.30995,0.31013,0.31031,0.31052,0.25589,0.20374,0.17415,0.17712999999999998,0.2769,0.5201600000000001,0.49241,0.43587,0.39144,0.33789,0.27634000000000003,0.21427,0.29115,0.36805,0.44492,0.52183,0.53191,0.54202,0.5521199999999999,0.52248,0.49285,0.46322,0.55274
CHN,0.0,0.0,0.0,0.0,0.0,0.0,0.0,0.0,0.0,0.0,0.0,0.0,0.0,0.0,0.0,0.0,0.0,0.0,0.0,0.0,0.0,0.0,0.0,0.0,0.0,0.0,0.0,0.0
CIV,3.9932e-05,4.1422e-05,4.2912e-05,4.4104e-05,4.5594e-05,4.7084e-05,4.8574e-05,5.0064e-05,5.1554e-05,5.3044e-05,5.4236e-05,5.5428e-05,5.6322e-05,5.7216e-05,5.8408e-05,5.9302e-05,6.0494e-05,6.1686e-05,6.3176e-05,6.466600000000001e-05,6.5858e-05,6.764600000000001e-05,6.913600000000001e-05,6.9516e-05,7.0721e-05,7.1926e-05,7.3131e-05,7.4335e-05
CMR,3.9634e-05,4.0826e-05,4.2018e-05,4.321e-05,4.4402e-05,4.5594e-05,4.6786e-05,4.8276e-05,4.9468e-05,5.0958e-05,5.215e-05,5.364e-05,5.513e-05,5.6322e-05,5.7812e-05,5.9302e-05,6.109e-05,6.258e-05,6.407e-05,6.5858e-05,6.7348e-05,6.913600000000001e-05,7.0924e-05,7.1912e-05,7.3436e-05,7.496e-05,7.6484e-05,7.8008e-05
COD,0.0,0.0,0.0,0.0,0.0,0.0,0.0,0.0,0.0,0.0,0.0,0.0,0.0,0.0,0.0,0.0,0.0,0.0,0.0,0.0,0.0,0.0,0.0,0.0,0.0,0.0,0.0,0.0
COG,7.8374e-06,8.046e-06,8.2546e-06,8.4632e-06,8.671799999999999e-06,8.9102e-06,9.1784e-06,9.4168e-06,9.685e-06,9.9532e-06,1.0192e-05,1.043e-05,1.0668e-05,1.0907e-05,1.1175e-05,1.1473e-05,1.1831e-05,1.2188e-05,1.2576e-05,1.2963e-05,1.3320999999999997e-05,1.3708e-05,1.4036e-05,1.4179e-05,1.4493e-05,1.4806e-05,1.5119e-05,1.5432e-05
COK,0.0,0.0,0.0,0.0,0.0,0.0,0.0,0.0,0.0,0.0,0.0,0.0,0.0,0.0,0.0,0.0,0.0,0.0,0.0,0.0,0.0,0.0,0.0,0.0,0.0,0.0,0.0,0.0
COL,0.32869,0.33226999999999995,0.29502,0.27654,0.28638,0.27625,0.44819,0.4905100000000001,0.4911,0.46756,0.48306,0.43299,0.48127,0.56203,0.5715600000000001,0.6258,0.68004,0.72205,0.6958300000000001,0.68421,0.7891,0.90264,0.80192,0.77567,0.80596,0.8981299999999999,0.92695,0.95576
COM,1.3619e-06,1.4006e-06,1.4423e-06,1.487e-06,1.5287e-06,1.5734e-06,1.6152e-06,1.6599000000000004e-06,1.7046000000000004e-06,1.7493e-06,1.794e-06,1.8416e-06,1.8863e-06,1.931e-06,1.9787e-06,2.0264e-06,2.0771e-06,2.1277e-06,2.1814e-06,2.235e-06,2.2916e-06,2.3482e-06,2.4049e-06,2.4366e-06,2.4864e-06,2.5362e-06,2.5859e-06,2.6357e-06
CPV,0.0,0.0,0.0,0.0,0.0,0.0,0.0,0.0,0.0,0.0,0.0,0.0,0.0,0.0,0.0,0.0,0.0,0.0,0.0,0.0,0.0,0.0,0.0,0.0,0.0,0.0,0.0,0.0
CRI,0.11534,0.11534,0.16629000000000002,0.18775,0.19312,0.15289,0.22262,0.33377,0.25748000000000004,0.22798,0.059016999999999986,0.0026951,0.0026953000000000003,0.0029637,0.0029639,0.0029641,0.0040371,0.0043055,0.0029647,0.0037695,0.0040379,0.0040381,0.0040383,1.5530999999999994e-05,1.5737000000000002e-05,1.5942e-05,1.6147e-05,1.6352000000000002e-05
CUB,0.0,0.0,0.0,0.0,0.0,0.0,0.0,0.0,0.0,0.0,0.0,0.0,0.0,0.0,0.0,0.0,0.0,0.0,0.0,0.0,0.0,0.0,0.0,0.0,0.0,0.0,0.0,0.0
CUW,0.0,0.0,0.0,0.0,0.0,0.0,0.0,0.0,0.0,0.0,0.0,0.0,0.0,0.0,0.0,0.0,0.0,0.0,0.0,0.0,0.0,0.0,0.0,0.0,0.0,0.0,0.0,0.0
CYP,0.041303,0.042465,0.043568,0.044551,0.045415,0.04619,0.046905,0.047531,0.048067,0.048604,0.04911,0.049677,0.050213,0.050869,0.051614,0.052359,0.053342,0.054623000000000005,0.056084,0.057663,0.059092999999999986,0.06067300000000001,0.060941,0.060375,0.05963,0.059689,0.060166,0.060822
CZE,1.331,0.95377,1.1346,0.92565,1.1232,1.2537,1.2128,1.2443,1.3174,1.1272,1.2485,1.237,1.104,1.1015,1.2229,1.1676,1.0712,0.92708,0.90131,0.75158,0.62416,0.66746,0.67589,0.5101,0.54798,0.5774,0.50652,0.42757
DEU,23.3918,24.0518,26.5167,24.4173,27.1189,25.2095,26.4344,23.7691,10.9035,6.8118,6.4799,8.3635,8.786,8.822000000000003,10.1475,8.6271,8.4587,10.9764,9.6256,9.9737,1.8671,1.4797,1.2008,1.2337,1.1397,1.1639,1.093,1.0935
DJI,1.9281e-06,2.0026e-06,2.0562e-06,2.0949e-06,2.1307e-06,2.1665e-06,2.2082e-06,2.2469e-06,2.2886e-06,2.3304e-06,2.3691e-06,2.4049e-06,2.4436e-06,2.4794e-06,2.5151e-06,2.5509e-06,2.5866000000000004e-06,2.6194e-06,2.6552e-06,2.688e-06,2.7237e-06,2.7595e-06,2.7952e-06,2.8334e-06,2.8691e-06,2.9049e-06,2.9407e-06,2.9764e-06
DMA,2.3244e-07,2.3214e-07,2.3274e-07,2.3333e-07,2.3393e-07,2.3393e-07,2.3333e-07,2.3184e-07,2.3035e-07,2.2916e-07,2.2827e-07,2.2827e-07,2.2886e-07,2.2976e-07,2.3065e-07,2.3125e-07,2.3184e-07,2.3214e-07,2.3244e-07,2.3274e-07,2.3333e-07,2.3393e-07,2.3512e-07,2.3469e-07,2.3513e-07,2.3556e-07,2.36e-07,2.3643e-07
DNK,1.0205,0.93657,0.8296399999999999,0.78293,0.79409,0.8891700000000001,0.8216899999999999,0.83468,0.79509,0.93535,0.98511,0.87092,0.76457,0.8817299999999999,0.53273,0.6615800000000001,0.039226,0.038808,0.032286,0.028654,0.029322000000000008,0.22408000000000006,0.37225,0.018605,0.018321,0.019857,0.019069,0.019369
DOM,2.3542e-05,2.4019e-05,2.4496e-05,2.4943e-05,2.5419e-05,2.5866e-05,2.6313e-05,2.676e-05,2.7207e-05,2.7625e-05,2.8072e-05,2.8519000000000006e-05,2.8966e-05,2.9383000000000006e-05,2.98e-05,3.0396e-05,3.0694e-05,3.129e-05,3.1588e-05,3.1886e-05,3.2482e-05,3.278e-05,3.3376e-05,3.3763e-05,3.4199e-05,3.4635e-05,3.5072e-05,3.5508e-05
DZA,0.40391,0.47009,0.43195,0.52195,0.41225,0.16247,0.095926,0.21709,0.33969,0.52776,0.63265,0.80877,0.68987,0.72325,0.7444,0.745,0.2679,1.2138,1.2144,1.2149,1.2155,1.2161,1.2167,1.3339,1.3942,1.4545,1.5148,1.5751
ECU,0.0091486,0.0093572,0.0095658,0.0098042,0.010013,0.010221,0.01046,0.010668,0.010877,0.011086,0.011294,0.011503,0.011682,0.01189,0.012069,0.012278,0.012486,0.012695,0.012933000000000002,0.013142,0.01335,0.013559,0.013797,0.013964,0.014171,0.014377,0.014584,0.014791
EGY,1.3875,1.3142,2.7011,2.735,2.9508,3.1606,3.3108,3.0018,3.1937,3.0369,3.2258,3.0780000000000003,2.9186,3.0509,3.1415,3.143,3.2038,3.7119,4.2197,4.4,5.5339,5.5356,5.5374,5.3244,5.5155,5.7066,5.8977,6.0888
ERI,0.0,0.0,0.0,0.0,0.0,0.0,0.0,0.0,0.0,0.0,0.0,0.0,0.0,0.0,0.0,0.0,0.0,0.0,0.0,0.0,0.0,0.0,0.0,0.0,0.0,0.0,0.0,0.0
ESP,3.234,2.8193,2.6334,2.3656,2.7787,2.9947,3.0864,3.0046,2.859,2.9841,2.8948,2.7562,2.4767,2.2835,2.0482,2.2487,2.1531,1.9583,1.9074,1.7992,1.4128,1.0478,0.88403,0.82716,0.81524,0.73449,0.76495,0.73418
EST,0.0054488,0.0057937,0.00447,0.004619,0.005065999999999999,0.005364,0.005662,0.00596,0.006258,0.006854000000000001,0.00745,0.006511199999999999,0.0058217,0.0058317,0.0059396,0.0059235,0.0051378,0.004482,0.0047037,0.0042678,0.0046177,0.004712600000000001,0.004192899999999999,0.0039255,0.0031517,0.0031686,0.003118,0.0028439
ETH,0.00015764,0.0001633,0.00016926,0.00017522,0.00018148,0.00018774,0.0001937,0.00019966,0.00020562,0.00021158,0.00021784,0.0002241,0.00023065,0.00023751,0.00024436,0.00025121,0.00025807,0.00026522,0.00027237,0.00027952,0.00028697,0.00029442,0.00030098,0.00030706,0.00031394,0.00032082,0.00032769999999999994,0.00033458
FIN,1.6578,1.4483,1.3182,1.3735,1.4455,1.4723,1.4727,1.4534,1.3884,1.3603,1.3666,1.294,1.331,1.3974,1.482,1.6112,1.4263,1.4626,1.5563,0.7922,0.1929,0.16133,0.19111,0.23934,0.23272,0.28359,0.24377,0.2574
FJI,0.0,0.0,0.0,0.0,0.0,0.0,0.0,0.0,0.0,0.0,0.0,0.0,0.0,0.0,0.0,0.0,0.0,0.0,0.0,0.0,0.0,0.0,0.0,0.0,0.0,0.0,0.0,0.0
FRA,23.7809,24.0057,24.4609,24.4646,25.1144,25.9339,26.4204,25.8353,18.6288,13.3973,11.9256,11.9267,9.612,9.4706,6.7073,6.7617,6.0534,5.6334,4.6413,3.9273,2.2883,1.3876,1.0224,1.0025,1.185,1.2925,1.0291,1.66
FSM,0.0,0.0,0.0,0.0,0.0,0.0,0.0,0.0,0.0,0.0,0.0,0.0,0.0,0.0,0.0,0.0,0.0,0.0,0.0,0.0,0.0,0.0,0.0,0.0,0.0,0.0,0.0,0.0
GAB,3.129e-06,3.218399999999999e-06,3.3078e-06,3.3674e-06,3.4568e-06,3.576e-06,3.6654e-06,3.7548e-06,3.8442e-06,3.9336e-06,4.023e-06,4.1422e-06,4.2316e-06,4.3210000000000015e-06,4.4104e-06,4.5296e-06,4.619e-06,4.7084e-06,4.8276e-06,4.9468e-06,5.066e-06,5.1852e-06,5.2746e-06,5.3583e-06,5.4609000000000005e-06,5.5635e-06,5.6661e-06,5.7687e-06
GBR,24.4086,24.5773,20.221,16.4346,16.4147,14.9035,14.8003,14.9798,15.2533,5.7536,5.9417,5.2457,3.6462,3.4157,4.3308,3.6624,3.1062,3.5361,3.3509,1.961,2.0858,1.1587,0.9149,0.86272,0.8862,0.84864,0.8587899999999999,0.8891600000000001
GEO,0.57476,0.56338,0.57434,0.5897100000000001,0.59609,0.38688,0.41806,0.55483,0.42207,0.4533100000000001,0.4733100000000001,0.31516,0.31496,0.31475,0.46655,0.55279,0.56453,0.6359,0.41225,0.74583,0.78055,0.80186,0.7942899999999999,0.8074600000000001,0.84704,0.88264,0.91824,0.95384
GHA,4.7978e-05,4.917e-05,5.066e-05,5.215e-05,5.364e-05,5.4832e-05,5.6322e-05,5.7514e-05,5.9004e-05,6.0196e-05,6.1686e-05,6.3176e-05,6.4964e-05,6.6454e-05,6.8242e-05,7.003e-05,7.1818e-05,7.3904e-05,7.569199999999999e-05,7.7778e-05,7.9566e-05,8.1652e-05,8.373799999999999e-05,8.482200000000001e-05,8.6609e-05,8.8396e-05,9.0183e-05,9.197e-05
GIN,0.0,0.0,0.0,0.0,0.0,0.0,0.0,0.0,0.0,0.0,0.0,0.0,0.0,0.0,0.0,0.0,0.0,0.0,0.0,0.0,0.0,0.0,0.0,0.0,0.0,0.0,0.0,0.0
GMB,3.009800000000001e-06,3.0992000000000008e-06,3.218399999999999e-06,3.3078e-06,3.3972000000000007e-06,3.4866e-06,3.6058e-06,3.6952e-06,3.7846e-06,3.9038e-06,4.023e-06,4.1422e-06,4.2912e-06,4.4402e-06,4.5594e-06,4.7084e-06,4.8872e-06,5.0362e-06,5.215e-06,5.364e-06,5.5428e-06,5.7216e-06,5.9302e-06,5.9901e-06,6.1426e-06,6.2951e-06,6.4476e-06,6.6001e-06
GNB,0.0,0.0,0.0,0.0,0.0,0.0,0.0,0.0,0.0,0.0,0.0,0.0,0.0,0.0,0.0,0.0,0.0,0.0,0.0,0.0,0.0,0.0,0.0,0.0,0.0,0.0,0.0,0.0
GNQ,1.2367e-06,1.2784e-06,1.3231e-06,1.3708e-06,1.4215e-06,1.4691e-06,1.5197999999999996e-06,1.5734e-06,1.6271e-06,1.6837e-06,1.7403e-06,1.7999e-06,1.8595e-06,1.9221e-06,1.9877e-06,2.0502000000000003e-06,2.1158e-06,2.1814e-06,2.2499000000000003e-06,2.3184e-06,2.39e-06,2.4615e-06,2.536e-06,2.5807e-06,2.6456e-06,2.7105e-06,2.7753e-06,2.8402e-06
GRC,1.1994,1.0133,1.0552,1.0102,0.98726,0.98404,1.1048,0.98842,0.8392700000000001,0.8668299999999999,0.8847299999999999,0.76681,0.74397,0.6965100000000001,0.66975,0.66855,0.56994,0.56731,0.55125,0.4986,0.55712,0.60159,0.43964,0.16435999999999998,0.16878,0.16155999999999998,0.1556,0.1599
GRD,0.0,0.0,0.0,0.0,0.0,0.0,0.0,0.0,0.0,0.0,0.0,0.0,0.0,0.0,0.0,0.0,0.0,0.0,0.0,0.0,0.0,0.0,0.0,0.0,0.0,0.0,0.0,0.0
GTM,3.0098e-05,3.0694e-05,3.1588e-05,3.2184e-05,3.3078000000000004e-05,3.3972e-05,3.4866e-05,3.576e-05,3.6654e-05,3.725e-05,3.8442e-05,3.9336e-05,4.023e-05,4.1124e-05,4.231600000000001e-05,4.321e-05,4.4104e-05,4.5296e-05,4.619e-05,4.7382e-05,4.8276e-05,4.9468e-05,5.0362e-05,5.127e-05,5.2265e-05,5.326e-05,5.4256e-05,5.5251e-05
GUY,0.0,0.0,0.0,0.0,0.0,0.0,0.0,0.0,0.0,0.0,0.0,0.0,0.0,0.0,0.0,0.0,0.0,0.0,0.0,0.0,0.0,0.0,0.0,0.0,0.0,0.0,0.0,0.0
HKG,0.0,0.0,0.0,0.0,0.0,0.0,0.0,0.0,0.0,0.0,0.0,0.0,0.0,0.0,0.0,0.0,0.0,0.0,0.0,0.0,0.0,0.0,0.0,0.0,0.0,0.0,0.0,0.0
HND,1.6062e-05,1.6539000000000002e-05,1.6986e-05,1.7433e-05,1.788e-05,1.8327e-05,1.8774e-05,1.9191e-05,1.9608e-05,2.0055e-05,2.0473e-05,2.089e-05,2.1307e-05,2.1724e-05,2.2141e-05,2.2559e-05,2.2976e-05,2.3393e-05,2.381e-05,2.4198e-05,2.4585e-05,2.4972e-05,2.536e-05,2.5829e-05,2.6241e-05,2.6652e-05,2.7064e-05,2.7475e-05
HRV,0.78764,0.69616,0.8986,0.6855899999999999,0.73964,0.71125,0.6651100000000001,0.69844,0.5340600000000001,0.62359,0.72732,0.61578,0.6000800000000001,0.5692699999999999,0.68484,0.6701199999999999,0.6627,0.72775,0.74316,0.6260399999999999,0.7960699999999999,0.7865300000000001,0.6946899999999999,0.28236999999999995,0.2853,0.34159,0.16538,0.16093
HTI,0.0,0.0,0.0,0.0,0.0,0.0,0.0,0.0,0.0,0.0,0.0,0.0,0.0,0.0,0.0,0.0,0.0,0.0,0.0,0.0,0.0,0.0,0.0,0.0,0.0,0.0,0.0,0.0
HUN,3.2229,1.6802,0.97602,1.4171,2.0674,1.4179,1.9677,1.8934,1.6037,1.4142,1.8241,1.9744,1.2985,1.3682,1.8058,1.784,1.4793,0.98058,0.12089,0.10534,0.099111,0.098867,0.099952,0.1204,0.17993,0.15015,0.14644,0.14063
IDN,0.11377,0.10241,0.093315,0.13424,0.14334000000000002,0.13879,0.13197,0.09787,0.19109,0.24338,0.14335,0.14335,0.14335,0.14335,0.14335,0.14335,0.14336,0.14336,0.14336,0.14336,0.086646,0.085686,0.31447,0.36735,0.39907,1.2527,1.2364,1.3729
IND,1.819,1.9573,2.227,2.8592,2.7666,2.8285,2.8454,3.1356,3.3682,3.318,3.9089,4.0429,4.3885,5.2313,6.1562,7.1107,8.0488,8.8832,10.3188,12.3375,2.5273,2.5288,2.5303,6.8654,7.0178,7.1701,7.3225,7.4748
IOT,0.0,0.0,0.0,0.0,0.0,0.0,0.0,0.0,0.0,0.0,0.0,0.0,0.0,0.0,0.0,0.0,0.0,0.0,0.0,0.0,0.0,0.0,0.0,0.0,0.0,0.0,0.0,0.0
IRL,1.0267,0.81252,0.8127800000000001,0.81295,0.81306,0.81319,0.81342,0.81376,0.8141,0.81445,0.81488,0.59612,0.30862,0.1851,0.14096,0.048414,0.037842,0.03912,0.040097,0.040529,0.04072,0.0409,0.040993,0.041062,0.04121,0.04144,0.042571,0.042774
IRN,2.8399,2.8528,3.0247,2.9889,3.0307,3.0396,3.272,3.3495,3.3763,3.3823,3.43,3.5075,3.5909,3.6475,14.5722,11.473,10.0426,15.2278,7.6884,4.0647,4.1869,4.2167,4.2465,7.816,7.9875,8.1591,8.3306,8.5022
IRQ,0.0,0.0,0.0,0.0,0.0,0.0,0.0,0.0,0.0,0.0,0.0,0.0,0.0,0.0,0.0,0.0,0.0,0.0,0.0,0.0,0.0,0.0,0.0,0.0,0.0,0.0,0.0,0.0
ISL,0.052346,0.050313,0.044957,0.046966,0.046833,0.044747,0.052023,0.044168,0.039256,0.039644,0.022468,0.019787,0.017008000000000002,0.017855000000000003,0.017797,0.017467,0.019083000000000003,0.015553,0.019143,0.017618,0.018161,0.018271000000000003,0.018176,0.012389,0.011142,0.010188,0.008564,0.0073691999999999985
ISR,0.96006,1.0231,0.90948,0.90663,0.94808,0.90833,0.88631,1.0824,1.1122,1.0326,0.89976,0.9017,1.0755,1.1986,1.2797,1.2893,1.2572,1.3407,1.3112,1.1738,1.2594,1.0401,1.3422,1.3162,1.3673,1.3192,1.3613,1.3775
ITA,7.1988,7.5333,7.0244,7.1962,6.8006,7.7008,7.633999999999999,7.6706,7.8856,8.0134,8.5985,8.8086,8.4889,8.1033,8.9283,8.2514,3.3211,2.5751,1.7234,1.743,1.224,0.83836,0.82724,0.77307,0.6308199999999999,0.61269,0.6288100000000001,0.69065
JAM,0.0,0.0,0.0,0.0,0.0,0.0,0.0,0.0,0.0,0.0,0.0,0.0,0.0,0.0,0.0,0.0,0.0,0.0,0.0,0.0,0.0,0.0,0.0,0.0,0.0,0.0,0.0,0.0
JOR,0.15049,0.15854,0.16777,0.17731,0.18595,0.1934,0.19936,0.20353,0.20711,0.21009,0.21367,0.21724,0.22112,0.22588000000000005,0.23155,0.239,0.24764,0.25807,0.26909,0.28072,0.29204,0.30396,0.3129,0.31078,0.31855,0.32631,0.33407,0.34184000000000003
JPN,9.9107,9.4331,9.3989,9.1311,10.2086,10.114,11.1173,11.7211,10.4282,4.2186,6.7198,3.3582,3.2222,3.2676,3.4234,2.926,3.1428,2.3423,2.5413,2.6187,2.088,1.7772,1.6003,1.6178,1.6057,1.1994,1.1046,1.015
KAZ,0.028702,0.028689,0.028645,0.028581,0.028503,0.028416000000000007,0.028327,0.028243,0.02817,0.02812,0.028098,0.028143,0.028277,0.028474,0.028710000000000006,0.028959,0.022976,0.12175,0.11913,0.087806,0.095971,0.13049000000000002,0.097288,0.10371,0.16365,0.42763,0.19839,0.20913
KEN,7.688399999999999e-05,7.9566e-05,8.195e-05,8.463200000000001e-05,8.7314e-05,8.9698e-05,9.2082e-05,9.4466e-05,9.685e-05,9.9234e-05,0.00010192,0.0001043,0.00010728,0.00010996,0.00011294,0.00011592,0.0001189,0.00012218,0.00012546,0.00012874,0.00013231,0.00013589,0.00013946,0.00014112,0.00014417,0.00014722,0.00015026,0.00015331
KGZ,0.00039336,0.00039932,0.0004023,0.00040528,0.00040826,0.00041124,0.0004172,0.00042614,0.0004321,0.00043806,0.00044402,0.00044998,0.00045296,0.00045296,0.00045594,0.00045892,0.00046488,0.00047084,0.0004768,0.00048276,0.0004917,0.00049766,0.0005066,0.00050407,0.00050895,0.00051382,0.0005187,0.00052357
KHM,0.0,0.0,0.0,0.0,0.0,0.0,0.0,0.0,0.0,0.0,0.0,0.0,0.0,0.0,0.0,0.0,0.0,0.0,0.0,0.0,0.0,0.0,0.0,0.0,0.0,0.0,0.0,0.0
KIR,0.0,0.0,0.0,0.0,0.0,0.0,0.0,0.0,0.0,0.0,0.0,0.0,0.0,0.0,0.0,0.0,0.0,0.0,0.0,0.0,0.0,0.0,0.0,0.0,0.0,0.0,0.0,0.0
KNA,0.0,0.0,0.0,0.0,0.0,0.0,0.0,0.0,0.0,0.0,0.0,0.0,0.0,0.0,0.0,0.0,0.0,0.0,0.0,0.0,0.0,0.0,0.0,0.0,0.0,0.0,0.0,0.0
KOR,0.15506,0.37856,2.3364,2.3483,2.5778,3.0665,3.4748,4.1781,4.7979,5.7277,6.5204,6.8929,6.6485,9.8639,12.1436,10.3139,9.551,0.87624,0.2713,0.2266,0.19978,0.30408,0.20276,0.2564,0.3458,0.00012042,0.00012111,0.0001218
KWT,0.0,0.0,0.0,0.0,0.0,0.0,0.0,0.0,0.0,0.0,0.0,0.0,0.0,0.0,0.0,0.0,0.0,0.0,0.0,0.0,0.0,0.0,0.0,0.0,0.0,0.0,0.0,0.0
LAO,0.0,0.0,0.0,0.0,0.0,0.0,0.0,0.0,0.0,0.0,0.0,0.0,0.0,0.0,0.0,0.0,0.0,0.0,0.0,0.0,0.0,0.0,0.0,0.0,0.0,0.0,0.0,0.0
LBN,0.12099,0.12337,0.12635,0.12993,0.13321,0.13589,0.13768,0.13857,0.13946,0.14125,0.14483,0.15049,0.15764,0.16569,0.17314000000000002,0.1785,0.18178,0.18297,0.18416,0.18714,0.1943,0.20562,0.22052,0.21584,0.22109,0.22635,0.2316,0.23685
LBR,0.0,0.0,0.0,0.0,0.0,0.0,0.0,0.0,0.0,0.0,0.0,0.0,0.0,0.0,0.0,0.0,0.0,0.0,0.0,0.0,0.0,0.0,0.0,0.0,0.0,0.0,0.0,0.0
LBY,0.0,0.0,0.0,0.0,0.0,0.0,0.0,0.0,0.0,0.0,0.0,0.0,0.0,0.0,0.0,0.0,0.0,0.0,0.0,0.0,0.0,0.0,0.0,0.0,0.0,0.0,0.0,0.0
LCA,4.529600000000001e-07,4.5892e-07,4.6488e-07,4.7084e-07,4.768e-07,4.8276e-07,4.8872e-07,4.946800000000001e-07,5.0064e-07,5.095799999999999e-07,5.155399999999999e-07,5.215e-07,5.2448e-07,5.3044e-07,5.364e-07,5.4236e-07,5.4832e-07,5.572600000000001e-07,5.662e-07,5.7514e-07,5.811e-07,5.8706e-07,5.9302e-07,5.9864e-07,6.0523e-07,6.118199999999999e-07,6.184000000000001e-07,6.2499e-07
LIE,0.00067184,0.00063608,0.00060138,0.0005654,0.00057289,0.00054618,0.0005225,0.00048096,0.00047613,0.00045422,0.00045763,0.00044937,0.00045978,0.00044006,0.00045126,0.00042081,0.00043442,0.00043525,0.00049125,0.00046858,0.00054402,0.00050504,0.00052344,0.00052374,0.00053598,0.00054825,0.00056007,0.00057474
LKA,0.0015556,0.0015764000000000002,0.0015943,0.0016092,0.0016241,0.001639,0.0016509,0.0016599,0.0016687999999999998,0.0016777,0.0016867000000000002,0.0016986,0.0017105,0.0017254000000000002,0.0017403,0.0017522000000000002,0.0017671,0.0017791,0.001791,0.0018029,0.0018148,0.0018238,0.0018327000000000005,0.0018502,0.0018626,0.0018749000000000003,0.0018872,0.0018996
LSO,0.0095956,0.0097744,0.009983,0.010162,0.01037,0.010519,0.010698,0.010817,0.010937,0.011056,0.011145,0.011235,0.011324,0.011413,0.011473,0.011562,0.011652,0.011741,0.01186,0.01195,0.012069,0.012218,0.012367,0.012369,0.012465,0.012561,0.012657,0.012753
LTU,0.98905,1.0314,0.77663,0.81011,0.65037,0.71246,0.94384,1.0314,1.307,1.3699,1.5929,1.7471,1.8814,1.9536,2.1527,2.3893,2.3681,3.0226,2.8009,0.64317,0.56104,0.85649,0.57792,0.34068000000000004,0.33695,0.26278,0.21419,0.23271
LUX,0.0091858,0.0088638,0.0085176,0.0082024,0.007898,0.007584899999999999,0.0072590000000000016,0.006934899999999999,0.0066075000000000005,0.0062705,0.0059153,0.0055402,0.005587699999999999,0.0054238,0.0049435,0.0046095,0.0049067,0.0052380000000000005,0.0056906000000000005,0.005055,0.0039529000000000005,0.0037954,0.0036715,0.0033563000000000004,0.0035759,0.0034792,0.0041256,0.0042351
LVA,0.0032509,0.0032387,0.0032202,0.0031504,0.0030958,0.0030467,0.0030089,0.0029789,0.0029495000000000003,0.0029232,0.0028966,0.0028674,0.0028278,0.0028016,0.0027737,0.0027411,0.0027144,0.0026912,0.0024941,0.0031047,0.0030618000000000004,0.0034961,0.0033105,0.0034323,0.0034756,0.0035716000000000007,0.0034584000000000004,0.0036922
MAC,0.0,0.0,0.0,0.0,0.0,0.0,0.0,0.0,0.0,0.0,0.0,0.0,0.0,0.0,0.0,0.0,0.0,0.0,0.0,0.0,0.0,0.0,0.0,0.0,0.0,0.0,0.0,0.0
MAR,0.024708,0.025162,0.025616000000000003,0.026071,0.026495,0.02692,0.027314,0.027679,0.028046,0.028386,0.02873,0.029049,0.029341,0.029633,0.029928,0.03022,0.030539,0.030855,0.031168,0.031481,0.032092,0.032402,0.033009,0.033008,0.033344,0.033679,0.034014,0.03435
MCO,0.010628,0.0104,0.01066,0.011015,0.011251,0.011708,0.012328,0.012125,0.0057271,0.0035265,0.0036117,0.0034659999999999995,0.0031811,0.0032375,0.002806,0.0026212,0.0026355000000000003,0.0030124,0.0029776,0.0030522,0.0031034,0.0029109,0.0029164,0.0020476,0.001437,0.00093624,0.00067293,0.00033454
MDA,2.98e-05,2.98e-05,2.98e-05,2.98e-05,2.98e-05,0.0,0.0,0.0,0.0,0.0,0.0,0.0,0.0,0.0,2.98e-05,2.98e-05,2.98e-05,2.9562e-05,2.9562e-05,2.9323e-05,2.9323e-05,2.9323e-05,2.9323e-05,4.0376e-05,4.3208e-05,4.604e-05,4.8871000000000014e-05,5.1703e-05
MDG,3.7846e-05,3.9038e-05,4.023e-05,4.1422e-05,4.2614e-05,4.4104e-05,4.5594e-05,4.7084e-05,4.8574e-05,5.0064e-05,5.1554e-05,5.3342e-05,5.4832e-05,5.662e-05,5.811e-05,5.9898e-05,6.1686e-05,6.3474e-05,6.5262e-05,6.705e-05,6.913600000000001e-05,7.0924e-05,7.301e-05,7.4165e-05,7.5906e-05,7.7647e-05,7.9389e-05,8.113e-05
MDV,0.0,0.0,0.0,0.0,0.0,0.0,0.0,0.0,0.0,0.0,0.0,0.0,0.0,0.0,0.0,0.0,0.0,0.0,0.0,0.0,0.0,0.0,0.0,0.0,0.0,0.0,0.0,0.0
MEX,0.95695,1.1046,0.70476,0.78428,0.8535299999999999,1.3936,1.6872,1.3785,1.2861,1.1203,0.65167,0.5647800000000001,0.42162,0.43578,0.4366600000000001,0.44395,0.47254,0.4668600000000001,0.37778,0.40919,0.80792,0.82053,0.80702,0.79613,0.78906,0.79494,0.84205,0.87359
MHL,0.00028697,0.00029413,0.00030098,0.00030396,0.00030694,0.00030992,0.0003129,0.0003129,0.00031588,0.00031588,0.00031588,0.00031588,0.00031588,0.00031588,0.00031588,0.00031588,0.00031588,0.00031588,0.00031588,0.00031886,0.00031886,0.00031886,0.00031886,0.00031855,0.00031878,0.00031902,0.00031925,0.00031948
MKD,0.0,0.0,0.0,0.0,0.0,0.0,0.0,0.0,0.0,0.0,0.0,0.0,0.0,0.0,0.0,0.0,0.0,0.0,0.0,0.0,0.0,0.0,0.0,0.0,0.0,0.0,0.0,0.0
MLI,2.7803e-05,2.8429e-05,2.9144e-05,2.98e-05,3.0694e-05,3.1588e-05,3.2482e-05,3.3376e-05,3.427e-05,3.5164000000000004e-05,3.6356e-05,3.725e-05,3.8442e-05,3.9634e-05,4.0826e-05,4.231600000000001e-05,4.3508e-05,4.4998e-05,4.6488e-05,4.8276e-05,4.9766e-05,5.125600000000001e-05,5.274600000000001e-05,5.345600000000001e-05,5.4793e-05,5.6131e-05,5.7469e-05,5.8807e-05
MLT,0.0026426,0.0026453,0.0026479,0.0026505,0.0026528000000000003,0.0026541,0.0026562,0.0026582,0.0026598000000000004,0.0028878,0.0031653,0.0025119,0.0027373,0.0025692,0.0025623,0.0024566,0.0022336,0.0028949,0.0023088,0.0018287,0.0015300999999999995,0.0015518,0.0021274,0.0014457,0.00088071,0.00065937,0.0020013,0.00079155
MMR,0.0,0.0,0.0,0.0,0.0,0.0,0.0,0.0,0.0,0.0,0.0,0.0,0.0,0.0,0.0,0.0,0.0,0.0,0.0,0.0,0.0,0.0,0.0,0.0,0.0,0.0,0.0,0.0
MNE,0.062623,0.051280999999999986,0.047486,0.031897,0.041163,0.04277,0.052455,0.051798,0.040167,0.039825,0.038431,0.042173,0.03993,0.040011,0.041468,0.040565,0.025552,0.037214,0.023456,0.021887,0.019897,0.019915,0.018863,0.017957,0.016123,0.01429,0.012457,0.010623
MNG,0.00019608,0.00019906,0.00020145,0.00020324,0.00020473,0.00020622,0.000208,0.00020979,0.00021158,0.00021337,0.00021516,0.00021724,0.00021933,0.00022171,0.0002241,0.00022678,0.00022976,0.00023274,0.00023602,0.00023959,0.00024347,0.00024764,0.00025211,0.00025151,0.00025436,0.00025721,0.00026006,0.00026291
MOZ,0.0,0.0,0.0,0.0,0.0,0.0,0.0,0.0,0.0,0.0,0.0,0.0,0.0,0.0,0.0,0.0,0.0,0.0,0.0,0.0,0.0,0.0,0.0,0.0,0.0,0.0,0.0,0.0
MRT,6.6454e-06,6.8242e-06,7.003e-06,7.2116e-06,7.4202e-06,7.6586e-06,7.8672e-06,8.105599999999999e-06,8.3738e-06,8.6122e-06,8.880399999999999e-06,9.1784e-06,9.4466e-06,9.7446e-06,1.0043e-05,1.0341e-05,1.0639e-05,1.0907e-05,1.1205e-05,1.1473e-05,1.1771e-05,1.2069e-05,1.2367e-05,1.2637e-05,1.2925e-05,1.3212e-05,1.35e-05,1.3787e-05
MSR,0.0,0.0,0.0,0.0,0.0,0.0,0.0,0.0,0.0,0.0,0.0,0.0,0.0,0.0,0.0,0.0,0.0,0.0,0.0,0.0,0.0,0.0,0.0,0.0,0.0,0.0,0.0,0.0
MUS,0.0,0.0,0.0,0.0,0.0,0.0,0.0,0.0,0.0,0.0,0.0,0.0,0.0,0.0,0.0,0.0,0.0,0.0,0.0,0.0,0.0,0.0,0.0,0.0,0.0,0.0,0.0,0.0
MWI,0.05662,0.057812,0.05811,0.05811,0.058408,0.059004,0.06019600000000001,0.06168600000000001,0.063474,0.065262,0.067348,0.069136,0.070924,0.072712,0.0745,0.076586,0.078672,0.08105599999999999,0.08344,0.086122,0.088804,0.091486,0.094168,0.094889,0.097053,0.099216,0.10138,0.10354
MYS,4.3508e-05,4.47e-05,0.048322,0.059051,0.07782599999999999,0.093919,0.10465,0.19047,0.1717,0.34573000000000004,0.47388,0.26557,0.34872,0.36362,0.37554,0.37554,0.39342,0.40534,0.5305,0.6944100000000001,0.8404299999999999,0.8404299999999999,0.8404299999999999,0.82275,0.86505,0.90735,0.94965,0.99195
NAM,0.008493,0.0088208,0.009089,0.0093572,0.0096552,0.0099234,0.010251,0.010549,0.010877,0.011145,0.011413,0.011592,0.011771,0.01189,0.012039,0.012188,0.012337,0.012516,0.012695,0.012933000000000002,0.013172,0.01347,0.013768,0.013758,0.013946,0.014134,0.014322,0.01451
NER,0.0,0.0,0.0,0.0,0.0,0.0,0.0,0.0,0.0,0.0,0.0,0.0,0.0,0.0,0.0,0.0,0.0,0.0,0.0,0.0,0.0,0.0,0.0,0.0,0.0,0.0,0.0,0.0
NGA,0.0003129,0.00032184,0.00033078,0.00033674,0.00034568,0.00035462,0.00036356,0.0003725,0.00038442,0.00039336,0.0004023,0.00041422,0.00042316,0.00043508,0.000447,0.00045892,0.00047084,0.00048276,0.00049468,0.00050958,0.0005214999999999999,0.0005364,0.0005513,0.00055706,0.00056898,0.0005809,0.00059282,0.00060474
NIC,0.0,0.0,0.0,0.0,0.0,0.0,0.0,0.0,0.0,0.0,0.0,0.0,0.0,0.0,0.0,0.0,0.0,0.0,0.0,0.0,0.0,0.0,0.0,0.0,0.0,0.0,0.0,0.0
NIU,0.0,0.0,0.0,0.0,0.0,0.0,0.0,0.0,0.0,0.0,0.0,0.0,0.0,0.0,0.0,0.0,0.0,0.0,0.0,0.0,0.0,0.0,0.0,0.0,0.0,0.0,0.0,0.0
NLD,7.2934,7.2970000000000015,7.3536,7.8275,7.6597,7.285,7.2928,7.2174,7.2296,6.89,7.0311,6.4037,6.127000000000002,6.1841,6.7691,6.8039,6.7628,5.4492,1.8177,1.8949,1.6201,1.6217,1.6252,1.6312,1.6952,1.6943,1.492,1.5733
NOR,2.0906,1.941,1.4089,1.617,1.6859,1.6878,1.6709,1.6569,1.7363,1.961,1.7802,1.7311,1.979,1.7882,1.9258,2.0233,1.7121,1.5026,1.0752,0.58162,0.5314800000000001,0.4835600000000001,0.47117,0.4204100000000001,0.39618,0.40537,0.3356,0.30425
NPL,0.0016837,0.0017284000000000002,0.0017761,0.0018238,0.0018744,0.0019221,0.0019668,0.0020115,0.0020532,0.0020949,0.0021307,0.0021665,0.0022022,0.002232,0.0022618,0.0022916,0.0023155000000000003,0.0023393,0.0023631,0.002387,0.0024138,0.0024406,0.0024704,0.0025073,0.002536,0.0025648000000000003,0.0025935,0.0026222
NRU,0.0,0.0,0.0,0.0,0.0,0.0,0.0,0.0,0.0,0.0,0.0,0.0,0.0,0.0,0.0,0.0,0.0,0.0,0.0,0.0,0.0,0.0,0.0,0.0,0.0,0.0,0.0,0.0
NZL,0.10245,0.097323,0.092457,0.08783400000000001,0.083442,0.07927000000000001,0.075307,0.071541,0.067964,0.064566,0.061338,0.058271,0.055357,0.05215,0.048425,0.044551,0.040677,0.044104,0.052746,0.053193,0.053491,0.053342,0.055577,0.059749,0.058408,0.060107000000000015,0.058989,0.06179
OMN,0.08105599999999999,0.084632,0.088804,0.092678,0.095956,0.098042,0.099532,0.09983,0.099532,0.099532,0.10043,0.10192,0.104,0.10668,0.10966,0.11235,0.11443,0.11622,0.1189,0.12367,0.13172,0.14364000000000002,0.15883,0.14444,0.14798,0.15152000000000002,0.15506,0.1586
PAK,0.6116199999999999,0.58208,0.57043,0.42468,0.63057,0.60998,0.6370899999999999,0.6165,0.6108399999999999,0.67369,0.68889,0.6653100000000001,0.62088,0.65095,0.6691,0.66937,0.6815899999999999,0.67589,0.018089,0.018446,0.018804,0.019132,0.019489,0.016118,0.016405,0.016691,0.016978,0.017265
PAN,0.0,0.0,0.0,0.0,0.0,0.0,0.0,0.0,0.0,0.0,0.0,0.0,0.0,0.0,0.0,0.0,0.0,0.0,0.0,0.0,0.0,0.0,0.0,0.0,0.0,0.0,0.0,0.0
PCN,0.0,0.0,0.0,0.0,0.0,0.0,0.0,0.0,0.0,0.0,0.0,0.0,0.0,0.0,0.0,0.0,0.0,0.0,0.0,0.0,0.0,0.0,0.0,0.0,0.0,0.0,0.0,0.0
PER,0.18461,0.17758,0.17052,0.17093,0.15791,0.19045,0.13717,0.097297,0.035939,0.038613,0.055368,0.023482,0.023780000000000003,0.024078,0.024376,0.024704,0.025002,0.0253,0.025628,0.025926,0.026284,0.026611000000000003,0.026969,0.027214,0.027526,0.027839,0.028151,0.028464
PHL,0.00014781,0.00015138,0.029657,0.029661,0.029665,0.029669,0.029672000000000007,0.018948,0.021634,0.018956,0.01896,0.021646,0.02165,0.022727,0.023267,0.023271,0.019787,0.016572,0.0063838,0.004509600000000001,0.0037083,0.0037119,0.0037155,0.0032728,0.0017611,0.00024939,0.00024407,0.00024769
PLW,0.0,0.0,0.0,0.0,0.0,0.0,0.0,0.0,0.0,0.0,0.0,0.0,0.0,0.0,0.0,0.0,0.0,0.0,0.0,0.0,0.0,0.0,0.0,0.0,0.0,0.0,0.0,0.0
PNG,0.0,0.0,0.0,0.0,0.0,0.0,0.0,0.0,0.0,0.0,0.0,0.0,0.0,0.0,0.0,0.0,0.0,0.0,0.0,0.0,0.0,0.0,0.0,0.0,0.0,0.0,0.0,0.0
POL,3.6564,3.2723,3.2223,3.6541,3.6483,4.024,4.0241,3.7957,3.5323,3.4766,4.2046,4.3085,3.5992,4.2572,4.3579,4.5579,4.5310000000000015,4.699,3.9837,1.1716,1.2364,1.1418,1.2498,0.98201,0.85992,0.88116,0.97162,0.84021
PRK,2.086,2.5023,2.7789,2.9326,2.9801,2.7814,2.2847,1.6391,0.99339,0.49672,0.29805,0.29805,0.29806,0.083003,5.6322e-05,5.6918e-05,5.7216e-05,5.7514e-05,5.7812e-05,5.811e-05,5.8408e-05,5.8706e-05,5.9004e-05,5.9694e-05,6.0085e-05,6.0477e-05,6.0869e-05,6.126e-05
PRT,0.5807399999999999,0.54393,0.53469,0.43571,0.36956,0.51642,0.52966,0.54972,0.60674,0.5681,0.60787,0.5657,0.57022,0.59059,0.6432,0.59742,0.5815899999999999,0.6070300000000001,0.55591,0.33607,0.33308000000000004,0.11293,0.10422,0.093014,0.097566,0.084119,0.063613,0.076435
PRY,0.0037548,0.003874,0.0039634,0.0040528,0.004172,0.004261399999999999,0.0043508,0.0044402,0.004559399999999999,0.0046488,0.0047382,0.0048276000000000005,0.004917,0.005006399999999999,0.0050958,0.0051852,0.0052746,0.0053342,0.0053938,0.0054832,0.0055428000000000005,0.0056322,0.0056918,0.005804999999999999,0.005886199999999999,0.0059675,0.0060487,0.0061299
QAT,0.0,0.0,0.0,0.0,0.0,0.0,0.0,0.0,0.0,0.0,0.0,0.0,0.0,0.0,0.0,0.0,0.0,0.0,0.0,0.0,0.0,0.0,0.0,0.0,0.0,0.0,0.0,0.0
ROU,4.1358,2.5647,3.2541,3.3772,2.9523,3.3925,3.4645,2.9305,2.3609,2.3489,3.2469,2.5258,2.1464,2.5848,2.8938,2.9821,2.374,2.6668,1.0852,0.68288,1.1901,1.1871,1.0027,0.5118699999999999,0.4085,0.3399,0.34543,0.25309
RUS,4.751,4.7931,4.1673,3.5413,2.8698,3.1999,3.4164,3.2622,2.8665,3.2047,3.7136,3.9384,4.3881,4.2446,4.5194,4.8197,4.8515,5.1064,4.6814,5.7662,5.9381,6.2015,6.0525,6.3115,6.1257,6.5861,6.9086,7.1481
RWA,2.381e-05,2.3184e-05,2.1992e-05,2.0651e-05,1.9668e-05,1.937e-05,1.9996e-05,2.1337e-05,2.3095e-05,2.4853e-05,2.6284e-05,2.7297e-05,2.7982e-05,2.8489e-05,2.8936e-05,2.9532e-05,3.0396e-05,3.0992e-05,3.1886e-05,3.278e-05,3.3674e-05,3.4568000000000005e-05,3.5462e-05,3.6089e-05,3.6882e-05,3.7674e-05,3.8467e-05,3.9259e-05
SAU,0.0,0.0,0.0,0.0,0.0,0.0,0.0,0.0,0.0,0.0,0.0,0.0,0.0,0.0,0.0,0.0,0.0,0.0,0.0,0.0,0.0,0.0,0.0,0.0,0.0,0.0,0.0,0.0
SDN,0.0,0.0,0.0,0.0,0.0,0.0,0.0,0.0,0.0,0.0,0.0,0.0,0.0,0.0,0.0,0.0,0.0,0.0,0.0,0.0,0.0,0.0,0.0,0.0,0.0,0.0,0.0,0.0
SEN,2.4645e-05,2.539e-05,2.6194e-05,2.6999e-05,2.7774e-05,2.8548e-05,2.9293e-05,3.0098e-05,3.0694e-05,3.1588e-05,3.2184e-05,3.3078000000000004e-05,3.3972e-05,3.4866e-05,3.6058e-05,3.6952e-05,3.7846e-05,3.9038e-05,4.023e-05,4.1124e-05,4.2614e-05,4.3806e-05,4.5296e-05,4.554e-05,4.657100000000001e-05,4.760300000000001e-05,4.8634e-05,4.9665e-05
SGP,7.1818e-06,7.3904e-06,7.599e-06,7.8374e-06,0.44701,0.8940100000000001,1.341,2.235,3.0396,2.5926,5.364,6.6454,0.57813,0.75097,0.71521,0.71521,0.71521,0.71521,0.71521,0.71521,0.71521,0.71521,0.71521,1.2907e-05,1.318e-05,1.3453e-05,1.3725e-05,1.3998e-05
SGS,0.0,0.0,0.0,0.0,0.0,0.0,0.0,0.0,0.0,0.0,0.0,0.0,0.0,0.0,0.0,0.0,0.0,0.0,0.0,0.0,0.0,0.0,0.0,0.0,0.0,0.0,0.0,0.0
SHN,0.0,0.0,0.0,0.0,0.0,0.0,0.0,0.0,0.0,0.0,0.0,0.0,0.0,0.0,0.0,0.0,0.0,0.0,0.0,0.0,0.0,0.0,0.0,0.0,0.0,0.0,0.0,0.0
SLB,0.0,0.0,0.0,0.0,0.0,0.0,0.0,0.0,0.0,0.0,0.0,0.0,0.0,0.0,0.0,0.0,0.0,0.0,0.0,0.0,0.0,0.0,0.0,0.0,0.0,0.0,0.0,0.0
SLE,1.2874e-05,1.2933e-05,1.2874e-05,1.2754e-05,1.2635e-05,1.2576e-05,1.2576e-05,1.2605e-05,1.2725e-05,1.2933e-05,1.3320999999999997e-05,1.3827e-05,1.4483e-05,1.5228e-05,1.5973e-05,1.6628e-05,1.7195e-05,1.7671e-05,1.8089e-05,1.8506e-05,1.8923e-05,1.937e-05,1.9817e-05,2.0653e-05,2.1196e-05,2.1738e-05,2.2281e-05,2.2823e-05
SLV,0.0,0.0,0.0,0.0,0.0,0.0,0.0,0.0,0.0,0.0,0.0,0.0,0.0,0.0,0.0,0.0,0.0,0.0,0.0,0.0,0.0,0.0,0.0,0.0,0.0,0.0,0.0,0.0
SMR,0.0032209000000000005,0.0034254,0.0032618,0.0033319,0.0032164000000000003,0.0036633,0.0036147,0.0036914,0.0037786,0.0039373,0.004264899999999999,0.004388399999999999,0.0043425,0.0040434,0.0039165,0.0036416,0.0010789,0.00092668,0.00054305,0.00048915,0.00044527,0.00042885,0.00042796,0.00023619,0.00021933,0.00020248,0.00018563,0.00016878
SOM,0.0,0.0,0.0,0.0,0.0,0.0,0.0,0.0,0.0,0.0,0.0,0.0,0.0,0.0,0.0,0.0,0.0,0.0,0.0,0.0,0.0,0.0,0.0,0.0,0.0,0.0,0.0,0.0
SRB,0.60251,0.48899,0.42455,0.31229,0.4103100000000001,0.39112,0.5957,0.62585,0.49117,0.48823,0.48039,0.44357,0.45743,0.48119,0.49136,0.49226,0.29003,0.38803,0.24892,0.23559,0.20658,0.20627,0.20732,0.17695,0.15233,0.12771,0.1031,0.07848
SSD,0.0,0.0,0.0,0.0,0.0,0.0,0.0,0.0,0.0,0.0,0.0,0.0,0.0,0.0,0.0,0.0,0.0,0.0,0.0,0.0,0.0,0.0,0.0,0.0,0.0,0.0,0.0,0.0
STP,3.725e-07,3.7846e-07,3.874e-07,3.9634e-07,4.0528e-07,4.1124e-07,4.2018e-07,4.2614e-07,4.3508e-07,4.4104e-07,4.499800000000001e-07,4.5892e-07,4.6786e-07,4.7978e-07,4.917e-07,5.0064e-07,5.1256e-07,5.2448e-07,5.364e-07,5.4832e-07,5.602399999999999e-07,5.721600000000001e-07,5.8408e-07,5.914899999999999e-07,6.024e-07,6.133100000000001e-07,6.242100000000001e-07,6.3512e-07
SUR,0.0,0.0,0.0,0.0,0.0,0.0,0.0,0.0,0.0,0.0,0.0,0.0,0.0,0.0,0.0,0.0,0.0,0.0,0.0,0.0,0.0,0.0,0.0,0.0,0.0,0.0,0.0,0.0
SVK,1.1583,0.8161,0.73332,0.5764699999999999,0.99715,1.1509,1.3351,1.2585,1.0746,0.81263,1.0371,1.1826,1.0794,1.1959,1.3825,1.3184,1.602,1.4401,1.3398,1.1241,0.94686,0.47826,0.37869,0.25231,0.22526,0.20856,0.19139,0.17532
SVN,0.041747,0.035787,0.026847000000000003,0.018946,0.018132,0.016609,0.018002,0.018232,0.026897000000000004,0.031169,0.041109,0.034991,0.035146,0.032073000000000004,0.037752,0.041647,0.042465,0.040549,0.026543,0.029821,0.029224,0.047402,0.058428,0.035779000000000005,0.023859,0.038013,0.038013,0.020282
SWE,0.95338,0.99792,0.98419,0.96317,0.92586,0.8903,0.87513,0.87628,0.95868,0.866,0.83029,0.67101,0.64107,0.64362,0.6501,0.64484,0.6572399999999999,0.4359,0.46389,0.4819,0.5065,0.21883,0.24442,0.2121,0.22977,0.21152,0.21647,0.20835
SWZ,0.0051852,0.0053342,0.0054534,0.0055726000000000005,0.005662,0.005781199999999999,0.0059004,0.0060494,0.006168600000000001,0.0062878,0.0063772,0.006466599999999999,0.0064964,0.0065262,0.0065858,0.006645399999999999,0.006705,0.006824200000000001,0.0069434,0.007062600000000001,0.007152,0.0072712,0.007390399999999998,0.0073773,0.0074587,0.0075400000000000016,0.007621300000000002,0.007702600000000001
SXM,0.0,0.0,0.0,0.0,0.0,0.0,0.0,0.0,0.0,0.0,0.0,0.0,0.0,0.0,0.0,0.0,0.0,0.0,0.0,0.0,0.0,0.0,0.0,0.0,0.0,0.0,0.0,0.0
SYC,0.0,0.0,0.0,0.0,0.0,0.0,0.0,0.0,0.0,0.0,0.0,0.0,0.0,0.0,0.0,0.0,0.0,0.0,0.0,0.0,0.0,0.0,0.0,0.0,0.0,0.0,0.0,0.0
SYR,0.73964,0.65828,0.70805,0.78493,0.8135399999999999,0.7774800000000001,0.82486,0.78404,0.91456,0.91367,0.90205,0.93304,0.98787,1.0135,1.0382,1.0591,1.091,1.1372,1.1696,1.1768,1.1854,1.1765,1.1527,1.2419,1.2651,1.2882,1.3114,1.3345
TCA,0.0,0.0,0.0,0.0,0.0,0.0,0.0,0.0,0.0,0.0,0.0,0.0,0.0,0.0,0.0,0.0,0.0,0.0,0.0,0.0,0.0,0.0,0.0,0.0,0.0,0.0,0.0,0.0
TCD,0.0,0.0,0.0,0.0,0.0,0.0,0.0,0.0,0.0,0.0,0.0,0.0,0.0,0.0,0.0,0.0,0.0,0.0,0.0,0.0,0.0,0.0,0.0,0.0,0.0,0.0,0.0,0.0
TGO,0.0,0.0,0.0,0.0,0.0,0.0,0.0,0.0,0.0,0.0,0.0,0.0,0.0,0.0,0.0,0.0,0.0,0.0,0.0,0.0,0.0,0.0,0.0,0.0,0.0,0.0,0.0,0.0
THA,0.00013499,0.00013648,0.00013768,0.00013887,0.00014006,0.026961,0.053783,0.23616,0.27907,0.31603000000000003,0.37861,0.38755,0.39053,0.42629,0.45908,0.45908,0.50378,0.50378,0.50378,0.50378,0.51868,0.51868,0.51868,0.57586,0.59228,0.6087,0.62512,0.64154
TJK,0.0004768,0.00048574,0.00049468,0.00050362,0.00051256,0.00051852,0.00052746,0.00053342,0.00053938,0.00054832,0.00055428,0.0005662000000000001,0.00057514,0.00058706,0.00059898,0.0006109,0.00062282,0.00063772,0.00065262,0.00066454,0.00067944,0.00069732,0.00071222,0.00071591,0.00072834,0.00074077,0.0007532,0.00076563
TKL,0.0,0.0,0.0,0.0,0.0,0.0,0.0,0.0,0.0,0.0,0.0,0.0,0.0,0.0,0.0,0.0,0.0,0.0,0.0,0.0,0.0,0.0,0.0,0.0,0.0,0.0,0.0,0.0
TKM,0.090977,0.17962,0.31146,0.39204,0.33609,0.24634,0.24398000000000006,0.21952,0.29288000000000003,0.31505,0.38623,0.28521,0.3891,0.39013,0.38583,0.34017,0.5804600000000001,0.38027,0.31561,0.28125,0.26716,0.26717,0.26717,0.3108,0.30679,0.30277,0.29876,0.29474
TLS,1.7641999999999996e-06,1.8238e-06,1.8893e-06,1.9549e-06,2.0085e-06,2.0413e-06,2.0502000000000003e-06,2.0353e-06,2.0145e-06,2.0055e-06,2.0204e-06,2.0651e-06,2.1337e-06,2.2171e-06,2.2946e-06,2.3602000000000003e-06,2.4049e-06,2.4347e-06,2.4585e-06,2.4823e-06,2.5211000000000003e-06,2.5688e-06,2.6284e-06,2.6893e-06,2.737e-06,2.7848e-06,2.8325e-06,2.8802e-06
TON,0.0,0.0,0.0,0.0,0.0,0.0,0.0,0.0,0.0,0.0,0.0,0.0,0.0,0.0,0.0,0.0,0.0,0.0,0.0,0.0,0.0,0.0,0.0,0.0,0.0,0.0,0.0,0.0
TTO,3.9932e-06,4.023e-06,4.0528e-06,4.0826e-06,4.1124e-06,4.1124e-06,4.1124e-06,4.1422e-06,4.1422e-06,4.1422e-06,4.1422e-06,4.172e-06,4.2018e-06,4.2018e-06,4.2316e-06,4.2614e-06,4.2614e-06,4.2912e-06,4.3210000000000015e-06,4.3210000000000015e-06,4.3508e-06,4.3806e-06,4.4104e-06,4.413e-06,4.4326e-06,4.4523000000000006e-06,4.472e-06,4.4917000000000005e-06
TUN,0.44018,0.47909,0.43159,0.35429,0.24481,0.40826,0.39649,0.35191,0.34011,0.36702,0.388,0.36422,0.2752,0.28778000000000004,0.29591,0.29600000000000004,0.31099,0.26072,0.27932,0.31728,0.32035,0.32047,0.32059,0.28859,0.28513,0.28167,0.27821,0.27475
TUR,3.4834,3.3075,3.4589,3.477,3.2291,3.6266,3.6796,3.7452,3.7367,3.7119,3.6781,3.6131,3.7489,3.713,3.7262,3.7691,4.7119,4.178,3.9824,4.5285,4.9017,5.0126,5.114,5.1502,5.2132,4.8969,4.7061,4.7907
TUV,0.0,0.0,0.0,0.0,0.0,0.0,0.0,0.0,0.0,0.0,0.0,0.0,0.0,0.0,0.0,0.0,0.0,0.0,0.0,0.0,0.0,0.0,0.0,0.0,0.0,0.0,0.0,0.0
TWN,0.0,0.0,0.0,0.0,0.0,0.0,0.0,0.0,0.0,0.0,0.0,0.0,0.0,0.0,0.0,0.0,0.0,0.0,0.0,0.0,0.0,0.0,0.0,0.0,0.0,0.0,0.0,0.0
TZA,0.15287,0.15794,0.1633,0.16897,0.17432999999999998,0.17969000000000002,0.18446,0.18953,0.1943,0.19906,0.20413,0.20949,0.21545,0.22141,0.22797,0.23453,0.24168,0.24943,0.25747,0.26552,0.27416,0.2831,0.29204,0.29394000000000003,0.30093000000000003,0.30793000000000004,0.31492,0.32192
UGA,5.6918e-05,5.9004e-05,6.0792e-05,6.2878e-05,6.4964e-05,6.705e-05,6.883800000000001e-05,7.0924e-05,7.3308e-05,7.539399999999999e-05,7.7778e-05,8.046e-05,8.314200000000001e-05,8.5824e-05,8.8804e-05,9.1784e-05,9.5062e-05,9.834e-05,0.00010162,0.00010519,0.00010877,0.00011235,0.00011592,0.00011751,0.00012058,0.00012365,0.00012673,0.0001298
UKR,5.6715,5.0164,4.3209,3.6625,2.9766,2.3707,2.7782,3.0549,2.4592,2.634,3.0053,2.9283,3.5794,3.8155,3.2644,3.7651,3.8017,4.9466,4.4827,2.2032,2.9347,3.7243,3.4916,2.6059,2.2645,1.6975,2.0224,1.578
UMI,0.0,0.0,0.0,0.0,0.0,0.0,0.0,0.0,0.0,0.0,0.0,0.0,0.0,0.0,0.0,0.0,0.0,0.0,0.0,0.0,0.0,0.0,0.0,0.0,0.0,0.0,0.0,0.0
URY,0.0027803,0.0028012,0.0028221,0.0028429,0.0028638,0.0028846,0.0029055,0.0029264,0.0029442,0.0029591,0.0029711,0.002974,0.002977,0.002974,0.002974,0.002974,0.00298,0.00298,0.0030098000000000004,0.0030098000000000004,0.0030098000000000004,0.0030396,0.0030396,0.0030336,0.0030393,0.003045,0.0030507,0.0030565
USA,33.2722,32.726,31.0192,32.7276,33.2127,36.813,37.1975,30.6004,26.0919,25.1441,25.3597,21.9525,22.9463,22.7793,21.0323,24.929,26.0915,30.0288,20.1538,18.6246,22.1881,27.5768,22.4126,21.017,22.8113,22.2911,23.5879,22.5744
UZB,0.0,0.0,0.0,0.0,0.0,0.0,0.0,0.0,0.0,0.0,0.0,0.0,0.0,0.0,0.0,0.0,0.0,0.0,0.0,0.0,0.0,0.0,0.0,0.0,0.0,0.0,0.0,0.0
VAT,0.0,0.0,0.0,0.0,0.0,0.0,0.0,0.0,0.0,0.0,0.0,0.0,0.0,0.0,0.0,0.0,0.0,0.0,0.0,0.0,0.0,0.0,0.0,0.0,0.0,0.0,0.0,0.0
VCT,3.5164e-07,3.5462e-07,3.5462e-07,3.5462e-07,3.5462e-07,3.5462e-07,3.5462e-07,3.5462e-07,3.5462e-07,3.5462e-07,3.5462e-07,3.5462e-07,3.5462e-07,3.5462e-07,3.5462e-07,3.576e-07,3.576e-07,3.576e-07,3.576e-07,3.576e-07,3.576e-07,3.576e-07,3.576e-07,3.585900000000001e-07,3.5889e-07,3.591900000000001e-07,3.5949e-07,3.5979e-07
VEN,0.0,0.0,0.0,0.0,0.0,0.0,0.0,0.0,0.0,0.0,0.0,0.0,0.0,0.0,0.0,0.0,0.0,0.0,0.0,0.0,0.0,0.0,0.0,0.0,0.0,0.0,0.0,0.0
VGB,0.0,0.0,0.0,0.0,0.0,0.0,0.0,0.0,0.0,0.0,0.0,0.0,0.0,0.0,0.0,0.0,0.0,0.0,0.0,0.0,0.0,0.0,0.0,0.0,0.0,0.0,0.0,0.0
VNM,0.00016271,0.00016599,0.00016956,0.00017284,0.00017612,0.0001794,0.00018208,0.00018476,0.00018714,0.00018923,0.00019132,0.0001934,0.00019519,0.00019698,0.00019906,0.00020085,0.00020264,0.00020443,0.00020651,0.0002086,0.00021069,0.00021307,0.00021545,0.00021672,0.00021869,0.00022066,0.00022263,0.0002246
VUT,0.0,0.0,0.0,0.0,0.0,0.0,0.0,0.0,0.0,0.0,0.0,0.0,0.0,0.0,0.0,0.0,0.0,0.0,0.0,0.0,0.0,0.0,0.0,0.0,0.0,0.0,0.0,0.0
WSM,0.0,0.0,0.0,0.0,0.0,0.0,0.0,0.0,0.0,0.0,0.0,0.0,0.0,0.0,0.0,0.0,0.0,0.0,0.0,0.0,0.0,0.0,0.0,0.0,0.0,0.0,0.0,0.0
YEM,0.0,0.0,0.0,0.0,0.0,0.0,0.0,0.0,0.0,0.0,0.0,0.0,0.0,0.0,0.0,0.0,0.0,0.0,0.0,0.0,0.0,0.0,0.0,0.0,0.0,0.0,0.0,0.0
ZAF,1.24,1.3111,3.6174,3.0482,3.1193,3.3317,4.5919,4.5632,4.0741,3.444,1.8505,1.7965,1.7963,1.2248,1.5016,2.2758,2.3464,1.5019,1.5048,0.84015,0.8254,0.64064,0.96359,1.0714,0.6148,0.49512,0.37545,0.33713000000000004
ZMB,0.0,0.0,0.0,0.0,0.0,0.0,0.0,0.0,0.0,0.0,0.0,0.0,0.0,0.0,0.0,0.0,0.0,0.0,0.0,0.0,0.0,0.0,0.0,0.0,0.0,0.0,0.0,0.0
ZWE,0.0,0.0,0.0,0.0,0.0,0.0,0.0,0.0,0.0,0.0,0.0,0.0,0.0,0.0,0.0,0.0,0.0,0.0,0.0,0.0,0.0,0.0,0.0,0.0,0.0,0.0,0.0,0.0
