cat,IPCMLULUCF
clss,TOTAL
ent,CH4
family,emi
gwp,AR4
note,Renamed as composite source from CH4_IPCMLULUCF_TOTAL_NET_HISTORY_CRF2018! | Renamed as composite source from CH4_IPCMLULUCF_TOTAL_NET_PMHTHISTCR_TEMPSRC1! | Add the countries {ZAF} from CH4_IPCMLULUCF_TOTAL_NET_HISTORY_BUR2IPCC2006I || Renamed as composite source from CH4_IPCMLULUCF_TOTAL_NET_PMHTHISTCR_TEMPSRC2! | Renamed as composite source from CH4_IPCMLULUCF_TOTAL_NET_PMHTHISTCR_TEMPSRC3! | Add the countries {ARG.BOL.BRA.CAF.CHL.COL.CRI.CUB.DOM.GEO.GHA.GTM.GUY.IDN.IND.KEN.KGZ.KOR.LBN.MDA.MDG.MEX.MKD.NER.PER.TGO.VCT.VNM} from CH4_IPCMLULUCF_TOTAL_NET_HISTORY_UNFCCC2018I || Renamed as composite source from CH4_IPCMLULUCF_TOTAL_NET_PMHTHISTCR_TEMPSRC4! | Add the countries {AFG.AGO.ALB.ARM.AZE.BDI.BEN.BFA.BGD.BHS.BIH.BLZ.BRN.BTN.BWA.CHN.CIV.CMR.COD.COG.COM.DZA.ECU.EGY.ERI.ETH.FJI.GAB.GIN.GMB.GNB.GNQ.GRD.HKG.HND.HTI.IRN.IRQ.ISR.JAM.KHM.LAO.LBR.LKA.LSO.MAR.MLI.MMR.MNE.MNG.MOZ.MRT.MUS.MWI.MYS.NAM.NGA.NIC.NPL.PAK.PAN.PHL.PNG.PRK.PRY.RWA.SDN.SEN.SGP.SLE.SLV.SOM.SRB.SUR.SWZ.SYR.TCA.TCD.THA.TJK.TKM.TLS.TTO.TUN.TWN.TZA.UGA.URY.UZB.VEN.VUT.WSM.ZMB.ZWE} from CH4_IPCMLULUCF_TOTAL_NET_HISTORY_FAO2018IPMH || Renamed as composite source from CH4_IPCMLULUCF_TOTAL_NET_PMHTHISTCR_TEMPSRC5! | Add the countries {LBY.LIE.LUX.MCO.SMR.VAT} from CH4_IPCMLULUCF_TOTAL_NET_HISTORY_EDGAR42COMPI ||  | built by Johannes Guetschow
scen,HISTCR
srce,PMH20
tablename,CH4AR4_IPCMLULUCF_TOTAL_NET_HISTCR_PMH20
tpe,NET
unit,MtCO2eq
ISO3,1990,1991,1992,1993,1994,1995,1996,1997,1998,1999,2000,2001,2002,2003,2004,2005,2006,2007,2008,2009,2010,2011,2012,2013,2014,2015,2016
AFG,0.00011999999999999999,0.00011999999999999999,0.00011999999999999999,0.00011999999999999999,0.00011999999999999999,0.00011999999999999999,0.00011750000000000001,7e-05,0.00018999999999999998,5.25e-05,0.00041749999999999996,0.0001425,0.0,0.0,0.0,0.0,0.0005075,0.0,0.00055,0.0,0.0,0.0,0.0,9.499999999999999e-05,0.0001225,0.00012749999999999998,0.00010557
AGO,23.5025,23.5025,23.5025,23.5025,23.5025,23.5025,26.7192,24.5331,29.7576,27.3603,24.4905,16.8356,21.9066,22.4282,25.9132,26.3654,19.7426,23.8337,20.4619,21.0534,22.2334,29.4705,20.5084,24.3955,19.3036,22.7368,23.2057
ALB,0.015548,0.015548,0.015548,0.015548,0.015548,0.015548,0.0083575,0.01994,0.010153,0.00826,0.046163,0.0006475,0.0,0.0018575,0.0,0.00037,0.0007174999999999999,0.11889000000000001,0.002905,0.0001425,0.000145,0.0087775,0.06387999999999999,0.00012749999999999998,0.0,0.019594999999999998,0.022675
ARG,0.61431,0.6282,0.6421,0.65599,0.66988,0.91904,1.1682,1.4174,1.1766,0.9357700000000001,0.69498,1.3718,2.0485,2.7253,3.4021,4.0789,4.7556,5.4324,6.1092,6.7860000000000005,7.4627,6.5626,5.6625,3.9613,2.1256,4.1814,5.8607
ARM,0.00021494,0.00021494,0.00023999999999999998,0.00023999999999999998,0.00023999999999999998,0.00023999999999999998,0.0001525,0.00016,0.0014625,0.0001575,0.0,9.25e-05,0.0,0.00012749999999999998,0.0001675,0.0002525,0.0009975,0.0,0.0002275,0.0,0.0001325,0.00038250000000000003,0.0,0.0002525,0.0,0.000225,0.00017743
AUS,13.1015,12.1487,10.3357,9.7876,9.4425,9.7139,9.7695,10.2239,10.3102,10.9716,11.4134,11.2564,11.2977,11.2501,10.3697,11.0409,11.7222,11.8331,10.6538,10.4374,10.3219,9.8917,9.1505,9.3001,9.9556,9.009,9.8845
AUT,0.024252000000000003,0.02391,0.024094,0.024047,0.023922,0.023861,0.023854,0.023833,0.024003,0.023805,0.023884,0.023843,0.024233,0.024213,0.023826,0.023859,0.023959,0.023873,0.023903,0.023916999999999997,0.023901,0.023888999999999997,0.023915000000000002,0.023997,0.023918000000000002,0.024109000000000002,0.023832
AZE,0.0022478999999999997,0.0022478999999999997,0.0026625,0.0026625,0.0026625,0.0026625,0.000985,0.001175,0.008935,0.00123,0.015819999999999997,0.003445,0.0017925,0.000305,0.0007825,0.000695,0.0014550000000000001,0.0002625,0.00292,0.0,0.006017499999999999,0.00078,0.000515,0.0,0.004432500000000001,0.0017075,0.0019654
BDI,0.29868,0.29868,0.29868,0.29868,0.29868,0.29868,0.30515,0.33359,0.38287,0.33363000000000004,0.3732,0.45113000000000003,0.43896,0.45771000000000006,0.43067,0.28935,0.18458,0.14264000000000002,0.32065,0.22710999999999998,0.21195999999999998,0.1999,0.21961999999999998,0.25656999999999996,0.19008,0.22424000000000002,0.13842000000000002
BEL,0.00057141,0.00057547,0.00048805,0.00056867,0.00047345,3.1151999999999996e-05,0.027224,0.00028721,0.00043650000000000004,8.778e-05,2.233e-06,2.7925e-05,0.00026181,0.00016072,8.0783e-05,8.4565e-07,3.4168e-06,3.9343e-05,0.0022207,0.0044021,0.006583499999999999,0.0087649,0.0,0.0,0.0,0.00048499999999999997,0.0028016
BEN,0.36112,0.36112,0.36112,0.36112,0.36112,0.36112,0.46968000000000004,0.39176,0.98416,0.8307100000000001,0.5715399999999999,0.19503,0.39244,0.30372,0.31685,0.37655,0.32934,0.2666,0.30701999999999996,0.14633,0.23965999999999998,0.24672,0.15944,0.20322,0.2401,0.2515,0.19810999999999998
BFA,0.65125,0.65125,0.65125,0.65125,0.65125,0.65125,0.86654,0.81605,1.2826,0.9691299999999999,1.1351,0.81153,1.2125,0.8556600000000001,0.62129,0.9281200000000001,0.52082,0.51831,0.41205,0.19785999999999998,0.38946,0.41239,0.17325,0.25143000000000004,0.24591,0.40496,0.084958
BGD,0.11671,0.11671,0.11671,0.11671,0.11671,0.11671,0.10402,0.09555,0.10586,0.14084000000000002,0.072703,0.098275,0.0,0.02516,0.081975,0.030517000000000002,0.20854,0.21514,0.12513,0.15227000000000002,0.11527000000000001,0.092083,0.07731299999999999,0.18022,0.26693,0.14634,0.19615
BGR,0.0024219000000000003,0.0011888,0.012198,0.042259,0.04211,0.0012772,0.005002,0.0018077000000000002,0.016209,0.019288999999999997,0.13474,0.046932999999999996,0.015152,0.011878,0.002652,0.0033646,0.008623299999999999,0.10105,0.012654,0.0052829999999999995,0.015191,0.016668000000000002,0.030351,0.007718200000000001,0.0021504000000000002,0.012772,0.014776
BHS,0.07105299999999999,0.07105299999999999,0.07105299999999999,0.07105299999999999,0.07105299999999999,0.07105299999999999,0.068868,0.06802799999999999,0.076528,0.075698,0.096367,0.035002,0.032189999999999996,0.00255,0.1273,0.079278,0.04641,0.041663,0.15515,0.055527999999999994,0.023828,0.15714,0.040563,0.12907000000000002,0.03365,0.076228,0.091473
BIH,0.029672000000000004,0.029672000000000004,0.0285,0.0285,0.0285,0.0285,0.026952999999999998,0.013430000000000001,0.052654999999999993,0.056804999999999994,0.1146,0.013569999999999999,0.0053475,0.11305,0.0030399999999999997,0.00031,0.0015475,0.05585,0.005167499999999999,0.0,0.0007675,0.023065000000000002,0.062677,0.0025675,0.0030725,0.015503,0.011708
BLR,0.007922499999999999,0.0036625,0.14282999999999998,0.0083375,0.010795,0.021147,0.027017000000000003,0.0041775,0.004765,0.015865,0.009175,0.0036825000000000004,0.059262,0.01958,0.0048,0.0040825,0.011498,0.0054125,0.005225,0.010418,0.0053875,0.0049825,0.0051825000000000005,0.005375,0.006840000000000001,0.056208,0.0046732
BLZ,0.19192,0.19192,0.19192,0.19192,0.19192,0.19192,0.19226,0.12301,0.23619,0.18104,0.19833,0.062363,0.010938,0.44158000000000003,0.040825,0.37184,0.10902,0.41618999999999995,0.31073,0.10217000000000001,0.03803,0.21464,0.024045,0.47081999999999996,0.08061,0.21381,0.21183000000000002
BOL,1.2585,1.443,1.6275,1.8119999999999998,1.9965,2.0025,2.0085,2.0145,2.0205,2.2371,2.4538,3.6537,4.8536,7.5763,10.2991,7.2102,3.3132,6.0462,2.6439,0.55337,18.6469,6.787000000000001,2.6227,1.7779,1.6364,5.1238,4.2362
BRA,26.0375,23.9825,28.8325,30.56,30.33,72.3925,50.405,41.4275,49.6075,49.4775,51.22,51.21,58.0475,97.4675,103.7225,80.9475,64.1325,58.11,61.0425,30.5325,28.3875,27.6938,27.0,4.369,10.0082,12.0803,2.1257
BRN,0.0867,0.0867,0.0867,0.0867,0.0867,0.0867,0.038175,0.090848,1.1936,0.014797,0.019505,0.0,0.032126999999999996,0.0382,0.02503,0.06803200000000001,0.0014425,0.0,0.0005075,0.0896,0.044414999999999996,0.0007725,0.0028575,0.00062,0.047843000000000004,0.02561,0.024301
BTN,0.01659,0.01659,0.01659,0.01659,0.01659,0.01659,0.012625,0.012423,0.0238,0.040952999999999996,0.01645,0.010462,0.004155,0.0,0.0035775,0.0023775,0.0016075,0.068915,0.0030025,0.002945,0.03044,0.010883,0.043955,0.0047925,0.01958,0.01885,0.025149
BWA,9.2194,9.2194,9.2194,9.2194,9.2194,9.2194,12.2418,14.7862,17.0212,13.4249,10.6023,6.4502,24.1906,9.684,4.6783,10.0697,6.1697,10.9626,5.8589,2.8671,2.6399,6.1875,4.9746,11.5577,3.5377,6.4825,3.7558
CAF,1.2235,1.2235,1.2235,1.2235,0.025,2.0329,4.0408,6.0487,8.0566,10.0644,12.0723,14.0802,16.0881,18.096,18.096,18.096,18.096,18.096,18.096,18.096,18.096,0.11659000000000001,0.06981799999999999,0.18912,0.091292,0.19024000000000002,0.026565
CAN,1.3613,1.3819,1.9735,1.4659,1.805,1.4306,1.5432,1.4168,1.4992,1.6085,1.7986,1.6063,1.6822,1.7814,1.5893,1.5735,1.7012,1.1099,1.0838,0.9381700000000001,0.9473600000000001,1.1425,1.8885,2.1817,1.2699,1.5695,1.5758
CHE,0.02938,0.0164,0.015696,0.015444999999999999,0.018106999999999998,0.019506,0.017696,0.032249,0.016996999999999998,0.014482,0.014787999999999999,0.0142,0.019302,0.020423,0.013903,0.013955,0.014707,0.016197,0.013493999999999999,0.013463999999999999,0.013036,0.014838999999999998,0.012969999999999999,0.012956,0.013172999999999999,0.013143,0.015944
CHL,0.09188500000000001,0.09188500000000001,0.09188500000000001,3.09,0.395,0.34042,0.28583000000000003,0.23125,0.17667,0.12208,0.0675,0.35314,0.63877,0.9244100000000001,1.21,1.4957,1.7813,1.4904,1.1994,0.90846,0.6175,0.1065,0.16459000000000001,0.05505499999999999,0.18466,0.099768,0.17424
CHN,0.74884,0.74884,0.74884,0.74884,0.74884,0.74884,0.8711700000000001,0.87469,1.0473,0.93771,1.063,0.70649,0.26619,2.2654,0.70138,0.32466,0.67832,0.64489,1.3959,0.6199899999999999,0.48152,0.29663,0.35656,0.26683,0.61049,0.56758,0.37082
CIV,0.17172,0.17172,0.17172,0.17172,0.17172,0.17172,0.10132999999999999,0.24856,0.55313,0.54957,0.42318999999999996,0.18206,0.065338,0.10982,0.038268,0.11905999999999999,0.088765,0.22441,0.16426,0.06916,0.049638,0.04672,0.12785,0.14276,0.02484,0.10575,0.08377899999999999
CMR,1.3414,1.3414,1.3414,1.3414,1.3414,1.3414,1.4907,1.4480000000000002,3.1594,2.3764,1.9773,0.67356,0.74634,1.3611,0.8499,1.5047,1.2964,1.1979,0.95071,1.1493,0.9177,0.3995,0.38954,2.4108,1.3707,1.1587,1.2754
COD,18.4658,18.4658,18.4658,18.4658,18.4658,18.4658,19.3053,24.1866,24.8864,20.4779,18.0383,14.0924,15.3403,16.4291,18.5754,18.0134,20.1403,15.5864,17.3571,18.2002,19.4424,20.5745,16.1567,18.1618,16.3535,17.9986,18.6752
COG,0.96554,0.96554,0.96554,0.96554,0.96554,0.96554,0.80275,0.8276700000000001,0.7257899999999999,0.77752,0.5989300000000001,0.49562,0.14435,0.49432,0.9577,1.0459,1.0632,0.51243,0.80591,0.33466999999999997,0.62808,1.2263,2.3675,3.3207,0.95544,1.226,1.8741
COL,0.00075,0.026813,0.052875,0.078938,0.105,0.14029,0.17557999999999999,0.21088,0.24616999999999997,0.28146,0.31675,0.31675,0.31675,0.31675,0.31675,0.035627,0.067687,0.31528,0.06213,0.08521799999999999,0.069632,0.021028,0.21249,0.1641,0.7708699999999999,0.18041,0.22591
COM,0.00141,0.00141,0.00141,0.00141,0.00141,0.00141,0.00137,0.0013675,0.0014225,0.0013175,0.00011750000000000001,0.0,0.0,0.0013775,0.0009824999999999999,0.0083075,0.0003875,0.0004,0.005742499999999999,0.0,0.0002,0.0,0.0,0.0023875,0.0009824999999999999,0.0018399999999999998,0.0013414000000000002
CRI,0.29075,0.28667,0.28258,0.2785,0.27442,0.27033,0.26625,0.22719,0.18813,0.14906,0.11,0.1225,0.135,0.1475,0.16,0.1725,0.010908,0.01163,0.002355,0.028710000000000003,0.0011324999999999998,0.00294,0.026875,0.024133,0.006,0.011615,0.0
CUB,0.008,0.00945,0.0109,0.01235,0.0138,0.01525,0.0167,0.01815,0.0196,0.02105,0.0225,0.0365,0.0505,0.0098225,0.04147,0.095315,0.054873000000000005,0.029418,0.009825,0.08997999999999999,0.021835,0.099223,0.032264999999999995,0.036867000000000004,0.036410000000000005,0.0506,0.04972
CYP,5.2758e-05,0.00016124,5.1563e-05,0.00041006,0.0010554,0.00041236,0.00068774,0.00098748,0.0033546,2.0133e-05,0.0072024,0.0024224,7.0558e-05,0.00030789999999999995,0.00059824,0.00020257,0.00050808,0.0048534,0.00017426,0.00028879999999999997,0.0011260999999999999,0.00094046,0.0010492000000000001,0.00036468,0.0004077,0.00014422,0.012006999999999999
CZE,0.044150999999999996,0.032784,0.037761,0.042704,0.042985,0.039344,0.056149,0.064375,0.050799000000000004,0.044795999999999996,0.041329000000000005,0.042082999999999995,0.045551,0.06019,0.05264,0.049949,0.062262,0.080261,0.062888,0.053459000000000007,0.0565,0.025825,0.028631,0.024885,0.029124,0.031663,0.032865
DEU,0.87564,0.87277,0.8901899999999999,0.87536,0.87371,0.87135,0.87502,0.8713700000000001,0.87039,0.87045,0.87125,0.8682700000000001,0.86755,0.87295,0.8669,0.86572,0.8672799999999999,0.86611,0.8676,0.8689600000000001,0.86792,0.8664700000000001,0.86695,0.866,0.8649899999999999,0.8666799999999999,0.86475
DNK,0.016364,0.017447999999999998,0.019184,0.020915,0.022647,0.024376,0.026099,0.027824,0.029568999999999998,0.031263,0.032979,0.034699,0.036417000000000005,0.038124,0.040501999999999996,0.041643,0.043451,0.045224,0.047016,0.048806,0.049474000000000004,0.051796,0.055014,0.05631,0.054905999999999996,0.057261,0.060213
DOM,0.12125,0.12562,0.13,0.13437000000000002,0.13875,0.10530999999999999,0.071875,0.038438,0.005,0.010375,0.01575,0.017365000000000002,0.018979,0.020594,0.022208000000000002,0.023823,0.025437,0.027052,0.028666000000000004,0.030281,0.031895,0.009665,0.0009824999999999999,0.00905,0.021195,0.020228,0.01662
DZA,0.06043300000000001,0.06043300000000001,0.06043300000000001,0.06043300000000001,0.06043300000000001,0.06043300000000001,0.05992000000000001,0.044268,0.0468,0.048973,0.24067,0.004785,0.011545,0.022090000000000002,0.0076775,0.044133,0.067973,0.19873,0.074113,0.0,0.004375,0.087233,0.14815,0.00703,0.024544999999999997,0.06562799999999999,0.073882
ECU,0.011653,0.011653,0.011653,0.011653,0.011653,0.011653,0.012433,0.00643,0.009922499999999999,0.0056524999999999995,0.0012175,0.031693,0.00496,0.002635,0.009652500000000001,0.017718,0.0018225000000000001,0.0007875,0.0,0.0023725,0.0,0.0007625,0.096903,0.000395,0.014178,0.013491999999999999,0.019237
EGY,0.00011750000000000001,0.00011750000000000001,0.00011750000000000001,0.00011750000000000001,0.00011750000000000001,0.00011750000000000001,0.000125,0.00011750000000000001,0.000125,0.000125,0.0,0.0,0.0002625,0.0,0.0002725,0.0005725,0.000125,0.0,0.0,0.0,0.0,0.0,0.0,0.0,0.000525,0.0001225,0.00010748
ERI,0.0010558,0.0010558,0.0010558,0.0018125,0.0018125,0.0018125,0.0001475,0.0001375,0.0001375,0.0099775,0.024145,0.0005775,0.0001225,0.0001825,0.0,0.0,0.0,0.0005775,0.0,0.0,0.0,0.0001525,0.0,0.0,0.0,7.25e-05,0.0
ESP,0.31369,0.42335,0.18133,0.14007999999999998,0.6509699999999999,0.23567,0.09704,0.16747,0.21145999999999998,0.13323,0.29245,0.14169,0.17035,0.24154,0.2355,0.30606,0.28578000000000003,0.12403,0.080911,0.18702,0.087616,0.1602,0.3467,0.1003,0.078519,0.18037999999999998,0.16165
EST,0.00034741,0.00015076,0.0026779,0.0010161,0.00073867,0.00034066,0.00092601,0.0017762999999999998,0.00014376,0.00099402,0.0012774000000000001,0.00019406,0.0027472,0.00038469,0.00080507,0.00024837,0.0063327,0.00022905,0.00099283,0.00015651,0.00011239,9.962899999999999e-05,6.628600000000001e-05,6.2637e-05,9.907799999999999e-05,6.3408e-05,6.4617e-05
ETH,2.5025,2.5025,2.5025,2.5017,2.5017,2.5017,2.6046,3.4539,4.1596,4.8883,3.4102,1.5058,1.9512,3.19,3.3533,2.1322,2.3431,1.6483,2.1,1.7723,1.4228,1.3041,2.3155,2.3829,2.1403,1.9562,1.8698
FIN,1.5383,1.5192,1.5047,1.486,1.4713,1.4545,1.4372,1.4214,1.4027,1.3768,1.3475,1.3216,1.2934,1.2637,1.2335,1.2064,1.179,1.1501,1.0931,1.0358,0.9774700000000001,0.92101,0.91969,0.9203899999999999,0.92053,0.9194899999999999,0.91945
FJI,0.00447,0.00447,0.00447,0.00447,0.00447,0.00447,0.0043950000000000005,0.010133,0.012584999999999999,0.0030875,5e-05,0.000595,0.0,0.0071025,0.0003975,0.0020175,0.0037225,0.0005925,0.002365,0.02508,0.0071375,0.0,0.0,0.0,0.0055175,0.0046425,0.0053618
FRA,1.0081,1.09,1.1179,1.0606,3.4845,3.7248,3.0191,2.5340000000000003,2.1386,1.8738,1.7294,1.5314,1.4481,1.3638,1.2732,1.2602,1.1967,1.2032,1.1867,1.2172,1.2405,1.2016,1.1333,1.101,1.133,1.159,1.2122
GAB,0.040025,0.040025,0.040025,0.040025,0.040025,0.040025,0.049194999999999996,0.029223000000000002,0.02895,0.029545,0.023877000000000002,0.02242,0.0057475,0.020883000000000002,0.022733,0.031162,0.032327999999999996,0.035155,0.11115,0.0064,0.014237999999999999,0.071358,0.041358,0.15195999999999998,0.021208,0.051633000000000005,0.073585
GBR,0.016063,0.018094,0.014247,0.015294,0.015003,0.027877999999999997,0.021193,0.024641,0.019791,0.015803,0.029666,0.028782,0.029098000000000002,0.056608000000000006,0.030010000000000002,0.036722000000000005,0.031491000000000005,0.041931,0.031137,0.034887,0.035468,0.033953,0.059682000000000006,0.025925,0.031974,0.02076,0.034736
GEO,0.375,0.2675,0.2,0.2225,0.2375,0.195,0.2125,0.235,0.22033000000000003,0.20567,0.191,0.17634,0.16167,0.14701,0.13234,0.11767999999999999,0.10300999999999999,0.088344,0.073678,0.059013,0.044347000000000004,0.029681,0.015016,0.00035,0.00421,0.00299,0.0
GHA,0.43825,0.43825,0.43825,0.43825,0.43825,0.43825,0.43825,1.567,1.6848,1.8078,1.5653,1.5848,1.6545,1.6545,1.745,1.7923,1.745,0.18437,0.099513,0.039098,0.045732999999999996,0.043955,0.10618,0.17068,0.050175,0.09153,0.0
GIN,0.33553,0.33553,0.33553,0.33553,0.33553,0.33553,0.31154,0.35725999999999997,0.71036,0.60678,0.40595,0.19386,0.19476,0.3362,0.25176,0.21256999999999998,0.35713,0.37932,0.24991999999999998,0.22898000000000002,0.09383,0.27164,0.56037,0.30761,0.37689,0.30383000000000004,0.35803
GMB,0.13262000000000002,0.13262000000000002,0.13262000000000002,0.13262000000000002,0.13262000000000002,0.13262000000000002,0.11972000000000001,0.13760999999999998,0.11367000000000001,0.30123,0.23041999999999999,0.16902999999999999,0.11364,0.060498,0.1032,0.10181,0.17939000000000002,0.1704,0.12813,0.06302,0.10307999999999999,0.15432,0.087233,0.10253,0.094915,0.11848,0.10457999999999999
GNB,0.04749,0.04749,0.04749,0.04749,0.04749,0.04749,0.0057125,0.042598000000000004,0.22486,0.38976,0.18842,0.005307500000000001,0.003005,0.008075,0.0081675,0.003355,0.0097725,0.0131,0.0026075,0.0041125,0.00435,0.00517,0.011378000000000001,0.0083,0.0050225,0.0067174999999999995,0.0071785
GNQ,0.000245,0.000245,0.000245,0.000245,0.000245,0.000245,0.0002675,0.0002675,0.0002675,0.0002675,0.0,0.0,0.0,0.0,0.0,0.0,0.0,0.0,0.0019725000000000003,0.0,0.0,0.0014925000000000001,0.0,0.0,0.0,0.0003475,0.0004516
GRC,0.062677,0.031094,0.091811,0.081945,0.07642,0.043378,0.026208,0.057790999999999995,0.15763,0.012001999999999999,0.20803000000000002,0.027939,0.0038058999999999996,0.0053468000000000005,0.013531999999999999,0.010537000000000001,0.020962,0.32127,0.04355,0.046161,0.016413999999999998,0.017811,0.043706,0.016004,0.0093971,0.010809000000000001,0.03167
GRD,1.4999999999999999e-05,1.4999999999999999e-05,1.4999999999999999e-05,1.4999999999999999e-05,1.4999999999999999e-05,1.4999999999999999e-05,1.75e-05,2.25e-05,5e-06,1.75e-05,1.4999999999999999e-05,0.0,0.0,0.0,0.0,0.0,0.0,0.0001975,0.0,0.0,0.0,0.0,0.0,0.0,0.0,2e-05,1.2857e-05
GTM,0.1224,0.15177000000000002,0.18114,0.21051,0.23988,0.26924000000000003,0.2986,0.32796,0.35733000000000004,0.38669000000000003,0.41605,0.38329,0.35052,0.31776,0.28499,0.25223,0.045935000000000004,0.82468,0.34423000000000004,0.94465,0.16562000000000002,0.18444000000000002,0.1755,0.44488,0.054292999999999994,0.5646800000000001,0.35145
GUY,0.175,0.175,0.175,0.175,0.175,0.175,0.175,0.175,0.175,0.175,0.175,0.175,0.175,0.175,0.175,1.4157,0.6438699999999999,0.65679,0.6732199999999999,1.1748,0.0043425,0.08061499999999999,1.0238,0.40947,1.4516,0.75343,0.9280299999999999
HKG,0.0001675,0.0001675,0.0001675,0.0001675,0.0001675,0.0001675,0.00014,0.00042249999999999997,0.00014,0.00014,5.5e-05,0.0,0.0,0.0,0.00103,0.0,0.00026000000000000003,0.0,0.0,0.0007725,0.0,0.0,0.0,0.00025499999999999996,0.0,0.00012749999999999998,0.00011443
HND,0.2847,0.2847,0.2847,0.2847,0.2847,0.2847,0.24489,0.52587,0.7491399999999999,0.41235,0.52355,0.01933,0.03185,0.89256,0.017715,0.6481399999999999,0.18466,0.09591000000000001,0.13635999999999998,0.17399,0.09673,0.3492,0.017818,0.15195,0.21499000000000001,0.20698000000000003,0.15059
HRV,0.0012304,0.0031825,0.015149000000000001,0.034393,0.011505,0.0075447000000000005,0.016531999999999998,0.017628,0.045113,0.005911199999999999,0.09690900000000001,0.018996000000000002,0.0063949,0.039550999999999996,0.0029170999999999997,0.0027353,0.006058600000000001,0.031764,0.00958,0.0050956000000000005,0.0017601,0.018628,0.038881,0.0019277,0.00032148,0.013963999999999999,0.0089164
HTI,0.0001575,0.0001575,0.0001575,0.0001575,0.0001575,0.0001575,0.0001575,0.0001075,0.0001225,0.0001,0.00031,0.0,0.0,0.0,0.0001975,0.0,0.00039,0.0001975,0.0001975,0.0,0.0004025,0.0003875,0.00022,0.00018999999999999998,0.0,0.0001975,0.00025617
HUN,0.022856,0.022232,0.020791,0.018722,0.018765999999999998,0.019358,0.020418000000000002,0.020265000000000002,0.022884,0.012969,0.025856999999999998,0.018857,0.020166999999999997,0.018379,0.013221,0.023911,0.007511199999999999,0.019989,0.012183,0.018189,0.0092148,0.023285,0.035533999999999996,0.011845,0.017311,0.018082,0.0090837
IDN,10.3718,13.614,12.1908,8.7272,9.1817,7.6626,6.1435,4.6244,3.1053,1.5861,0.067,10.5425,97.7489,27.8464,72.6426,38.9689,121.8417,7.4795,5.0911,79.283,1.4514,32.5441,33.1084,31.1026,99.5365,45.0407,44.723
IND,1.2742,1.2742,1.2742,1.2742,0.1625,2.4375,4.7126,6.9876,9.2627,11.5377,13.8128,12.814,11.8153,10.8166,9.8178,8.8191,7.8204,6.8217,5.8229,4.8242,3.8255,0.86282,1.7865,1.301,1.4615,1.4469,0.0
IRL,0.4622,0.43883,0.41075,0.47473999999999994,0.45055,0.46238999999999997,0.48741999999999996,0.41815,0.39508000000000004,0.37544,0.4336,0.51688,0.38511999999999996,0.56334,0.5182100000000001,0.5068699999999999,0.44482,0.41616000000000003,0.38805,0.38928,0.55323,0.42528999999999995,0.37013,0.41008999999999995,0.40271999999999997,0.3995,0.37487
IRN,0.008205,0.008205,0.008205,0.008205,0.008205,0.008205,0.031252999999999996,0.0077125,0.006045,0.023225,0.006017499999999999,0.00394,0.00012749999999999998,0.000465,0.0002625,0.0018449999999999999,0.0004025,0.0008025,0.005225,0.0,0.06297,0.0022775,0.0014125,0.0006125,0.0017925,0.007735,0.010778
IRQ,0.00325,0.00325,0.00325,0.00325,0.00325,0.00325,0.003195,0.00151,0.0019125,0.011275,0.016398,0.009340000000000001,0.00316,0.0,0.0,0.0,0.0,0.0,0.00303,0.0,0.000865,0.0062375,0.005892499999999999,0.0,0.0005200000000000001,0.001655,0.0013146
ISL,2.3623,2.364,2.3622,2.3614,2.3605,2.3581,2.358,2.3544,2.3489,2.3431,2.3336,2.3283,2.3204,2.3155,2.3109,2.3037,2.2969999999999997,2.2806,2.2699,2.2612,2.26,2.2556,2.2501,2.2451,2.2414,2.2389,2.2345
ISR,1.25e-05,1.25e-05,1.25e-05,1.25e-05,1.25e-05,1.25e-05,1.25e-05,1.25e-05,1.25e-05,1.25e-05,0.0,0.0,0.0,0.0,0.0,0.0,0.0,0.0,0.0,0.0,0.000165,0.0,0.0,0.0,0.0,1.75e-05,2.5095e-05
ITA,1.4833,0.67127,0.7952899999999999,1.7480000000000002,0.9454100000000001,0.3462,0.40159,0.9538200000000001,1.2204,0.57517,0.93285,0.60937,0.32761999999999997,0.72534,0.42855,0.35932,0.29434,1.8342,0.49437,0.59629,0.35691,0.56988,1.2116,0.19011,0.34355,0.29075,0.3959
JAM,0.0061725,0.0061725,0.0061725,0.0061725,0.0061725,0.0061725,0.00675,0.00469,0.0050625,0.0056175,0.012159999999999999,0.0,0.0006,0.00504,0.0010275,0.010698000000000001,0.0022475,0.0001975,0.0,0.023447,0.017677000000000002,0.013535,0.000695,0.0058875,0.000595,0.0074975,0.0093139
JPN,0.08559,0.08242100000000001,0.079233,0.10196000000000001,0.093851,0.082508,0.10550999999999999,0.11197,0.083509,0.076628,0.07932,0.084363,0.093526,0.07355,0.083026,0.079473,0.070927,0.070511,0.093662,0.078378,0.07224,0.073679,0.069123,0.070741,0.089644,0.072805,0.06694299999999999
KAZ,0.00575,0.01075,0.006,0.00525,0.0195,0.09175,0.039,0.37575,0.05475,0.092,0.057,0.08325,0.0655,0.152,0.09925,0.0575,0.1015,0.12375,0.018000000000000002,0.01,0.02225,0.0105,0.0095,0.001925,0.01375,0.033325,0.002725
KEN,0.15943,0.15943,0.15943,0.15943,0.15943,0.06925,0.06895,0.06865,0.06835,0.06805,0.06775,0.06805,0.06835,0.06865,0.06895,0.06925,0.0689,0.06855,0.0682,0.06785,0.0675,0.2803,0.30964,0.0255,0.019128,0.14669000000000001,0.14432
KGZ,0.0017274999999999999,0.0016,0.0017725000000000002,0.001975,0.0009725,0.0019175000000000002,0.002395,0.0027775,0.0022725,0.0018774999999999998,0.00293,0.0025524999999999996,0.0027675,0.0029850000000000002,0.0024425000000000002,0.002165,0.0029850000000000002,0.0028575,0.0026375,0.0023425,0.0022775,0.0008824999999999999,0.0,0.0014,0.0,0.0005,0.0003641
KHM,0.8738600000000001,0.8738600000000001,0.8738600000000001,0.8738600000000001,0.8738600000000001,0.8738600000000001,0.36459,1.1974,3.7401,2.5025,2.0858,0.052292,0.20481999999999997,0.19113,0.5795600000000001,0.55279,0.17941,0.61656,0.17831,0.30273,0.56196,0.63912,0.5434899999999999,1.521,0.86749,0.59628,0.93434
KOR,0.15975,0.14875,0.156,0.1505,0.154,0.15425,0.156,0.17075,0.1775,0.17275,0.183,0.18875,0.19725,0.19775,0.19399999999999998,0.18325,0.196,0.20025,0.21,0.203,0.19699999999999998,0.20925,0.19775,0.2025,0.212,0.0030675,0.15498
LAO,1.7514,1.7514,1.7514,1.7514,1.7514,1.7514,1.7577,1.3173,2.9178,2.0253,1.3625,0.14978,1.0929,0.51751,3.5975,2.1365,0.6994199999999999,3.9603,0.23489000000000002,0.7529899999999999,5.2716,0.22235,1.7361,1.882,1.5498,1.8446,2.1149
LBN,1.4999999999999999e-05,1.4999999999999999e-05,1.4999999999999999e-05,1.4999999999999999e-05,0.006325,0.017353999999999998,0.028383,0.039413,0.050442,0.061471000000000005,0.0725,0.065943,0.059385,0.052827,0.04627,0.039712,0.033155000000000004,0.026597000000000003,0.020040000000000002,0.013482,0.006925,0.0003675,0.00125,0.00027381,0.0,0.0,0.0
LBR,0.038523,0.038523,0.038523,0.038523,0.038523,0.038523,0.0339,0.023735,0.036647000000000006,0.029008,0.025952999999999997,0.01379,0.0081175,0.0276,0.010833,0.038823,0.015578,0.0071200000000000005,0.033035,0.19933,0.012025,0.00885,0.12832000000000002,0.027385000000000003,0.039422000000000006,0.05099,0.070336
LBY,0.0,0.0,0.0,0.0,0.0,0.0,0.0,0.0,0.0,0.0,0.0,0.00044492,0.00052834,0.00055615,0.00020856,8.342299999999999e-05,0.00019439999999999998,0.00015758,0.00015719999999999997,0.00018179,0.00020638,0.00028103,0.0002935,0.00030597,0.00031844,0.00033091,0.00034339
LIE,0.00055447,0.00046528,0.00035683,0.00038066,0.00064489,0.00034445,0.00023418,0.0002965,0.00017168,0.0,3.5147e-05,2.9569e-06,8.9109e-06,1.3077999999999999e-05,0.0,9.2429e-06,4.768e-06,3.5459e-06,2.3319e-06,6.3683e-08,6.333e-08,0.0,0.0,0.0,0.0,0.0,0.0
LKA,0.018408,0.018408,0.018408,0.018408,0.018408,0.018408,0.034342000000000004,0.012278,0.028327999999999996,0.040055,0.015580000000000002,0.001145,0.017408,0.029710000000000004,0.019495,0.018718000000000002,0.0057775,0.0026625,0.0127,0.020413,0.0077775000000000006,0.018478,0.017797999999999998,0.0082375,0.041807,0.015438,0.020218
LSO,0.004164999999999999,0.004164999999999999,0.004164999999999999,0.004164999999999999,0.004164999999999999,0.004164999999999999,0.000735,0.0084925,0.045745,0.0086325,0.0007700000000000001,0.00038250000000000003,0.00081,0.0011975,0.0018850000000000002,0.0012825,0.0006025000000000001,0.0029024999999999997,0.00109,0.0,0.0002325,0.0008875,0.0010875,0.001715,0.003505,0.00133,0.001757
LTU,0.0030045000000000002,0.0027489999999999997,0.0060606,0.0038114000000000004,0.0038114000000000004,0.0038114000000000004,0.0038114000000000004,0.0038114000000000004,0.0027124000000000002,0.0037673000000000003,0.0037094999999999997,0.0029211,0.005240600000000001,0.0041078,0.003947,0.00099375,0.012098000000000001,0.00086918,0.0016096,0.0039613,0.001396,0.0023866,0.0010827999999999999,0.0008871,0.0028781999999999996,0.0013029,0.00068799
LUX,0.012333,0.010322,0.007897800000000002,0.0083994,0.014163,0.007511399999999999,0.0050574,0.0063276,0.0041006,0.004957199999999999,0.007183800000000001,0.0076446,0.0086616,0.008297399999999998,0.007944,0.009807,0.0102,0.010947,0.0117,0.012331,0.012962000000000001,0.013283000000000001,0.013876,0.014469,0.015062,0.015653999999999998,0.016247
LVA,0.47976,0.47103999999999996,0.54613,0.46903999999999996,0.46353999999999995,0.46881000000000006,0.46798999999999996,0.46726,0.46479,0.49,0.47476,0.43683,0.46053999999999995,0.4364,0.42723,0.40081999999999995,0.43885,0.39168000000000003,0.38602,0.40055,0.40237,0.40879,0.41688000000000003,0.4278,0.44411999999999996,0.45105,0.46083999999999997
MAR,0.0008550000000000001,0.0008550000000000001,0.0008550000000000001,0.0008550000000000001,0.0008550000000000001,0.0008550000000000001,0.0011324999999999998,0.0006675,0.0007725,0.0015574999999999999,0.00016999999999999999,0.0,0.0,0.0,0.0002575,0.001405,0.0072275,0.000125,0.00025,0.0,0.0,0.0001525,0.0016300000000000002,0.0,0.000625,0.00114,0.00082224
MCO,2.7865e-05,2.3354e-05,1.7932e-05,1.9164e-05,3.2484e-05,1.7303e-05,1.1703e-05,1.471e-05,1.7835e-05,1.0212e-05,1.0379e-05,2.3e-05,2.3493e-05,4.702899999999999e-05,2.0207e-05,2.3941e-05,8.073399999999999e-07,3.0525e-06,4.4841e-06,5.3003e-06,7.646600000000001e-07,7.074299999999999e-06,6.151e-06,5.2276e-06,4.3042e-06,3.3808999999999997e-06,2.4575e-06
MDA,0.002725,0.0024125,0.00221,0.0029475,0.001675,0.00221,0.0015475,0.0026899999999999997,0.0024925,0.002405,0.0009125,0.001315,0.000285,8.25e-05,0.0002525,0.000265,0.000305,0.0019925,0.0008025,0.000395,0.0001675,0.0001975,0.0015725,0.001155,0.0031825,0.0004975,0.0014092
MDG,1.3084,1.3084,1.3084,1.3084,1.425,1.2433,1.0617,0.88,0.69833,0.51667,0.335,0.3115,0.28800000000000003,0.2645,0.24100000000000002,0.2175,0.2025,0.155,0.115,0.2125,0.2075,1.6953,1.0089,2.3978,1.3323,1.4021,1.5884
MEX,0.8680200000000001,0.8680200000000001,0.8680200000000001,0.8680200000000001,0.8680200000000001,0.8680200000000001,0.72607,0.3006,2.0307,0.61411,0.61119,0.29511,0.52562,0.8744299999999999,0.19179000000000002,0.6644800000000001,0.6592399999999999,0.40057,0.6026699999999999,0.8273799999999999,0.30229,2.6555,0.67501,1.3537,0.09108,1.1038,1.1216
MKD,0.017573,0.001491,0.026271,0.047008999999999995,0.01693,0.00035146,0.0031896,0.011004,0.0055236999999999994,0.0061687,0.11672,0.019902,0.0021582,0.0065,0.0055,0.00775,0.00775,0.06875,0.021,0.006999999999999999,0.0,0.00135,0.010738,0.00012749999999999998,0.0,0.0052375,0.0045471
MLI,1.1841,1.1841,1.1841,1.1841,1.1841,1.1841,1.0569,1.4176,3.6427,3.4108,1.8361,1.2954,1.3697,0.6914600000000001,0.8907799999999999,1.3428,0.9091299999999999,0.80955,0.9470299999999999,0.53113,0.5766899999999999,0.7013,0.51577,0.48408,0.51886,0.73363,0.40852
MMR,7.1118,7.1118,7.1118,7.1118,7.1118,7.1118,6.9466,6.3375,9.3458,9.6519,5.8715,2.3289,1.881,3.9407,12.4766,5.3003,5.1843,13.4716,4.1316,8.9546,12.5458,4.618,6.9171,6.1538,8.5923,7.5869,9.0549
MNE,0.0051936000000000005,0.0051936000000000005,0.0053763000000000005,0.0053763000000000005,0.0053763000000000005,0.0053763000000000005,0.0031659,0.0031283,0.005038,0.0033424,0.010158,0.00053637,0.0027167,0.0016552,7.8817e-05,0.0,0.0033350000000000003,0.029735,0.0037175,0.0,0.0003875,0.011303,0.047723,0.002225,0.0,0.0098425,0.014422999999999998
MNG,0.75762,0.75762,0.75762,0.75762,0.75762,0.75762,0.6754100000000001,2.6069999999999998,0.9206799999999999,0.52786,1.4122,0.35774,0.9332799999999999,0.045739999999999996,0.21788000000000002,0.088983,1.7158,1.6507,1.5216,0.17084000000000002,0.0097575,0.35553,0.9545600000000001,0.18087999999999999,0.12815,0.67769,0.51315
MOZ,1.3179,1.3179,1.3179,1.3179,1.3179,1.3179,1.9426,1.216,1.6965,1.4006,0.34781,0.5876399999999999,0.6391600000000001,1.374,0.72778,1.5793,1.0029,1.5021,1.8961,0.26437,2.164,0.9759200000000001,2.12,1.5379,1.8895,1.4932,1.8742
MRT,6.500000000000001e-05,6.500000000000001e-05,6.500000000000001e-05,6.500000000000001e-05,6.500000000000001e-05,6.500000000000001e-05,5.7499999999999995e-05,3.5e-05,4.5e-05,4.5e-05,3.75e-05,0.0,0.0,0.0002125,0.0,0.0,0.00020750000000000003,0.0001975,0.0,0.0,0.0,0.0,0.0,0.0,0.0004,8e-05,0.00010988
MUS,2.9999999999999997e-05,2.9999999999999997e-05,2.9999999999999997e-05,2.9999999999999997e-05,2.9999999999999997e-05,2.9999999999999997e-05,0.0,0.0,0.0001625,0.0,0.0,0.0,0.0,0.0,0.0,0.0,0.0,0.0,0.0,0.0,0.0,0.0,0.0003775,0.0,0.0,3.75e-05,7.831e-05
MWI,0.37179,0.37179,0.37179,0.37179,0.37179,0.37179,0.42249,0.34505,0.38525,0.31713,0.34258,0.19407,0.24040999999999998,0.61085,0.2994,0.6029399999999999,0.20022,0.24265,0.39513000000000004,0.1992,0.57267,0.41003999999999996,0.52709,0.39061999999999997,0.34901,0.38895,0.43054
MYS,2.1577,2.1577,2.1577,2.1577,2.1577,2.1577,1.5630000000000002,2.0951,10.9833,1.3279,1.3296,0.42402,2.1192,1.2427,2.3929,2.7686,0.7921199999999999,1.0914,0.6435,3.1016,1.8030000000000002,1.1881,0.99564,1.3273,4.177,1.7888,2.1816
NAM,0.31049,0.31049,0.31049,0.31049,0.31049,0.31049,0.2455,0.22396,0.32771,0.33649,0.48385,0.33476,0.38476,0.26156999999999997,0.23867,0.31931,0.10113,0.27479000000000003,0.39336,0.25722,0.2862,0.39209,0.40134000000000003,0.39049,0.25006999999999996,0.3066,0.33076
NER,0.025689999999999998,0.038120999999999995,0.050552,0.062983,0.075414,0.087845,0.10028,0.11270999999999999,0.12514,0.13757,0.15,0.1375,0.125,0.1125,0.1,0.0875,0.075,0.0625,0.05,0.02899,0.087645,0.09714,0.07210499999999999,0.13978,0.066063,0.0888,0.070159
NGA,8.0281,8.0281,8.0281,8.0281,8.0281,8.0281,8.9533,7.611000000000001,8.941,7.5676,8.3905,13.7183,8.1744,9.3417,10.9788,11.4513,12.0352,10.5605,7.4702,5.1438,6.6165,4.8337,4.2087,3.4077,4.1689,6.9896,3.2545
NIC,0.11802,0.11802,0.11802,0.11802,0.11802,0.11802,0.085775,0.15212,0.55794,0.13797,0.16246,0.005675,0.0021774999999999997,0.38097,0.02138,0.24299,0.046919999999999996,0.06027999999999999,0.079578,0.048595,0.036168,0.027868,0.01985,0.08314500000000001,0.13095,0.077635,0.058636
NLD,0.00024393,0.00024784,0.00025176,0.0002557,0.00025964,0.0002636,0.00026756,0.00027154,0.00027552,0.00027952,0.00028353,0.00028755,0.00029157,0.00029561,0.00029817,0.00030074,0.00030332,0.00030591,0.00030852,0.00031113,0.00031377,0.00031641,0.00031907,0.00032174,0.00032424,0.00032673,0.00032923
NOR,0.13942000000000002,0.14072,0.141,0.14057999999999998,0.14106,0.14129,0.14243,0.14307,0.14353,0.14392,0.14481,0.14534,0.14564000000000002,0.14618,0.14644000000000001,0.14719000000000002,0.14932,0.14703,0.1507,0.14724,0.14744000000000002,0.14719000000000002,0.1471,0.14733,0.14794000000000002,0.14778,0.14851
NPL,0.36732,0.36732,0.36732,0.36732,0.36732,0.36732,0.31998000000000004,0.23151999999999998,0.38095999999999997,0.55694,0.40873000000000004,0.12470999999999999,0.018927,0.44151999999999997,0.45271000000000006,0.36228,0.2199,0.18229,0.37909,0.42325,0.48099,0.39836,0.57733,0.45701,0.52899,0.40095,0.5472600000000001
NZL,0.1177,0.1029,0.10912000000000001,0.12426,0.13121,0.13608,0.14648,0.13604000000000002,0.16174000000000002,0.11625,0.11150999999999998,0.11115,0.11052000000000001,0.11942,0.11613,0.16476,0.17372,0.23617,0.12608,0.13702999999999999,0.13077,0.10630999999999999,0.11669000000000002,0.10132999999999999,0.10612,0.097062,0.099595
PAK,0.0012825,0.0012825,0.0012825,0.0012825,0.0012825,0.0012825,0.00119,0.00042,0.0036875,0.0026425,0.002195,0.00012749999999999998,0.0013875,0.0,0.0011474999999999999,0.0036825000000000004,0.003075,0.0011225,0.0,0.0,0.0006349999999999999,0.0,0.002545,0.0,0.0006375,0.00117,0.00078783
PAN,0.010763,0.010763,0.010763,0.010763,0.010763,0.010763,0.0099775,0.010765,0.014743000000000001,0.0093525,0.014575,0.0073425,0.012255,0.010775,0.012235,0.002165,0.019065000000000002,0.00532,0.006365,0.033764999999999996,0.0005875,0.0001975,0.012495000000000001,0.017787999999999998,0.0051875,0.010293,0.010387
PER,0.14557,0.14557,0.14557,0.14557,4.3443,3.6719999999999997,2.9997,2.3275,1.6552,0.9829700000000001,0.31071,0.5420699999999999,0.77342,1.0048,1.2361,1.4675,1.6988,1.9302,2.1615,2.3929,2.6242,3.3699,4.1155,0.13647,0.0759,0.1621,1.818
PHL,0.044393,0.044393,0.044393,0.044393,0.044393,0.044393,0.038787999999999996,0.051570000000000005,0.15865,0.044657999999999996,0.050230000000000004,0.0029875,0.069453,0.034835000000000005,0.032468000000000004,0.086935,0.034248,0.026208,0.010273000000000001,0.016305,0.096745,0.016323,0.00521,0.028268,0.046958,0.036748,0.032342
PNG,5.0422,5.0422,5.0422,5.0422,5.0422,5.0422,2.1328,35.9438,2.7154,2.6736,2.5562,1.899,6.4988,3.596,11.2238,1.9363,4.8779,2.1139,3.8749,2.3793,4.0235,1.6235,1.4554,2.603,3.8439,2.8731,2.0682
POL,0.0442,0.045191,0.044752999999999994,0.042443,0.041194,0.046229,0.036853,0.038498000000000004,0.035087,0.037887,0.033428,0.03349,0.035814,0.038207,0.035829,0.035179,0.040803,0.031596,0.036621,0.031835,0.033760000000000005,0.033198000000000005,0.033982,0.039631,0.037634,0.036363,0.044827
PRK,0.07412,0.07412,0.07412,0.07412,0.07412,0.07412,0.07019299999999999,0.2347,0.094363,0.057589999999999995,0.060488,0.055389999999999995,0.022775,0.078503,0.17642,0.08556799999999999,0.055341999999999995,0.023678,0.06742999999999999,0.037648,0.0016375,0.14561,0.036667,0.01229,0.10865999999999999,0.057451999999999996,0.05651900000000001
PRT,0.30034,0.40286,0.12768,0.10984000000000001,0.17437,0.37373,0.19205999999999998,0.073751,0.4503,0.16185,0.3341,0.26287,0.28936999999999996,0.94468,0.27002,0.8411799999999999,0.18739,0.071659,0.037387000000000004,0.15997,0.29531,0.15295,0.29279,0.34212,0.046868,0.14088,0.4503
PRY,1.3244,1.3244,1.3244,1.3244,1.3244,1.3244,1.1176,1.4778,1.2354,3.1771,0.61064,0.44921000000000005,1.1194,1.1949,0.78608,1.3397,1.2409999999999999,2.8838,1.0404,0.43782,0.9481,1.3165,1.4232,1.9067,1.3891,1.3926,1.5787
ROU,0.00041009,0.00025585,0.00067333,0.00047844,0.00028817,0.00019212,0.00020967,6.2807e-05,0.00012654,0.00035006,0.0033316,0.00094211,0.0033159,0.00070381,0.00011453,0.00019581,0.00087376,0.0027013000000000002,0.00077909,0.00089962,0.00018981,0.0011172,0.0011934,0.0012583,0.0010988,0.0010988,0.0010988
RUS,21.3476,20.2741,20.323,20.3175,19.5331,18.9232,21.6135,18.8909,24.8249,19.2044,20.4707,19.9106,21.3193,23.0571,19.0098,22.4965,25.5009,24.7213,25.6015,25.6732,22.9008,22.8275,22.6753,21.0747,22.8867,22.8593,22.935
RWA,0.10599000000000001,0.10599000000000001,0.10599000000000001,0.10599000000000001,0.10599000000000001,0.10599000000000001,0.0902,0.12625999999999998,0.12905,0.08982000000000001,0.055510000000000004,0.062192,0.19939,0.19221,0.1151,0.12385999999999998,0.13479000000000002,0.027498,0.07527,0.024682,0.12994,0.052967999999999994,0.12743,0.14184000000000002,0.12541,0.096367,0.09053
SDN,39.1958,39.1958,39.1958,39.1958,39.1958,39.1958,39.6955,45.5511,52.1357,51.5864,47.7034,30.7455,44.086000000000006,24.7508,34.5359,28.8513,36.1638,30.6382,38.6858,58.0432,38.9286,49.2387,48.1784,28.8904,17.9511,37.5569,38.204
SEN,0.8555200000000001,0.8555200000000001,0.8555200000000001,0.8555200000000001,0.8555200000000001,0.8555200000000001,0.7508600000000001,0.9590299999999999,1.6666,2.3868,1.5745,0.8962399999999999,0.58318,0.44896,0.50313,0.51045,1.0139,0.77757,0.69333,0.16445,0.65023,0.9903200000000001,0.5194,0.7449100000000001,0.6090800000000001,0.6673600000000001,0.65714
SGP,2.9999999999999997e-05,2.9999999999999997e-05,2.9999999999999997e-05,2.9999999999999997e-05,2.9999999999999997e-05,2.9999999999999997e-05,4e-05,5.5e-05,4.2499999999999996e-05,2.9999999999999997e-05,1e-05,0.0,0.0,0.0,0.0,0.0,0.0,0.0,0.0,0.0,0.0,0.000395,0.0,0.0,0.0,4e-05,7.0857e-05
SLE,0.13964000000000001,0.13964000000000001,0.13964000000000001,0.13964000000000001,0.13964000000000001,0.13964000000000001,0.06055,0.086953,0.1935,0.13733,0.12653,0.04264,0.038777,0.059677999999999995,0.068413,0.016278,0.11534000000000001,0.06909,0.11239,0.12022999999999999,0.024968,0.036085,0.6874100000000001,0.25898000000000004,0.35775999999999997,0.17985,0.32519000000000003
SLV,0.0010724999999999999,0.0010724999999999999,0.0010724999999999999,0.0010724999999999999,0.0010724999999999999,0.0010724999999999999,0.00011499999999999999,0.0012225,0.0037600000000000003,0.003635,0.004085,0.00039,0.00039,0.0,0.0,0.0,0.0002,0.0,0.0001975,0.0,0.0001975,0.0,0.0,0.005935,0.0006175,0.000715,0.0015279000000000002
SMR,0.00012596,0.00010688,8.2939e-05,8.9546e-05,0.00015317,8.237799999999999e-05,5.6200000000000004e-05,7.1175e-05,6.5477e-05,4.1585e-05,7.7031e-05,5.8713000000000005e-05,2.5753000000000002e-05,7.1338e-05,4.7443e-05,2.9103000000000002e-05,1.7963999999999999e-06,1.0868e-05,0.0,0.0,0.0,0.0,0.0,0.0,0.0,0.0,0.0
SOM,0.0006775,0.0006775,0.0006775,0.0006775,0.0006775,0.0006775,0.0007650000000000001,0.0007125,0.000695,0.000695,0.000465,0.0,0.0,0.0022,0.0,0.00040750000000000004,0.0001975,0.0001825,0.00074,0.00119,0.0032600000000000003,0.0,0.0,0.0,0.0013125,0.00073,0.0009068999999999999
SRB,0.013422,0.013422,0.013894,0.013894,0.013894,0.013894,0.0081816,0.0080842,0.013019999999999999,0.0086376,0.02625,0.0013861,0.0070208,0.0042773,0.00020368,0.0,2.5e-06,0.094552,0.0010075,0.0,0.0005075,0.00864,0.049143,0.0001375,0.0007725,0.015477000000000001,0.017025
SUR,0.18094000000000002,0.18094000000000002,0.18094000000000002,0.18094000000000002,0.18094000000000002,0.18094000000000002,0.14236,0.17948,0.3167,0.08745499999999999,0.041210000000000004,0.00017250000000000002,0.036902,0.49521000000000004,0.27134,0.084383,0.17417,0.09953,0.21691999999999997,0.44063,0.009265,0.00103,0.37814000000000003,0.25339,0.20439000000000002,0.18619000000000002,0.22685999999999998
SVK,0.010081999999999999,0.0083389,0.011607,0.02175,0.005858100000000001,0.0070152,0.0097675,0.0075917,0.0074479,0.048943,0.024592,0.011404000000000001,0.019089,0.037237,0.012902,0.02391,0.015093,0.024844,0.015604,0.023014,0.018209,0.021841,0.041725,0.013798,0.020536000000000002,0.023053,0.019063999999999998
SVN,0.0015609999999999999,0.0014872,0.00095925,0.003475,0.0025280999999999997,0.00046875,0.00079734,0.0013009,0.0025497,0.0011685,0.00046762,0.00092837,0.0003066,0.0064551,0.00031879,0.00060832,0.004507,0.00047661,0.00022218,0.00055433,0.00025111,0.00076601,0.0028702,0.00023993,6.6445e-05,0.00024258,0.0012079
SWE,0.46941000000000005,0.46916,0.46946000000000004,0.46881999999999996,0.47007,0.47161000000000003,0.47093,0.48041999999999996,0.47001000000000004,0.47494,0.47539,0.47563999999999995,0.47766000000000003,0.47691000000000006,0.47302,0.47431999999999996,0.48033000000000003,0.46913999999999995,0.47511000000000003,0.45764,0.45453000000000005,0.44792,0.43663,0.4396,0.46876999999999996,0.43945,0.43964
SWZ,0.06806,0.06806,0.06806,0.06806,0.06806,0.06806,0.07122,0.053373000000000004,0.095333,0.06329299999999999,0.046187,0.033287,0.036427999999999995,0.034125,0.064513,0.047628,0.035037,0.21755,0.18449000000000002,0.006845,0.06025,0.034087,0.061860000000000005,0.077343,0.059883000000000006,0.078497,0.081981
SYR,0.000795,0.000795,0.000795,0.000795,0.000795,0.000795,7.5e-05,7.25e-05,7.5e-05,0.00011499999999999999,0.00013000000000000002,0.0,0.0,0.0,0.0008300000000000001,0.0,0.0,0.0,0.0,0.0,0.0,0.0,0.01055,0.00119,0.0015275,0.0013275000000000001,0.0028365
TCA,0.00011499999999999999,0.00011499999999999999,0.00011499999999999999,0.00011499999999999999,0.00011499999999999999,0.00011499999999999999,0.0001425,0.0001075,0.0001075,0.0001075,0.0001075,0.0,0.0,0.0,0.0,0.0,0.0,0.0,0.0,0.0015725,0.0,0.0,0.0,0.0,0.0,0.0001575,0.00019176
TCD,1.1552,1.1552,1.1552,1.1552,1.1552,1.1552,1.5445,2.3549,5.1188,4.9857,3.1061,0.5288,0.55476,0.39234,0.37133,0.4031,0.59234,0.47236000000000006,0.39250999999999997,0.15789,0.32709,0.46263999999999994,0.45247,0.28067,0.2282,0.37693000000000004,0.28749
TGO,0.053665,0.053665,0.36,0.36,0.36,0.359,0.36,0.36,0.36,0.41988000000000003,0.47975,0.4814,0.48305,0.4847,0.48635,0.488,0.027832,0.027218,0.026507999999999997,0.021705000000000002,0.033767,0.031952999999999995,0.016130000000000002,0.01523,0.015430000000000001,0.026715,0.0
THA,1.379,1.379,1.379,1.379,1.379,1.379,1.2389,1.2063,2.9849,1.7008,1.0238,0.32525,0.8082,0.37905,2.3165,1.4222,0.77832,2.8255,1.5585,1.035,1.7479,0.36101,1.4680000000000002,1.0989,1.8824,1.4178,1.6167
TJK,0.00037337,0.00037337,0.0001,0.0001,0.0001,0.0001,0.0015325,0.00049,0.0,0.0,0.0,0.0,0.0,0.0,0.0,0.0,0.0,0.0,0.0,0.0,0.0,0.0,0.0,0.0,0.0,0.0,0.0
TKM,0.00019031,0.00019031,0.00021,0.00021,0.00021,0.00021,0.000145,0.00012749999999999998,0.000125,0.000125,0.00044500000000000003,0.0,0.0,0.0,0.0,0.0,0.0,0.0,0.0016425,0.0,0.00025499999999999996,0.0,0.0,0.00064,0.00041749999999999996,0.000295,0.00045324
TLS,0.0028875,0.0028875,0.0028875,0.0028875,0.0028875,0.0028875,0.00057,0.009832500000000001,0.0004875,0.00321,0.000375,0.001405,0.0051600000000000005,0.00061,0.006305,0.00425,0.005135,0.000455,0.0009175,0.0013824999999999998,0.0,0.00098,0.0023675000000000002,0.000195,0.0114,0.0027075,0.0031584
TTO,0.0031025,0.0031025,0.0031025,0.0031025,0.0031025,0.0031025,0.003385,0.0024875,0.0052975,0.00302,0.005435,0.000205,0.0,0.004515,0.0068375,0.0001975,0.000395,0.00586,0.0,0.0,0.019122999999999998,0.0,0.0,0.0011825,0.00132,0.0028075,0.0032045999999999997
TUN,0.0008849999999999999,0.0008849999999999999,0.0008849999999999999,0.0008849999999999999,0.0008849999999999999,0.0008849999999999999,0.0001825,0.000155,0.00023999999999999998,0.00021749999999999997,0.0025800000000000003,0.0,0.0,0.0,0.0,0.00013000000000000002,0.0,0.00037999999999999997,0.0,0.0,0.0,0.0023350000000000003,0.0,0.0051775,0.00498,0.0013,0.0029850000000000002
TUR,0.020165,0.011918000000000002,0.018133,0.022946,0.057249,0.011597,0.022686,0.009674700000000001,0.010445,0.0089984,0.041276,0.011661,0.014247,0.011124,0.008156,0.004686699999999999,0.012971000000000002,0.019528999999999998,0.049828,0.0078432,0.0056008,0.006113,0.017688,0.019698,0.0046583,0.0051027,0.016031
TWN,0.0001325,0.0001325,0.0001325,0.0001325,0.0001325,0.0001325,0.000125,9.75e-05,9.75e-05,9.75e-05,9.75e-05,0.0,0.0,0.0,0.0,0.0,0.0,0.0,0.0,0.001385,0.0,0.0,0.0,0.0,0.00053,0.00019250000000000002,0.00030943
TZA,13.6487,13.6487,13.6487,13.6487,13.6487,13.6487,16.9121,13.6262,17.233,15.388,9.7805,15.4926,10.6854,16.5999,15.1918,18.8121,11.4815,14.6682,14.4883,12.645999999999999,13.0954,11.9134,12.034,10.209,9.8014,12.9149,10.8378
UGA,0.8202200000000001,0.8202200000000001,0.8202200000000001,0.8202200000000001,0.8202200000000001,0.8202200000000001,0.84591,1.0639,1.3938,1.4866,1.1417,0.19931,0.77345,0.9385,1.4366,0.77158,0.52613,0.18688,0.42325,1.0796,0.38902,0.60275,0.8598299999999999,0.9859100000000001,0.65203,0.6477,0.71109
UKR,0.011343,0.007974,0.014388999999999999,0.018872,0.046007,0.017263999999999998,0.038691,0.0059018000000000004,0.016484,0.020544,0.0066277,0.016854,0.013727000000000001,0.0085078,0.0042081,0.0078276,0.01342,0.10177,0.034739,0.027770999999999997,0.031013,0.0046496,0.024546000000000002,0.0019085,0.034424,0.050812,0.0046067
URY,0.01028,0.01028,0.01028,0.01028,0.01028,0.01028,0.009622499999999999,0.00883,0.014155000000000001,0.01026,0.01649,0.00012749999999999998,0.00025499999999999996,0.00109,0.013847,0.041023000000000004,0.020808,0.0053525,0.010072,0.009009999999999999,0.0011575,0.016273,0.008815,0.0053475,0.001165,0.011902,0.009154
USA,6.7219,7.2277,5.2532,4.5147,9.6242,4.4232,7.7323,4.0944,5.7842,8.7568,12.1084,8.0313,15.3106,10.3046,15.017000000000001,13.272,12.4241,16.0148,11.4587,10.735999999999999,6.9384,11.1994,14.9782,10.9364,11.2073,22.4042,22.3846
UZB,0.023415000000000002,0.023415000000000002,0.023117,0.023117,0.023117,0.023117,0.028723000000000002,0.025807999999999998,0.025968,0.024347999999999998,0.036114999999999994,0.14683,0.032385000000000004,0.000405,0.0005375,0.0,0.00415,0.032505,0.028942000000000002,0.0,0.0,0.01153,0.023944999999999998,0.007447499999999999,0.019858,0.012837000000000001,0.0
VAT,4.0233999999999995e-06,3.3922000000000003e-06,2.6106e-06,2.7710000000000002e-06,4.6703e-06,2.4831e-06,1.6683000000000002e-06,2.0997e-06,1.9082e-06,1.1986e-06,2.2055000000000003e-06,1.6665e-06,7.2532e-07,1.9979e-06,1.3099000000000002e-06,7.9425e-07,4.8528e-08,2.8857e-07,0.0,0.0,0.0,0.0,0.0,0.0,0.0,0.0,0.0
VCT,0.0017125,0.0017125,0.0017125,0.0017125,0.0017125,0.0017125,0.0017125,0.0017125,0.001325,0.0009375,0.00055,0.00055,0.00055,0.00055,0.00055,0.00036179,0.00025107,0.00014036,2.9643e-05,0.0,0.0,0.0,0.0,0.0,0.0,0.0,0.0
VEN,1.7469999999999999,1.7469999999999999,1.7469999999999999,1.7469999999999999,1.7469999999999999,1.7469999999999999,1.6980000000000002,1.7975,3.5398,1.8867,2.11,3.0897,0.38015,3.7228,0.51174,1.2127,1.5189,2.4308,1.2344,0.74079,3.6836,0.10217999999999999,0.10928,2.332,1.3661,1.4731,1.1751
VNM,0.57533,0.57533,0.57533,0.57533,4.5,4.3347,4.1694,4.0041,3.8388,3.6735,3.5083,3.2778,3.0474,2.8169999999999997,2.5866,2.3562,2.1258,1.8954,1.665,1.4346,1.2042,0.83645,0.46873000000000004,0.10099999999999999,0.70653,0.53654,0.0
VUT,0.00024249999999999999,0.00024249999999999999,0.00024249999999999999,0.00024249999999999999,0.00024249999999999999,0.00024249999999999999,5e-05,0.00045999999999999996,4.7499999999999996e-05,6.500000000000001e-05,0.0,0.0,0.0007875,0.0004,0.0,0.0027600000000000003,0.0,0.0,0.0,0.0,0.0,0.0,0.0,0.0,0.0,0.000275,0.0
WSM,0.0014349999999999999,0.0014349999999999999,0.0014349999999999999,0.0014349999999999999,0.0014349999999999999,0.0014349999999999999,0.001545,0.001545,0.0034924999999999995,0.0017075,0.00032250000000000003,0.0,0.0,0.0027600000000000003,0.0,0.0,0.0,0.0,0.0,0.0,0.0,0.015773,0.0,0.0,0.0,0.0015775000000000001,0.0026138000000000003
ZAF,0.87577,0.87577,0.87577,0.87577,0.87577,0.87577,1.2487,1.2362,2.051,1.3954,0.42925,0.4158,0.40235,0.3889,0.37546,0.36201,0.34856,0.33510999999999996,0.33510999999999996,0.32166,0.30822,0.29477,0.28131999999999996,0.26787,0.87877,0.7951199999999999,0.5284399999999999
ZMB,80.0292,80.0292,80.0292,80.0292,80.0292,80.0292,87.4719,78.7957,80.118,71.8349,80.4971,74.1839,73.3487,77.9665,85.1724,99.5375,82.17399999999999,78.3387,83.5854,71.1297,80.2706,76.6897,76.4933,82.1182,79.8394,81.0177,79.9319
ZWE,0.08399,0.08399,0.08399,0.08399,0.08399,0.08399,0.15441,0.28553,0.33039,0.21335,0.01377,0.0099925,0.017453,0.018355,0.019833,0.10794000000000001,0.01892,0.053822,0.16309,0.0,0.036512,0.05231,0.067175,0.0405,0.020380000000000002,0.056065,0.058478999999999996
