cat,ECO
clss,TOTAL
ent,GDPPPP
family,gdp
note,Read in by JGRenamed as composite source from GDPPPP_ECO_TOTAL_NET_HISTORY_PWT91PT! | Add the countries {AFG.CUB.LBY.PRI.PRK} from GDPPPP_ECO_TOTAL_NET_PMHIST_MPD2018PT || Pad values of country ALB... || Pad values of country ARG... || Pad values of country ARM... || Pad values of country AUS... || Pad values of country AUT... || Pad values of country AZE... || Pad values of country BDI... || Pad values of country BEL... || Pad values of country BEN... || Pad values of country BFA... || Pad values of country BGD... || Pad values of country BGR... || Pad values of country BIH... || Pad values of country BLR... || Pad values of country BOL... || Pad values of country BRA... || Pad values of country BRB... || Pad values of country BWA... || Pad values of country CAF... || Pad values of country CAN... || Pad values of country CHE... || Pad values of country CHL... || Pad values of country CHN... || Pad values of country CIV... || Pad values of country CMR... || Pad values of country COG... || Pad values of country COL... || Pad values of country COM... || Pad values of country CPV... || Pad values of country CRI... || Pad values of country CZE... || Pad values of country DEU... || Pad values of country DJI... || Pad values of country DMA... || Pad values of country DNK... || Pad values of country DOM... || Pad values of country ECU... || Pad values of country EGY... || Pad values of country ESP... || Pad values of country EST... || Pad values of country FIN... || Pad values of country FRA... || Pad values of country GAB... || Pad values of country GBR... || Pad values of country GEO... || Pad values of country GHA... || Pad values of country GIN... || Pad values of country GMB... || Pad values of country GNB... || Pad values of country GNQ... || Pad values of country GRC... || Pad values of country GTM... || Pad values of country HKG... || Pad values of country HND... || Pad values of country HRV... || Pad values of country HTI... || Pad values of country HUN... || Pad values of country IDN... || Pad values of country IND... || Pad values of country IRL... || Pad values of country IRN... || Pad values of country IRQ... || Pad values of country ISR... || Pad values of country ITA... || Pad values of country JAM... || Pad values of country JOR... || Pad values of country JPN... || Pad values of country KAZ... || Pad values of country KGZ... || Pad values of country KHM... || Pad values of country KOR... || Pad values of country LAO... || Pad values of country LBN... || Pad values of country LBR... || Pad values of country LCA... || Pad values of country LKA... || Pad values of country LSO... || Pad values of country LTU... || Pad values of country LVA... || Pad values of country MAR... || Pad values of country MDA... || Pad values of country MDG... || Pad values of country MEX... || Pad values of country MKD... || Pad values of country MLI... || Pad values of country MLT... || Pad values of country MMR... || Pad values of country MNE... || Pad values of country MNG... || Pad values of country MOZ... || Pad values of country MRT... || Pad values of country MWI... || Pad values of country MYS... || Pad values of country NAM... || Pad values of country NER... || Pad values of country NIC... || Pad values of country NLD... || Pad values of country NOR... || Pad values of country NPL... || Pad values of country NZL... || Pad values of country OMN... || Pad values of country PAN... || Pad values of country PER... || Pad values of country PHL... || Pad values of country POL... || Pad values of country PRT... || Pad values of country PRY... || Pad values of country PSE... || Pad values of country ROU... || Pad values of country RUS... || Pad values of country RWA... || Pad values of country SAU... || Pad values of country SDN... || Pad values of country SEN... || Pad values of country SGP... || Pad values of country SLE... || Pad values of country SLV... || Pad values of country SRB... || Pad values of country SSD... || Pad values of country STP... || Pad values of country SVK... || Pad values of country SVN... || Pad values of country SWE... || Pad values of country SWZ... || Pad values of country SYC... || Pad values of country SYR... || Pad values of country TCD... || Pad values of country TGO... || Pad values of country THA... || Pad values of country TJK... || Pad values of country TKM... || Pad values of country TUN... || Pad values of country TUR... || Pad values of country TWN... || Pad values of country TZA... || Pad values of country UKR... || Pad values of country URY... || Pad values of country USA... || Pad values of country UZB... || Pad values of country VEN... || Pad values of country VNM... || Pad values of country YEM... || Pad values of country ZAF... || Pad values of country ZMB... || Pad values of country ZWE... || Renamed as composite source from GDPPPP_ECO_TOTAL_NET_PMHSOCIOECO21_TEMPSRC1! | Add the countries {ERI.FSM.GUY.KIR.MHL.NRU.PLW.PNG.SLB.SMR.TLS.TON.TUV.VUT.WSM} from GDPPPP_ECO_TOTAL_NET_HISTORY_WDI2019BPT || Pad values of country AFG... || Pad values of country CUW... || Pad values of country LBY... || Pad values of country PRI... ||  | built by Johannes Guetschow | calculated the values for ANT from {CUW.SXM}
scen,HISTORY
srce,PMH21
tablename,GDPPPP_ECO_TOTAL_NET_HISTORY_PMH21
tpe,NET
unit,2011GKD
ISO3,1990,1991,1992,1993,1994,1995,1996,1997,1998,1999,2000,2001,2002,2003,2004,2005,2006,2007,2008,2009,2010,2011,2012,2013,2014,2015,2016,2017
ABW,2412750000.0,2216297363.2813,2977462646.4844,3312827636.7188,3744094482.4219,3456090820.3125,3724024169.9219,3958321044.9219,3973170410.1563,3678373779.2969,3930498779.2969,3896175781.25,3872228515.625,3922794433.5938,4200100097.6563,4337367187.5,4338022460.9375,4531907226.5625,4597615234.375,4403982421.875,3957928955.0781,3813092529.2969,3773461669.9219,3872761718.75,3920099609.375,3959138427.7344,3867489746.0938,3914103515.625
AFG,24725317536.0,23419568937.0,23596954434.0,17081931240.0,13182461244.0,19939833357.0,19004264496.0,17924698676.0,16895526840.0,15874454228.0,15273265455.0,14952035696.0,24589637760.0,26333128552.0,27372439188.0,30451626799.0,33226342593.0,39214475592.0,40585412064.0,47390942897.0,49177579295.0,53970404096.0,60608876320.0,65345917725.0,67475745468.0,66349426584.0,68253868728.0,70073033662.5461
AGO,33830601562.5,31355707031.25,36164011718.75,31365695312.5,33521875000.0,33295988281.25,43772457031.25,40734230468.75,42079972656.25,44278480468.75,36798773437.5,37047273437.5,42365441406.25,44380367187.5,52764265625.0,66810617187.5,84281656250.0,92073625000.0,110301296875.0,89814960937.5,126388789062.5,165386625000.0,173114968750.0,175260953125.0,171307718750.0,145570390625.0,144175015625.0,146037390625.0
AIA,200675949.0967,158600738.5254,198202697.7539,204180587.7686,219198165.8936,207556823.7305,210285614.0137,228822540.2832,263272460.9375,276682312.0117,279727111.8164,280402252.1973,259309204.1016,276000091.5527,324509674.0723,376984405.5176,440832641.6016,521640991.2109,523846618.6523,392532379.1504,370585815.4297,376863983.1543,356917938.2324,352031219.4824,374633666.9922,386110260.0098,366199554.4434,336493682.8613
ALB,10297041992.1875,8448994140.625,6562725097.6563,8027696289.0625,9673472656.25,10504735351.5625,11795974609.375,10894136718.75,12109042968.75,13144066406.25,13383586914.0625,14123751953.125,14676195312.5,15717617187.5,16756181640.625,18069826171.875,19499613281.25,21062894531.25,23207287109.375,24668244140.625,27057423828.125,28091714843.75,28934449218.75,28344683593.75,29794019531.25,31280369140.625,31364695312.5,33738601562.5
ANT,3044959817.2894,3159079757.5705,3254319693.3464,3377462625.3743,3539290531.8161,3591209809.5752,3713739757.3813,3907035823.0157,3997592404.1849,4007970975.2771,4840711323.2829,4821078882.8388,4837116176.386,4867019315.5087,4934169484.8356,5020109130.8594,5100301513.6719,5238525268.5547,5379363525.3906,5305305541.9922,5323037963.8672,5350575683.5938,5283241699.2188,5252867065.4297,5295757568.3594,5376175415.0390005,5259931274.4141,5107018920.8984
ARE,205948062500.0,208418640625.0,216961187500.0,177892609375.0,183150000000.0,198868281250.0,212650875000.0,229181000000.0,212201718750.0,234410281250.0,293381062500.0,296899500000.0,307601375000.0,330485375000.0,358510312500.0,416559781250.0,482836500000.0,519254218750.0,560122000000.0,472784468750.0,476537093750.0,554952437500.0,580192312500.0,602509125000.0,639543937500.0,581647562500.0,578228062500.0,596089562500.0
ARG,174260562500.0,209316968750.0,251941218750.0,289741843750.0,337225031250.0,374330937500.0,482767000000.0,500660593750.0,500768000000.0,470612125000.0,466399968750.0,436439968750.0,405416562500.0,427786687500.0,460466500000.0,499701406250.0,541804375000.0,592911375000.0,633507500000.0,592230250000.0,658943500000.0,717974437500.0,713034312500.0,723992375000.0,701992062500.0,718820312500.0,709364562500.0,736510875000.0
ARM,21347191406.25,19200675781.25,11015563476.5625,9739891601.5625,8125392089.8438,8516803710.9375,8930552734.375,8469625976.5625,8574900390.625,8652245117.1875,9017800781.25,9850267578.125,11054021484.375,12457209960.9375,13678836914.0625,15699254882.8125,17868910156.25,20674759765.625,22234271484.375,20135666015.625,22002771484.375,24617986328.125,25455658203.125,25938695312.5,26708552734.375,26681625000.0,26856033203.125,29110048828.125
ATG,726067138.6719,738014038.0859,759471374.5117,811087219.2383,860850280.7617,825955444.3359,863726562.5,922935913.0859,988606811.5234,1040421752.9297,1120700561.5234,1125396606.4453,1180371459.9609,1238953735.3516,1341801391.6016,1452814697.2656,1638947998.0469,1846101440.4297,1961216308.5938,1831348510.7422,1734380371.0938,1757898559.5703,1809468994.1406,1807881347.6563,1621189575.1953,1698992675.7813,1901626953.125,2051218994.1406
AUS,457506125000.0,457298187500.0,475796625000.0,495106656250.0,516066375000.0,539097250000.0,564025562500.0,592444437500.0,616566125000.0,650830437500.0,663465437500.0,691063562500.0,714119500000.0,748771000000.0,776666437500.0,815898625000.0,839514375000.0,864287937500.0,884782750000.0,891724562500.0,950174562500.0,991756937500.0,1014458812500.0,1049748250000.0,1073613625000.0,1071281375000.0,1116080875000.0,1155150375000.0
AUT,193505656250.0,205200125000.0,213520015625.0,218249500000.0,227394953125.0,238102906250.0,242074359375.0,252449468750.0,265817375000.0,274803093750.0,285299750000.0,281192656250.0,286887593750.0,292061500000.0,303007156250.0,320044250000.0,334317906250.0,347094562500.0,358759687500.0,352116062500.0,361469406250.0,379627031250.0,394418062500.0,396453000000.0,400412781250.0,416196968750.0,428223500000.0,441527781250.0
AZE,49903250000.0,61045167968.75,42586882812.5,35195191406.25,25602984375.0,17257589843.75,16713470703.125,16723619140.625,15962334960.9375,17342900390.625,20876464843.75,23354730468.75,23616685546.875,25115773437.5,27155636718.75,39687457031.25,57297628906.25,78693695312.5,103728328125.0,98356578125.0,121629093750.0,155538156250.0,154490015625.0,156100312500.0,155079562500.0,140595390625.0,138429140625.0,145533718750.0
BDI,4276405761.7188,4450114257.8125,4324957031.25,4048535644.5313,4206754394.5313,3885945312.5,3673145019.5313,3718340332.0313,3934031494.1406,4024075927.7344,3747033203.125,3778393066.4063,3902520751.9531,4057457275.3906,4326257812.5,4363125488.2813,4557171875.0,4758210449.2188,5171108398.4375,5411642578.125,5928529785.1563,6271908691.4063,6686474121.0938,7232395019.5313,7664408691.4063,7608050781.25,7932587890.625,8223047851.5625
BEL,251967109375.0,257067484375.0,265715218750.0,266461718750.0,274146656250.0,281534625000.0,281381656250.0,298709000000.0,308854250000.0,323300687500.0,344935968750.0,348277625000.0,356017468750.0,357093000000.0,367341875000.0,386862531250.0,399906593750.0,415670312500.0,429194656250.0,424332625000.0,452347468750.0,466257500000.0,476811437500.0,474723156250.0,479259093750.0,495379531250.0,507133875000.0,522365468750.0
BEN,5866545410.1563,6148177734.375,6339333007.8125,6648979980.4688,6158776367.1875,6623391113.2813,7195323242.1875,7729488281.25,8069195312.5,8784571289.0625,9752310546.875,10436412109.375,11546254882.8125,12416490234.375,13443246093.75,14232771484.375,14500962890.625,15052317382.8125,15945276367.1875,16255987304.6875,16345984375.0,16737851562.5,17697255859.375,18826501953.125,20363792968.75,20904548828.125,20443193359.375,21813943359.375
BFA,7828164550.7813,8441720703.125,8430670898.4375,8696628906.25,8176389160.1563,8567464843.75,9427762695.3125,9961409179.6875,10871033203.125,11630472656.25,11796857421.875,12598141601.5625,13266878906.25,14350149414.0625,15047606445.3125,16481357421.875,17030714843.75,17338115234.375,18233767578.125,18727917968.75,20548550781.25,22324939453.125,23986253906.25,24812113281.25,26555441406.25,27603187500.0,29277648437.5,31398371093.75
BGD,143756078125.0,150662234375.0,154789015625.0,159659187500.0,167250796875.0,174112718750.0,178081171875.0,177834343750.0,177856406250.0,176685218750.0,178697781250.0,183603000000.0,191822937500.0,197213531250.0,202954046875.0,213283093750.0,233027015625.0,259030781250.0,284373781250.0,312150500000.0,350771250000.0,395656718750.0,414495625000.0,435394437500.0,458394750000.0,483063156250.0,513158562500.0,552746562500.0
BGR,82355695312.5,84765562500.0,71115992187.5,65007082031.25,64965597656.25,62822734375.0,55010691406.25,48617171875.0,51106265625.0,58929054687.5,63369332031.25,64520832031.25,68574640625.0,71415335937.5,75493695312.5,82303554687.5,87665859375.0,97531132812.5,106122562500.0,106664093750.0,112952429687.5,117142890625.0,118092296875.0,118068390625.0,122098593750.0,127984273437.5,135844875000.0,141948468750.0
BHR,7602215332.0313,7884369628.9063,8400297851.5625,8963865234.375,8919089843.75,9326956054.6875,9230870117.1875,10117475585.9375,9886842773.4375,11832038085.9375,15940292968.75,17373640625.0,17691994140.625,21642117187.5,25313539062.5,33769960937.5,37855593750.0,42959464843.75,49325175781.25,43805203125.0,49742933593.75,54355785156.25,52772558593.75,57784402343.75,58383980468.75,53667402343.75,53570433593.75,55468703125.0
BHS,6536341308.5938,6149021972.6563,6057100585.9375,6066185546.875,6350653808.5938,6609022949.2188,7637997070.3125,8091130371.0938,8970431640.625,9858063476.5625,10313375976.5625,10254656250.0,11304698242.1875,11048073242.1875,10865387695.3125,11796840820.3125,11843569335.9375,12338357421.875,11999172851.5625,11131718750.0,11326032226.5625,11224101562.5,11544865234.375,11242757812.5,11340404296.875,11092138671.875,11018008789.0625,10970416015.625
BIH,5684102539.0625,5139124511.7188,4843726562.5,4700342773.4375,5172507812.5,6495702636.7188,11597487304.6875,15552369140.625,15848619140.625,17818519531.25,18310751953.125,19085414062.5,20262876953.125,21081974609.375,22768888671.875,24945804687.5,28055863281.25,30518923828.125,32925304687.5,33046609375.0,34013976562.5,35240269531.25,35509187500.0,36650800781.25,36882410156.25,38744898437.5,40419613281.25,42611074218.75
BLR,131560812500.0,130078546875.0,109796687500.0,86368429687.5,76034593750.0,72421531250.0,73699773437.5,74498539062.5,75629242187.5,75592695312.5,77645359375.0,81083320312.5,83148851562.5,86050007812.5,92079101562.5,102697703125.0,113802148437.5,124174023437.5,142325140625.0,137058265625.0,148411796875.0,175824703125.0,174534671875.0,165423687500.0,163411984375.0,160820031250.0,153790250000.0,161272218750.0
BLZ,1090020996.0938,1025958984.375,1095165039.0625,1210200805.6641,1327792602.5391,1455644653.3203,1338380371.0938,1342866333.0078,1390406005.8594,1449869873.0469,1595539062.5,1711948852.5391,1828173461.9141,1938414428.7109,2009859008.7891,2095394042.9688,2195080322.2656,2278372558.5938,2279641357.4219,2279346435.5469,2437220214.8438,2545388183.5938,2664373779.2969,2696225585.9375,2792202148.4375,2930730712.8906,3010549560.5469,3203599853.5156
BOL,14398026367.1875,15118842773.4375,15788344726.5625,16813681640.625,18485972656.25,20510767578.125,22431205078.125,23030417968.75,23593812500.0,24103527343.75,24793865234.375,25738753906.25,26887248046.875,28844656250.0,31427279296.875,33914480468.75,37635746093.75,39755019531.25,44110714843.75,44863496093.75,50453625000.0,56204390625.0,59886242187.5,62728187500.0,63218062500.0,61380578125.0,63017363281.25,67650093750.0
BRA,838785500000.0,916283250000.0,948072375000.0,1019239875000.0,1140545500000.0,1324446250000.0,1572550250000.0,1541034500000.0,1482561000000.0,1429172750000.0,1457373000000.0,1457239750000.0,1486904875000.0,1492127875000.0,1578817125000.0,1643195500000.0,1786441250000.0,1983453000000.0,2212157750000.0,2301531000000.0,2672549750000.0,2984256750000.0,3013859000000.0,3088779750000.0,3090469750000.0,2956147250000.0,2877495750000.0,2927050250000.0
BRB,4034069824.2188,4280905761.7188,4284547851.5625,4476351074.2188,4725658691.4063,4888077148.4375,5512674316.4063,5740505859.375,5627378417.9688,5762619628.9063,5830501953.125,5417972656.25,5259875000.0,5233551757.8125,5406013183.5938,5659952148.4375,5304615234.375,5727825195.3125,5504844726.5625,4998843261.7188,4738235351.5625,4541323242.1875,4393804687.5,4205116210.9375,4094938476.5625,4152214843.75,4147452636.7188,3966375000.0
BRN,13534630859.375,13242967773.4375,13793449218.75,13020916992.1875,12084651367.1875,11089208984.375,14599272460.9375,12603419921.875,11124307617.1875,13161704101.5625,16280771484.375,15982021484.375,16451224609.375,18398988281.25,21228402343.75,25747878906.25,28735302734.375,27364394531.25,31721166015.625,24074201171.875,25588300781.25,31269169921.875,31564703125.0,29570558593.75,29513318359.375,23910697265.625,21491298828.125,23064080078.125
BTN,1289336181.6406,1280901489.2578,1298874145.5078,1379825927.7344,1392832031.25,1523292602.5391,1601731079.1016,1739592773.4375,1806413085.9375,1980392456.0547,2255844238.2813,2434283691.4063,2784315917.9688,2967604980.4688,3156404785.1563,3448388916.0156,3686973876.9531,4226086914.0625,4141415527.3438,4489283203.125,4717090332.0313,4886525878.9063,4813927734.375,5612781738.2813,5495857421.875,5752144042.9688,6153269531.25,6429973144.5313
BWA,8566812500.0,9006427734.375,9110082031.25,9469376953.125,9963929687.5,10891587890.625,12999692382.8125,14085880859.375,13842116210.9375,16177795898.4375,17442148437.5,17367220703.125,18213855468.75,18933027343.75,20422095703.125,23779882812.5,25194083984.375,25758644531.25,25075527343.75,22953556640.625,26015035156.25,28531400390.625,28392164062.5,31791283203.125,34274968750.0,33786910156.25,37066414062.5,36231753906.25
CAF,2970200439.4531,2924511474.6094,2807937255.8594,2740769287.1094,3231395019.5313,3288317382.8125,2887304199.2188,3086655273.4375,3229543457.0313,3238239257.8125,3340085205.0781,3402076171.875,3395343750.0,3223351806.6406,3317064453.125,3425207763.6719,3531022460.9375,3667905761.7188,3728617675.7813,3657447265.625,3806516113.2813,4104749511.7188,4240591308.5938,2688336425.7813,2736671386.7188,3041237060.5469,3291197265.625,3362493408.2031
CAN,835768750000.0,814601812500.0,822100062500.0,846281000000.0,887385375000.0,924156750000.0,946441937500.0,993100500000.0,1015193187500.0,1082279750000.0,1149054875000.0,1150438875000.0,1160419750000.0,1200164875000.0,1252366000000.0,1326924750000.0,1340594125000.0,1358959000000.0,1382668500000.0,1289737125000.0,1358793375000.0,1425045625000.0,1460425875000.0,1513226000000.0,1573313500000.0,1535818125000.0,1540241875000.0,1603831875000.0
CHE,263971406250.0,261793484375.0,261003390625.0,263984406250.0,268294187500.0,270558500000.0,273837218750.0,287081156250.0,299065625000.0,305943687500.0,313534750000.0,313793937500.0,311667343750.0,310052281250.0,317118250000.0,338562937500.0,366424312500.0,401859750000.0,420987406250.0,413857468750.0,423415562500.0,450059937500.0,463703125000.0,469859031250.0,483251906250.0,502535531250.0,503161750000.0,518338718750.0
CHL,100658906250.0,108568882812.5,119801867187.5,126720289062.5,138398421875.0,158926250000.0,163851203125.0,167908671875.0,165693765625.0,161274609375.0,166271718750.0,166442656250.0,169004953125.0,176157812500.0,197930093750.0,218377562500.0,255943750000.0,277551093750.0,273340093750.0,279140843750.0,323270500000.0,355087468750.0,373007906250.0,386491250000.0,402410500000.0,403243625000.0,414756281250.0,427225531250.0
CHN,2977409750000.0,3145690250000.0,3387507750000.0,3726906250000.0,3955345500000.0,4191757250000.0,4462026000000.0,4582080500000.0,4643295500000.0,4963690000000.0,5360184000000.0,5831706000000.0,6387773000000.0,6754248000000.0,7397977500000.0,8456687000000.0,9290428000000.0,9953018000000.0,10467276000000.0,11240166000000.0,12856674000000.0,14015385000000.0,14455423000000.0,15209321000000.0,16030692000000.0,16251012000000.0,16745152000000.0,17562612000000.0
CIV,27218505859.375,27718900390.625,28995769531.25,29128302734.375,30785925781.25,33689300781.25,36906156250.0,36916035156.25,37362750000.0,37158519531.25,36010214843.75,36437390625.0,36883796875.0,39849601562.5,37677273437.5,37229132812.5,39183980468.75,41001781250.0,44516343750.0,48671964843.75,52697824218.75,53532144531.25,57340960937.5,62130300781.25,68150742187.5,75618640625.0,82654640625.0,86714609375.0
CMR,27860416015.625,27072886718.75,26596150390.625,27975851562.5,28834619140.625,30600046875.0,32749609375.0,33899019531.25,35422597656.25,37026468750.0,38215726562.5,38552250000.0,39907675781.25,42354105468.75,43425171875.0,44825011718.75,46445351562.5,48696679687.5,50907691406.25,51519769531.25,53753265625.0,56873328125.0,59572515625.0,62763773437.5,66308585937.5,68676234375.0,71503601562.5,74722437500.0
COD,46940769531.25,36779500000.0,50322585937.5,38748714843.75,29313857421.875,30784316406.25,27373488281.25,28049332031.25,24658332031.25,25808359375.0,23414951171.875,23203089843.75,24237917968.75,26093552734.375,28624037109.375,31356927734.375,32752996093.75,35781625000.0,35796750000.0,36675726562.5,41802316406.25,45069652343.75,51525964843.75,57247710937.5,61003179687.5,63747265625.0,61427289062.5,64317011718.75
COG,5244270507.8125,5963842773.4375,4366150390.625,4579959472.6563,4202789550.7813,3969525878.9063,4655941406.25,4424280761.7188,3609039306.6406,4686532226.5625,7440250976.5625,6967434570.3125,7444678222.6563,7630689453.125,9392217773.4375,12337357421.875,13453157226.5625,11358126953.125,15250811523.4375,13636946289.0625,20696900390.625,24946111328.125,25511285156.25,22194433593.75,24073068359.375,18380437500.0,18074832031.25,23309599609.375
COL,233717015625.0,237186828125.0,244283062500.0,256264984375.0,269976093750.0,281719093750.0,282918406250.0,288778968750.0,280504781250.0,267742843750.0,277385906250.0,276561718750.0,282274937500.0,291715656250.0,308195500000.0,330182656250.0,361470656250.0,397824593750.0,431743718750.0,441794531250.0,480454656250.0,537573437500.0,558578250000.0,580197062500.0,598554062500.0,598344687500.0,606601062500.0,629047375000.0
COM,1391889770.5078,1345900756.8359,1434482177.7344,1416421997.0703,1200773925.7813,1431852783.2031,1404951293.9453,1427982055.6641,1344498657.2266,1375294921.875,1353778442.3828,1515339843.75,1605078125.0,1573720825.1953,1551981811.5234,1782407958.9844,1782809570.3125,1456338134.7656,1545246826.1719,1603823242.1875,1582235107.4219,1744667114.2578,1858397827.1484,2010567016.6016,2110918701.1719,2165740478.5156,2208385742.1875,2281764404.2969
CPV,716633361.8164,738634460.4492,798090881.3477,846611938.4766,943793762.207,950853454.5898,1077833984.375,1076409423.8281,1208144775.3906,1410226806.6406,1447046875.0,1532768188.4766,1627874633.7891,1815025390.625,1941449096.6797,1982248168.9453,2166785400.3906,2456467529.2969,2685628906.25,2754080810.5469,2853897460.9375,3036186279.2969,3071614501.9531,3127338623.0469,3147163330.0781,3221028808.5938,3323489501.9531,3566897949.2188
CRI,22301230468.75,22927289062.5,25316587890.625,27354365234.375,28910142578.125,30532445312.5,30629429687.5,32572359375.0,35076777343.75,36195339843.75,37070101562.5,38671765625.0,39657144531.25,41367855468.75,42896804687.5,45036414062.5,47028839843.75,50398218750.0,52546050781.25,56081007812.5,58464902343.75,61281257812.5,64169347656.25,65703945312.5,68453531250.0,72351046875.0,75819351562.5,79121523437.5
CUB,72737718768.0,60796495232.0,51287720699.0,39575174408.0,39419486294.0,41484240120.0,46502934543.0,48365810532.0,47576762520.0,49792337640.0,54319231260.0,56504379687.0,57487808583.0,58402980783.0,58164387050.0,59100782336.0,66700371904.0,68114292588.0,71197448256.0,72704167484.0,75179396904.0,77847656688.0,80353208352.0,83255213017.0,86249063712.0,89341197309.0,90513402170.9047,92989224486.8262
CYP,12268120117.1875,12188624023.4375,13509386718.75,13376404296.875,14216553710.9375,15090893554.6875,15095209960.9375,15339475585.9375,16100350585.9375,17066695312.5,18321419921.875,19219855468.75,19493277343.75,19546779296.875,20954220703.125,23055724609.375,24533296875.0,26677625000.0,28572335937.5,28123611328.125,28473642578.125,28363759765.625,27451121093.75,25446533203.125,24724931640.625,25900171875.0,27455746093.75,29143429687.5
CZE,220390390625.0,184689000000.0,178615312500.0,182345375000.0,189103718750.0,195496390625.0,202694343750.0,198332625000.0,196909421875.0,196364562500.0,200941796875.0,212183750000.0,212597843750.0,221893703125.0,233375406250.0,248712125000.0,262442250000.0,286287875000.0,301758187500.0,298667687500.0,299902625000.0,308946031250.0,309056468750.0,315026250000.0,329114031250.0,346932593750.0,357958062500.0,379744000000.0
DEU,2010535750000.0,2137253000000.0,2223187250000.0,2236690750000.0,2311787000000.0,2385246250000.0,2401584500000.0,2492629500000.0,2590183000000.0,2701052000000.0,2729855500000.0,2772207500000.0,2764155250000.0,2774446750000.0,2831799750000.0,2908366000000.0,3011333000000.0,3158374500000.0,3238329000000.0,3092077500000.0,3262929500000.0,3443508000000.0,3475096500000.0,3515384750000.0,3621184750000.0,3731792500000.0,3846867000000.0,3994907500000.0
DJI,1239783447.2656,1199345092.7734,1346479370.1172,1729893432.6172,1278917968.75,1502683959.9609,1351199829.1016,1493753540.0391,1475103149.4141,1588134643.5547,1607896362.3047,1661423461.9141,1619697021.4844,1726996948.2422,1805744506.8359,1950246582.0313,2251119628.9063,2252876464.8438,2472222167.9688,2081896484.375,1898152221.6797,2081503906.25,2182106445.3125,2396691650.3906,2627947998.0469,2676642822.2656,3608637451.1719,3329220947.2656
DMA,509771362.3047,478305389.4043,536623046.875,553893981.9336,544494995.1172,553527832.0313,542557739.2578,527091796.875,580580322.2656,588179931.6406,570256469.7266,548430297.8516,554291503.9063,535688781.7383,556582946.7773,567545654.2969,609702270.5078,646958374.0234,701199462.8906,696982604.9805,711160705.5664,723455627.4414,714451477.0508,710353149.4141,744035034.1797,726658386.2305,741918640.1367,670653869.6289
DNK,129758789062.5,130704171875.0,134320015625.0,132575953125.0,138983953125.0,143485000000.0,147703218750.0,159129359375.0,166618421875.0,171711265625.0,180513390625.0,180874781250.0,182593375000.0,180771937500.0,190942218750.0,200763031250.0,214709828125.0,223528609375.0,234155640625.0,225541625000.0,239005500000.0,244819484375.0,244931515625.0,247666406250.0,249918046875.0,259216359375.0,265809218750.0,281902343750.0
DOM,32278519531.25,33043378906.25,36917429687.5,40451714843.75,42458906250.0,44478296875.0,47499609375.0,52432769531.25,58288648437.5,61638843750.0,64776445312.5,67713375000.0,71703679687.5,68171023437.5,70667703125.0,78101375000.0,86936812500.0,94872617187.5,97028062500.0,101788796875.0,109990046875.0,112782078125.0,116110632812.5,121093140625.0,129923132812.5,141106484375.0,149831312500.0,155648609375.0
DZA,207967531250.0,213388281250.0,207465156250.0,193700171875.0,188369281250.0,193144984375.0,211470421875.0,212779765625.0,209346046875.0,225524921875.0,282210531250.0,274117093750.0,280775906250.0,309999593750.0,327675187500.0,385867218750.0,424605500000.0,421390500000.0,451138875000.0,388485718750.0,447781156250.0,494219437500.0,510024468750.0,504805250000.0,504902187500.0,467229625000.0,472745531250.0,498163250000.0
ECU,58805308593.75,60550722656.25,61809414062.5,57304312500.0,58571312500.0,58615808593.75,58947945312.5,62028097656.25,62485667968.75,60950949218.75,65013167968.75,67357476562.5,74282109375.0,79459570312.5,87872296875.0,99900023437.5,107960960937.5,114550546875.0,127752578125.0,124898093750.0,133542859375.0,149247671875.0,156211296875.0,163567500000.0,170571421875.0,164105703125.0,160426875000.0,166352328125.0
EGY,112763640625.0,130652367187.5,144743109375.0,169492218750.0,193446593750.0,228289562500.0,275517406250.0,286627343750.0,287501125000.0,303563968750.0,317799781250.0,333597156250.0,343771187500.0,357473718750.0,375248312500.0,395693718750.0,440465875000.0,499250500000.0,567148937500.0,621812187500.0,715813250000.0,828206562500.0,846654375000.0,875442312500.0,903043062500.0,939779562500.0,976628125000.0,998582500000.0
ERI,4184578844.5253,4189087253.6464,3464715057.5045,3930884240.5396,4765073355.3772,4901277213.2755,5355078548.5914,5778594837.6438,5881025215.3676,5881817991.7417,5697012107.1861,6195810310.009,6382021003.3495,6212545424.596999,6302735154.1085,6464995889.6766,6402336055.0511,6493685998.2479,5858406746.5061,6085507975.4421,6219035616.0443,6758835465.4947,6509733421.4977,6551663717.5977,6593594013.6977,6635524309.7977,6677454605.8977,6719384901.9977
ESP,684530875000.0,719398187500.0,741290437500.0,740320562500.0,766737812500.0,806641500000.0,830424812500.0,890363250000.0,957572250000.0,1000423812500.0,1055678000000.0,1097851875000.0,1147489500000.0,1177519125000.0,1238375875000.0,1344368375000.0,1473472875000.0,1576838375000.0,1613813500000.0,1557012625000.0,1539066625000.0,1522132750000.0,1500436250000.0,1479576375000.0,1503117625000.0,1574340875000.0,1625242875000.0,1701701125000.0
EST,15640444335.9375,17000103515.625,12672850585.9375,12166964843.75,11731402343.75,12797228515.625,13316082031.25,14021059570.3125,14381129882.8125,14421612304.6875,15945646484.375,16827177734.375,18049199218.75,19641746093.75,21222843750.0,24439662109.375,27377429687.5,30817742187.5,31399054687.5,28437810546.875,29925843750.0,33511957031.25,34901078125.0,35527417968.75,36105695312.5,36688101562.5,37698332031.25,40205687500.0
ETH,33706242187.5,31300841796.875,28003519531.25,30068503906.25,28153519531.25,31372439453.125,32337566406.25,35647972656.25,32186685546.875,32993140625.0,33311097656.25,37149570312.5,33862988281.25,33976203125.0,40805429687.5,48426390625.0,50373156250.0,61607355468.75,67427164062.5,74623953125.0,85371179687.5,96805273437.5,105632679687.5,117057726562.5,130638578125.0,141709046875.0,151452875000.0,155454453125.0
FIN,124533109375.0,116343429687.5,110991101562.5,109098648437.5,112113562500.0,123325109375.0,124182632812.5,137018765625.0,149921921875.0,157557046875.0,166103656250.0,167938359375.0,167258468750.0,168029687500.0,176762062500.0,185680937500.0,193033437500.0,209963359375.0,220821906250.0,207471093750.0,213194171875.0,223022656250.0,220739953125.0,217359546875.0,214820031250.0,220217218750.0,225961078125.0,234642968750.0
FJI,3950961425.7813,3845302001.9531,4005307128.9063,4067233642.5781,4222018554.6875,4309649414.0625,4517270507.8125,4355857910.1563,4323140625.0,4603054199.2188,4481924804.6875,4526705566.4063,4626779296.875,4615530761.7188,4777959472.6563,4825537597.6563,5083040527.3438,5187210449.2188,5418325195.3125,5527364257.8125,5908838867.1875,6425260742.1875,6515849121.0938,6891837890.625,7309694824.2188,7566231933.5938,7547633300.7813,7790472167.9688
FRA,1427114875000.0,1436756375000.0,1460132750000.0,1445102250000.0,1472264750000.0,1496801375000.0,1514423875000.0,1608391875000.0,1717005750000.0,1800574125000.0,1902361250000.0,1968622375000.0,1990677125000.0,1935504000000.0,1986917500000.0,2127409250000.0,2208091750000.0,2315261750000.0,2359077250000.0,2304522250000.0,2396573000000.0,2479229250000.0,2472447500000.0,2526780000000.0,2533751750000.0,2598734750000.0,2634031000000.0,2725172750000.0
FSM,262122129.0607,281590834.0179,292877039.7901,316719149.484,315026218.6182,337342715.4468,326846120.8459,307020489.6312,316095163.3824,320469132.4294,335092810.3261,340947529.5705,342992872.2116,349670355.8567,338723018.4128,345689711.0808,345237839.6172,338462871.3697,330956698.0657,334852696.2983,341690020.8327,353126615.2969,346101234.3588,332746831.3788,325572613.6021,341628228.8561,344019634.7817,355028199.89199996
GAB,7962971191.4063,8565346679.6875,8212245117.1875,8149458007.8125,8773056640.625,9031046875.0,10073787109.375,8695913085.9375,7813579589.8438,9045867187.5,11655095703.125,11540178710.9375,11941629882.8125,13664666015.625,16746755859.375,24197951171.875,22063060546.875,21557406250.0,22266582031.25,18064320312.5,21567648437.5,25886447265.625,26626138671.875,26651998046.875,25174449218.75,24360347656.25,24470984375.0,23523367187.5
GBR,1302681192214.9658,1268984458358.765,1268089471450.806,1297519973037.72,1326835046417.2358,1463601540893.555,1539914851943.97,1639090045158.386,1700749310226.44,1766586177780.151,1870596047325.134,1915404615295.41,1952265610206.604,2012608956878.6619,2092881829536.4382,2177580352973.9382,2255607043838.501,2309076055427.551,2339274752746.582,2211184675559.998,2316443412658.691,2341955293228.149,2399538247604.37,2470245207717.896,2538778389625.549,2648505145988.464,2685481023353.5767,2764708659751.892
GEO,55324222656.25,46881875000.0,21307582031.25,12292221679.6875,11313450195.3125,12075196289.0625,13073971679.6875,13815228515.625,13283412109.375,13266637695.3125,13223302734.375,13766659179.6875,14685208984.375,16265512695.3125,17366273437.5,19386576171.875,21966382812.5,25233789062.5,27467019531.25,28534978515.625,30249531250.0,33618207031.25,35579902343.75,37641492187.5,39177238281.25,41783058593.75,43442570312.5,45307726562.5
GHA,41016390625.0,44880500000.0,42555289062.5,40849167968.75,43067308593.75,44364972656.25,45437179687.5,47439937500.0,47679871093.75,50260359375.0,57415921875.0,53996019531.25,55669855468.75,60526070312.5,63962683593.75,66426820312.5,69020117187.5,80701304687.5,88979609375.0,86813718750.0,95523281250.0,113220320312.5,120685492187.5,128253593750.0,136205875000.0,132697156250.0,136352796875.0,146161171875.0
GIN,18255240234.375,18989537109.375,18838593750.0,19712101562.5,20855242187.5,22160751953.125,24486675781.25,22350177734.375,22122941406.25,20767074218.75,19406416015.625,18111275390.625,17192281250.0,15441987304.6875,14934626953.125,14850250976.5625,15109662109.375,15520030273.4375,16224427734.375,15600789062.5,17979863281.25,18624066406.25,20383453125.0,21702845703.125,22367636718.75,22939271484.375,23011945312.5,27440246093.75
GMB,2384022216.7969,2436475341.7969,2494238281.25,2588280761.7188,2613218994.1406,2635240966.7969,2739006835.9375,2767711914.0625,2833022949.2188,3032975097.6563,3229839599.6094,3316498535.1563,3076127197.2656,3273010009.7656,3677117919.9219,3721235107.4219,3646381103.5156,3703220214.8438,3885672119.1406,4027290527.3438,4264086425.7813,3931380371.0938,4146118164.0625,4426652832.0313,4420974121.0938,4702424804.6875,4712949707.0313,4915488281.25
GNB,1312745361.3281,1363421264.6484,1199043334.9609,1337288330.0781,1480427001.9531,1516673339.8438,1561260009.7656,1794072265.625,1521461669.9219,1801507812.5,1764475708.0078,1786061889.6484,1759765991.2109,1763349853.5156,1831692993.1641,1871102172.8516,1823618408.2031,1891398925.7813,1950780517.5781,1927077148.4375,2050714111.3281,2358332275.3906,2150761230.4688,2220940429.6875,2366355224.6094,2709025146.4844,2984393798.8281,3308010498.0469
GNQ,776428771.9727,774777160.6445,926977050.7813,962286926.2695,659572021.4844,770799377.4414,1188921386.7188,3009548095.7031,2431653320.3125,3809747070.3125,5889602539.0625,8400451171.875,7439988281.25,7959050781.25,10731820312.5,16133046875.0,15442290039.0625,17721148437.5,26059271484.375,19972531250.0,23816253906.25,34168398437.5,36601800781.25,32854109375.0,31450525390.625,22235828125.0,18541712890.625,20226701171.875
GRC,163656109375.0,175126531250.0,179924203125.0,182093734375.0,190398765625.0,199266546875.0,206281859375.0,223174843750.0,237053078125.0,242308828125.0,249373421875.0,261775406250.0,276045031250.0,286708781250.0,305724437500.0,309347375000.0,335516312500.0,344017843750.0,356183968750.0,345864250000.0,319313343750.0,290233968750.0,275014218750.0,273674656250.0,275677750000.0,277125031250.0,276039906250.0,283278375000.0
GRD,431618804.9316,439619934.08199996,509763214.1113,506442138.6719,533705993.6523,538753112.793,587999572.7539,609186767.5781,674646606.4453,712081054.6875,739954711.9141,750371459.9609,787385498.0469,860540771.4844,879047546.3867,1011171325.6836,993383544.9219,1076447631.8359,1128717895.5078,1079741821.2891,1102546752.9297,1140874145.5078,1128100219.7266,1154747070.3125,1240680664.0625,1304838500.9766,1346920532.2266,1415454101.5625
GTM,32810488281.25,34968640625.0,35853640625.0,38043914062.5,40518753906.25,43427425781.25,45185972656.25,47626882812.5,50389246093.75,52511609375.0,54983570312.5,57425246093.75,60441117187.5,62447039062.5,64842488281.25,68735554687.5,72868906250.0,78596281250.0,83033695312.5,87188328125.0,91629843750.0,98504593750.0,101019437500.0,104015882812.5,109220718750.0,116639570312.5,121507789062.5,125235992187.5
GUY,2137243498.2902,2266714849.4524,2442563998.0459,2642246181.4305,2867693807.8324,3011980288.7296,3251598908.7911,3452569364.3265,3394597117.5374,3495082345.3051,3447416275.723,3526000876.9259996,3565937313.6029,3543392550.9627,3598788253.45,3528577421.2277,3709579658.4247,3969978813.8532,4048451283.104,4192258679.9069,4365752920.8614,4592610458.1914,4834930645.9237,5076704495.1454,5272001454.3333,5438723638.8667,5619078875.0695,5735965683.5765
HKG,144123421875.0,155100468750.0,168232750000.0,182232812500.0,192223593750.0,195659890625.0,210841203125.0,225507500000.0,215812562500.0,218262062500.0,237766312500.0,244058093750.0,256466375000.0,262697031250.0,278731031250.0,304620812500.0,313192843750.0,331153468750.0,333253375000.0,322014687500.0,336422218750.0,350074000000.0,351741593750.0,361351250000.0,369613093750.0,381390437500.0,388582687500.0,403549093750.0
HND,13944254882.8125,14747226562.5,15417286132.8125,16030994140.625,16223103515.625,17467019531.25,17961769531.25,18634363281.25,19136712890.625,18447695312.5,19756580078.125,20441849609.375,21287728515.625,22108123046.875,23272601562.5,25062009765.625,26585546875.0,28058205078.125,28753150390.625,29074132812.5,30734564453.125,32813171875.0,33659156250.0,33461554687.5,35261972656.25,37822617187.5,39248246093.75,41143730468.75
HRV,56441257812.5,44372300781.25,39588656250.0,36013808593.75,39048382812.5,41004542968.75,42856113281.25,46382203125.0,48655101562.5,48844289062.5,51522152343.75,54438226562.5,59121363281.25,64614250000.0,68064000000.0,72180757812.5,79949789062.5,87729062500.0,92847835937.5,88846968750.0,87338125000.0,90150398437.5,90686164062.5,90211617187.5,89626570312.5,93782390625.0,97717625000.0,101625843750.0
HTI,9197464843.75,9255607421.875,8926853515.625,8351393554.6875,7639167480.4688,9982963867.1875,11613321289.0625,12157129882.8125,12203765625.0,13597628906.25,15690107421.875,15033736328.125,14895499023.4375,14306798828.125,13989495117.1875,14614865234.375,14496267578.125,15347057617.1875,15008244140.625,15739499023.4375,14670628906.25,15376170898.4375,15337431640.625,15977896484.375,16260139648.4375,16869097656.25,16812873046.875,16497341796.875
HUN,124032921875.0,110997531250.0,112574343750.0,117683359375.0,124345578125.0,129104781250.0,131677859375.0,134156109375.0,136146812500.0,138637828125.0,146745234375.0,159824781250.0,169697109375.0,175204906250.0,179211015625.0,189609859375.0,197462921875.0,202924906250.0,215907421875.0,215040859375.0,225163218750.0,234988453125.0,234169531250.0,239963578125.0,245144593750.0,255810296875.0,255733125000.0,267415500000.0
IDN,587724937500.0,637263875000.0,689305687500.0,735492187500.0,784367562500.0,847864437500.0,918017812500.0,947095562500.0,871188750000.0,833523625000.0,803548937500.0,822352312500.0,818638500000.0,819669500000.0,889111437500.0,979654375000.0,1077144250000.0,1190927375000.0,1384027125000.0,1532711750000.0,1803318250000.0,2180976500000.0,2251947750000.0,2351437750000.0,2440957000000.0,2516257500000.0,2607675250000.0,2770377500000.0
IND,1128108250000.0,1157975250000.0,1224795375000.0,1316568000000.0,1402970000000.0,1505039750000.0,1636886375000.0,1733927500000.0,1851438750000.0,1980391750000.0,2092157625000.0,2217054250000.0,2352575000000.0,2563315000000.0,2748954500000.0,3131534500000.0,3477341000000.0,3908231750000.0,4068446500000.0,4486512500000.0,5173493500000.0,5628812500000.0,5923752500000.0,6277740500000.0,6653053500000.0,7126301500000.0,7636761500000.0,8182592000000.0
IRL,64131218750.0,65099410156.25,67270679687.5,70875070312.5,75402132812.5,85559375000.0,92134734375.0,103532507812.5,116491320312.5,126475476562.5,138565828125.0,146834953125.0,156117343750.0,160485140625.0,168821875000.0,184490593750.0,202995640625.0,220171968750.0,208321578125.0,193941578125.0,201393734375.0,207166546875.0,215200265625.0,215573859375.0,230379921875.0,314362562500.0,334726093750.0,340123500000.0
IRN,166924640625.0,195807703125.0,214555828125.0,262371500000.0,282577812500.0,295199250000.0,358051562500.0,376727125000.0,381620312500.0,438422000000.0,489066812500.0,553482875000.0,644051625000.0,715156312500.0,818635500000.0,986424812500.0,1054652250000.0,1185232250000.0,1189556875000.0,1185134250000.0,1297367250000.0,1385074750000.0,1212243875000.0,1232048000000.0,1238168875000.0,1169164250000.0,1226960750000.0,1283918250000.0
IRQ,77346312500.0,26013498046.875,32552457031.25,48495250000.0,45250066406.25,36929753906.25,55205785156.25,67542531250.0,90929203125.0,106787507812.5,109920132812.5,113735539062.5,106886843750.0,70216851562.5,111791546875.0,117697132812.5,140890859375.0,162334718750.0,194524171875.0,235698328125.0,289161250000.0,386052562500.0,436252062500.0,544591437500.0,559918937500.0,556329187500.0,643106562500.0,646709937500.0
ISL,7471972167.9688,7681395019.5313,7344845214.8438,7369957031.25,7524403808.5938,7618665527.3438,7879057617.1875,8918130859.375,9764434570.3125,10284735351.5625,10352944335.9375,10712755859.375,10577163085.9375,10672606445.3125,11690742187.5,13087880859.375,13734991210.9375,14129439453.125,16032081054.6875,13649816406.25,12645057617.1875,12933730468.75,13208211914.0625,13525340820.3125,13909382812.5,14995029296.875,16101443359.375,17139771484.375
ISR,97796420898.4375,108212236816.4063,118431141601.5625,124737074707.0313,134181148925.7813,145274560546.875,153993754882.8125,164189116210.9375,173791271484.375,184589915039.0625,201626301757.8125,204517898437.5,205898944335.9375,199762487304.6875,200739930664.0625,205041184570.3125,209842937500.0,216018994140.625,218833192382.8125,227929654296.875,241657192382.8125,255484916015.625,269289187500.0,285684539062.5,302944267578.125,316296101562.5,331262822265.625,342009935546.875
ITA,1438635125000.0,1488361000000.0,1514031125000.0,1499015375000.0,1542191125000.0,1607066500000.0,1622712375000.0,1697463250000.0,1780241750000.0,1830703000000.0,1879668375000.0,1886779375000.0,1874346625000.0,1879103125000.0,1890156875000.0,1950974500000.0,2036273375000.0,2118914250000.0,2182125000000.0,2114644750000.0,2139803500000.0,2192987250000.0,2161959500000.0,2116384250000.0,2099063500000.0,2159708750000.0,2252769000000.0,2311533500000.0
JAM,11078530273.4375,11194355468.75,12124688476.5625,12531444335.9375,12606698242.1875,12834394531.25,13135543945.3125,13413305664.0625,13676512695.3125,14046203125.0,14404164062.5,14918235351.5625,15415063476.5625,16404541015.625,16956365234.375,17983347656.25,18908814453.125,19876564453.125,19541636718.75,19577994140.625,20066585937.5,20894968750.0,20772914062.5,20652453125.0,20699177734.375,21321416015.625,21872179687.5,22121777343.75
JOR,11549621093.75,10550248046.875,12170370117.1875,12799181640.625,14015916992.1875,14652948242.1875,14540093750.0,15669602539.0625,16494771484.375,17546416015.625,18381380859.375,19862474609.375,21691800781.25,22673298828.125,24919105468.75,28797847656.25,33178281250.0,38507546875.0,50015628906.25,59090132812.5,62380128906.25,69086179687.5,71621203125.0,73011953125.0,75134109375.0,80430351562.5,81866375000.0,84313468750.0
JPN,3262640750000.0,3464513250000.0,3583630500000.0,3679485750000.0,3766627500000.0,3953364750000.0,4154476250000.0,4171727500000.0,4091313750000.0,4081416000000.0,4202577500000.0,4242099000000.0,4251521500000.0,4322850500000.0,4413398000000.0,4543714500000.0,4590352500000.0,4667531500000.0,4606610500000.0,4427865500000.0,4598922000000.0,4574751500000.0,4676234500000.0,4770841000000.0,4823992500000.0,4936294000000.0,4999221000000.0,5061283000000.0
KAZ,178016750000.0,175824328125.0,185975703125.0,132317125000.0,105388007812.5,91261468750.0,89895984375.0,84792015625.0,77837976562.5,77972703125.0,90126156250.0,97096781250.0,104266320312.5,117657132812.5,133966359375.0,157745312500.0,191221171875.0,218857078125.0,254255718750.0,243035640625.0,293270187500.0,366603937500.0,371928593750.0,400693343750.0,414176468750.0,385276156250.0,386885343750.0,408010937500.0
KEN,47309421875.0,49274433593.75,48562917968.75,51130917968.75,58465578125.0,56283820312.5,59429085937.5,59468070312.5,60068937500.0,60722574218.75,59301500000.0,59829429687.5,60082617187.5,60683218750.0,62044167968.75,66576531250.0,73161562500.0,78975726562.5,82432015625.0,89290054687.5,97935343750.0,105262382812.5,112287406250.0,118175546875.0,122713593750.0,131909359375.0,141476656250.0,146969968750.0
KGZ,30338728515.625,30435388671.875,23958935546.875,20200205078.125,15871953125.0,12652700195.3125,11948694335.9375,10546320312.5,8903213867.1875,9127474609.375,9454458984.375,9640360351.5625,9259846679.6875,10069116210.9375,10475439453.125,10333150390.625,11060659179.6875,12532490234.375,13940041992.1875,14658222656.25,15357766601.5625,19088113281.25,18061589843.75,19626013671.875,20881824218.75,21694070312.5,23261980468.75,24668015625.0
KHM,9399170898.4375,10271889648.4375,10998699218.75,10387659179.6875,11223123046.875,12306835937.5,11912874023.4375,12691089843.75,12976400390.625,14588167968.75,15606559570.3125,16898365234.375,18685519531.25,20234695312.5,22195554687.5,25421435546.875,27302869140.625,29624904296.875,33476152343.75,33717847656.25,34987718750.0,37913972656.25,40851394531.25,44251125000.0,45604937500.0,48344613281.25,51939523437.5,54985593750.0
KIR,140739711.4326,140739711.4326,141974270.3049,143208829.1771,145677946.9215,145677946.9215,148147064.6659,150616182.4104,160492653.3881,158023535.6437,167900006.6214,165430888.877,171696522.0652,175141311.6864,172287628.8532,180818677.572,180729542.4215,184407293.3018,180550531.385,181999903.501,180318434.317,183193721.9304,191828226.6827,199913352.7368,198518301.2112,219174940.2611,230418067.9104,231174852.4991
KNA,390856262.20699996,405384613.0371,408107543.9453,424836151.123,461617553.7109,480214508.0566,527437988.2813,535342651.3672,553582885.7422,624475219.7266,622836059.5703,585790771.4844,662582519.5313,645332458.4961,707116943.3594,879836975.0977,886279602.0508,907718750.0,1006830688.4766,1015940185.5469,1040815673.8281,1115883422.8516,1139614990.2344,1218806884.7656,1299876953.125,1318066894.5313,1337135742.1875,1366814819.3359
KOR,542584000000.0,615425312500.0,669655000000.0,741525687500.0,827091562500.0,924832187500.0,1007673375000.0,990823625000.0,896737500000.0,976920125000.0,1040469625000.0,1085246250000.0,1180628875000.0,1224862500000.0,1294621750000.0,1362162625000.0,1400542375000.0,1473535625000.0,1483882625000.0,1490030750000.0,1589918500000.0,1606446500000.0,1613994125000.0,1641139625000.0,1674811875000.0,1752461250000.0,1808310125000.0,1876243250000.0
KWT,41259359375.0,24081308593.75,46386664062.5,61782398437.5,66461515625.0,66284554687.5,67621078125.0,68753671875.0,71950687500.0,70193250000.0,73474414062.5,68100445312.5,73688250000.0,89546187500.0,110740578125.0,147681000000.0,180419828125.0,195301312500.0,223440234375.0,169235812500.0,191127500000.0,242079234375.0,267716687500.0,262478750000.0,241656765625.0,175273968750.0,162537640625.0,156962375000.0
LAO,4861762207.0313,5070798828.125,5352528320.3125,5673499511.7188,6059457519.5313,6472535156.25,6929968261.7188,7332511230.4688,7561441894.5313,8436242187.5,8426419921.875,10254375976.5625,11452127929.6875,11814868164.0625,12528502929.6875,13205367187.5,16902925781.25,18841244140.625,20067523437.5,23000082031.25,24970527343.75,29356970703.125,30096408203.125,33581437500.0,36337289062.5,38055066406.25,42623621093.75,44802765625.0
LBN,10327252929.6875,14415778320.3125,12443244140.625,13285243164.0625,14280256835.9375,15403547851.5625,16188080078.125,16826830078.125,19276914062.5,21080179687.5,22981029296.875,26013533203.125,31311900390.625,35841273437.5,42835621093.75,51373167968.75,51005484375.0,55019421875.0,59503777343.75,70975289062.5,74420070312.5,72284226562.5,76465953125.0,79594851562.5,81638453125.0,86629398437.5,89898390625.0,90746140625.0
LBR,1742845825.1953,1537263549.8047,969740783.6914,649476013.1836,508125823.9746,489335449.2188,477579193.1152,980207641.6016,1267736328.125,1545436279.2969,2424994140.625,2300287597.6563,2405854003.9063,1709267700.1953,1860931152.3438,1994441772.4609,2082302734.375,2511023681.6406,2673072998.0469,2728255126.9531,2818451660.1563,2927048095.7031,3243318359.375,3315306396.4844,3650814453.125,3875557617.1875,3830986083.9844,3969122558.5938
LBY,104820552786.0,121022252944.0,117555769260.0,112953429282.0,114876052250.0,112827645602.0,116516852256.0,122678627790.0,117296521380.0,117204696090.0,119079127475.0,118967628288.0,116888503837.0,131509558706.0,136718217222.0,150143512302.0,159569552432.0,167013221011.0,190590035836.0,188061815456.0,194724373797.0,80548231027.0,187101574968.0,84225117360.0,61940792232.0,54645533910.0,52560543552.0,66581525882.3808
LCA,956224487.3047,946666625.9766,1014217285.1563,1032151000.9766,1000010620.1172,1072866088.8672,1149779418.9453,1161109252.9297,1254361450.1953,1290416748.0469,1236437011.7188,1138783691.4063,1221852661.1328,1437705566.4063,1549080200.1953,1616227905.2734,1559086547.8516,1648555419.9219,1787878662.1094,1832254394.5313,1911803588.8672,2068852050.7813,2060395507.8125,2024757080.0781,2109366210.9375,2075064697.2656,2130645263.6719,2268150634.7656
LKA,50271875000.0,50833910156.25,55390117187.5,60501757812.5,64284925781.25,68050898437.5,72600531250.0,76275851562.5,82068007812.5,80347156250.0,81564335937.5,82286421875.0,86947898437.5,93666992187.5,95879382812.5,101123953125.0,111266328125.0,121504906250.0,131567125000.0,150551031250.0,165801375000.0,181226906250.0,196295640625.0,205713375000.0,218807218750.0,233570484375.0,242337765625.0,255236640625.0
LSO,2187152343.75,2176213378.9063,2342024658.2031,2542357910.1563,2630770019.5313,2699811523.4375,2953529785.1563,3166365722.6563,2948118652.3438,3113697998.0469,3289740722.6563,3580571777.3438,3618294921.875,3673290771.4844,3839783935.5469,4129676757.8125,4238920410.1563,4392856445.3125,4680726562.5,4407234863.2813,4668384765.625,5176389648.4375,5288234863.2813,5549332519.5313,6063506835.9375,6535152832.0313,6549056152.3438,6689327148.4375
LTU,45622101562.5,39855828125.0,33435324218.75,28137611328.125,26984046875.0,28005716796.875,29526347656.25,31724923828.125,33488269531.25,34170515625.0,36522843750.0,39171949218.75,41762363281.25,46295964843.75,48332144531.25,53307785156.25,57324832031.25,64349582031.25,68319101562.5,59433835937.5,64179867187.5,70387382812.5,74434281250.0,77234484375.0,79904234375.0,81981359375.0,83802218750.0,89357726562.5
LUX,16516275390.625,18021029296.875,18098154296.875,19666457031.25,20577740234.375,20787550781.25,21465632812.5,22884718750.0,24189060546.875,27544824218.75,29551419921.875,29093392578.125,29624412109.375,30150357421.875,31772921875.0,34873714843.75,38630230468.75,41592500000.0,43521121093.75,40628660156.25,43711125000.0,48003230468.75,48483753906.25,48873613281.25,52397046875.0,54399031250.0,55620437500.0,56793656250.0
LVA,38776617187.5,35273132812.5,25131826171.875,23185890625.0,20218683593.75,19203486328.125,18764976562.5,19546189453.125,20878703125.0,21929974609.375,22988666015.625,24654414062.5,26385634765.625,27567509765.625,29310822265.625,33106929687.5,36024695312.5,41327238281.25,43589902343.75,37271839843.75,38158394531.25,41758894531.25,42955746093.75,44255203125.0,45494347656.25,47386222656.25,48333636718.75,51611023437.5
MAC,8609833984.375,9226271484.375,11044896484.375,11779646484.375,11992591796.875,12598252929.6875,12507257812.5,12367353515.625,11626391601.5625,11668005859.375,12156742187.5,12550254882.8125,13823573242.1875,15774779296.875,19983757812.5,21826812500.0,25517046875.0,30307703125.0,32961140625.0,35277964843.75,45875812500.0,58958433593.75,64958578125.0,72551437500.0,72375609375.0,56420726562.5,54879281250.0,59328859375.0
MAR,99727820312.5,112055101562.5,111898453125.0,113263023437.5,126629156250.0,125092453125.0,146997984375.0,136316156250.0,137995953125.0,131985671875.0,125842507812.5,129764320312.5,130040523437.5,135739562500.0,135615453125.0,133652687500.0,145601984375.0,153388609375.0,170382062500.0,189504765625.0,200225046875.0,220344109375.0,226256906250.0,238476921875.0,249655437500.0,263655968750.0,268878406250.0,280057437500.0
MDA,21846269531.25,20787103515.625,12124908203.125,12071853515.625,10344950195.3125,10862567382.8125,9914633789.0625,9721622070.3125,8202239257.8125,7181057617.1875,7252990722.6563,7688618164.0625,8366800781.25,9103544921.875,9773515625.0,10668851562.5,11287082031.25,11872049804.6875,12938978515.625,13375813476.5625,15095069335.9375,17527398437.5,17744228515.625,19248500000.0,20129628906.25,20382816406.25,21604912109.375,22575578125.0
MDG,14281035156.25,13681881835.9375,13348071289.0625,13498079101.5625,13653039062.5,14033053710.9375,14710563476.5625,15220539062.5,16030330078.125,16952552734.375,18007529296.875,19496638671.875,18008662109.375,19874650390.625,20465810546.875,21840826171.875,23313884765.625,24489556640.625,27079183593.75,26476750000.0,29180966796.875,31729207031.25,33202148437.5,33652156250.0,35136132812.5,35957406250.0,37294125000.0,40283527343.75
MDV,961237670.8984,1036490234.375,1106225097.6563,1178582275.3906,1251004516.6016,1283464721.6797,1422442138.6719,1562240112.3047,1722146606.4453,1793330078.125,2015281860.3516,2107524169.9219,2272045654.2969,2574108398.4375,3093493896.4844,2929634033.2031,3776848388.6719,4363567871.0938,4569612792.9688,4182988769.5313,4409547851.5625,4960601074.2188,5193627929.6875,5812812011.7188,6267459472.6563,6441460937.5,6620446777.3438,7112773437.5
MEX,950346187500.0,988801125000.0,1031230812500.0,1156802875000.0,1219827500000.0,1002769500000.0,1053240500000.0,1136781500000.0,1197633375000.0,1262583375000.0,1319985750000.0,1323849000000.0,1320671625000.0,1328494500000.0,1414710000000.0,1482598875000.0,1563848125000.0,1611901500000.0,1646862125000.0,1602847875000.0,1736534250000.0,1878911625000.0,1978917875000.0,2040331375000.0,2189297000000.0,2213969500000.0,2270527000000.0,2350070750000.0
MHL,137536954.2032,137657833.7118,147487705.5098,156346179.6067,165535763.8629,179131593.1372,160675784.524,150319152.2279,146043756.1624,142542861.2788,150939625.4997,159035063.2754,163195187.6444,163472836.6602,163666617.7282,168438242.8695,170858200.7859,177099945.0652,174186873.5242,171337232.5708,182394716.7811,184595346.9292,190978408.0773,196440541.8346,194953599.2599,194242902.5198,197953903.436,205080186.6354
MKD,10640329101.5625,10756055664.0625,9910373046.875,9694286132.8125,9964593750.0,10415830078.125,10501934570.3125,10750995117.1875,11245181640.625,12356402343.75,13256842773.4375,13910254882.8125,13992047851.5625,14538731445.3125,15264856445.3125,16772740234.375,17942349609.375,19208896484.375,20998498046.875,22122744140.625,23006376953.125,23462138671.875,23611199218.75,24756681640.625,25821466796.875,27096697265.625,28510039062.5,29014638671.875
MLI,5432118164.0625,6125410644.5313,5681059082.0313,6002999511.7188,6015897949.2188,8142274414.0625,10044640625.0,10776232421.875,11747005859.375,12132223632.8125,11853869140.625,13557377929.6875,14534029296.875,16184844726.5625,15365680664.0625,16766085937.5,19433431640.625,19663126953.125,21304527343.75,24923976562.5,26007367187.5,28617136718.75,31633685546.875,32523863281.25,33684023437.5,38535792968.75,41804531250.0,44956937500.0
MLT,4838462890.625,5180587402.3438,5311068847.6563,5471662597.6563,5753600097.6563,6080186035.1563,6267823242.1875,6963690429.6875,7571310546.875,8075570800.7813,8587324218.75,8504265625.0,8864260742.1875,9257806640.625,9309975585.9375,9817331054.6875,10003733398.4375,10714058593.75,11080588867.1875,11011996093.75,11816164062.5,11987651367.1875,12321325195.3125,12843487304.6875,13738624023.4375,15333625976.5625,16305898437.5,17848572265.625
MMR,31328162109.375,30355224609.375,32834792968.75,35132402343.75,36713898437.5,39652078125.0,40668167968.75,41682953125.0,43343855468.75,46469007812.5,50526570312.5,54915457031.25,59807257812.5,67101835937.5,76227765625.0,91056109375.0,103945507812.5,116110500000.0,128058226562.5,141886421875.0,177311468750.0,196422937500.0,217480546875.0,242642015625.0,264176218750.0,268446250000.0,272990812500.0,299911312500.0
MNE,5753086914.0625,5128069824.2188,3925774902.3438,2490667968.75,2514552246.0938,2882073242.1875,3675710937.5,3875494140.625,4093489746.0938,3764564941.4063,4126932128.9063,4567221191.4063,4493267578.125,4541557617.1875,4772457031.25,5205280761.7188,6029301757.8125,7356935546.875,7941183105.4688,7861673828.125,8449953125.0,8808748046.875,8278157226.5625,8656034179.6875,8830023437.5,9360451171.875,10103988281.25,10747043945.3125
MNG,6797014160.1563,4998169433.5938,4746212890.625,3901010742.1875,4188589843.75,5435359375.0,4986610839.8438,5257245117.1875,5028167968.75,5326595214.8438,6189021972.6563,6914934570.3125,7651731933.5938,8561996093.75,10267924804.6875,12489798828.125,15244732421.875,16985335937.5,17543876953.125,16626480468.75,19797669921.875,23943390625.0,27529917968.75,30113353515.625,33376851562.5,33612015625.0,35410453125.0,36353964843.75
MOZ,6759888671.875,6982355468.75,6014414062.5,6425449707.0313,7122440429.6875,6568106445.3125,8434741210.9375,9833065429.6875,10571330078.125,10443290039.0625,11404211914.0625,12505909179.6875,14467763671.875,15634324218.75,17219707031.25,19131931640.625,20404484375.0,21415828125.0,22709224609.375,22872484375.0,22735480468.75,23141419921.875,24777099609.375,28043640625.0,31246308593.75,33527707031.25,34600468750.0,34225343750.0
MRT,3722009033.2031,3844404785.1563,3899507080.0781,4286895019.5313,4486419433.5938,4390944824.2188,4855847167.9688,4662971191.4063,4749863769.5313,5098275390.625,5131077148.4375,5234473632.8125,5702758300.7813,6218149902.3438,6349755371.0938,6905224121.0938,9425393554.6875,9389521484.375,9149319335.9375,9128143554.6875,11016564453.125,11733317382.8125,11217328125.0,12309096679.6875,11835523437.5,12588116210.9375,12390922851.5625,13026418945.3125
MUS,10068773437.5,10768901367.1875,11648766601.5625,12222998046.875,12923747070.3125,14246317382.8125,15794625976.5625,15641154296.875,16332625976.5625,16002896484.375,16533275390.625,16352758789.0625,16695435546.875,16560841796.875,16808115234.375,16025440429.6875,16868072265.625,18316722656.25,18631652343.75,18431890625.0,18717291015.625,20664056640.625,20874501953.125,22284388671.875,23332537109.375,25051468750.0,26431800781.25,28208546875.0
MWI,8905662109.375,9635996093.75,8654451171.875,9301319335.9375,10157067382.8125,10311409179.6875,10290695312.5,11271522460.9375,9642000976.5625,9617829101.5625,9516243164.0625,8843911132.8125,10477745117.1875,10791999023.4375,12195388671.875,12917912109.375,13351206054.6875,15781852539.0625,16491507812.5,14729385742.1875,14551125976.5625,16448636718.75,15611503906.25,15322548828.125,17144949218.75,18951076171.875,18406847656.25,18503912109.375
MYS,147567203125.0,161883968750.0,177045437500.0,196487312500.0,214489765625.0,236854890625.0,259932187500.0,276691125000.0,262714031250.0,281475468750.0,304540968750.0,301507406250.0,322510968750.0,348805187500.0,381231343750.0,414550406250.0,445300937500.0,480561468750.0,540326000000.0,526631562500.0,566480937500.0,622815937500.0,649425750000.0,671325000000.0,714334250000.0,737876687500.0,757807687500.0,810317250000.0
NAM,6540486328.125,6889523925.7813,7229926269.5313,7361377929.6875,7707603027.3438,7831893554.6875,8454839843.75,8668000000.0,8987854492.1875,9357740234.375,9918277343.75,10356101562.5,10948707031.25,10903692382.8125,12157931640.625,12838179687.5,14544396484.375,15206157226.5625,16844736328.125,17102181640.625,18332087890.625,19889103515.625,22003585937.5,23462691406.25,25545349609.375,26922683593.75,27341701171.875,27607457031.25
NER,6434540527.3438,6463453125.0,6430255371.0938,6361434570.3125,6471621093.75,6917404785.1563,6965250976.5625,7018921875.0,7752308593.75,7823580078.125,7585166992.1875,8246831054.6875,8689124023.4375,9028537109.375,8879677734.375,9449297851.5625,9939147460.9375,10315043945.3125,11351920898.4375,11385711914.0625,12374649414.0625,13115637695.3125,14682559570.3125,15411842773.4375,16480279296.875,17051306640.625,17905882812.5,18713300781.25
NGA,80037726562.5,67743000000.0,58301785156.25,50284417968.75,46399792968.75,44728933593.75,45912050781.25,49381906250.0,47083781250.0,60093488281.25,92191914062.5,113711562500.0,141282984375.0,200864078125.0,301400250000.0,478641281250.0,502421718750.0,648842312500.0,671714562500.0,741836187500.0,824966125000.0,851056812500.0,942161375000.0,929390437500.0,953683312500.0,892098750000.0,814933000000.0,825848125000.0
NIC,12089116210.9375,12489671875.0,12453597656.25,12515861328.125,13066595703.125,13950815429.6875,14438190429.6875,14844830078.125,15579817382.8125,16115988281.25,16726318359.375,17225402343.75,17412156250.0,17598302734.375,18179445312.5,19092960937.5,19411392578.125,20296228515.625,21301474609.375,21604255859.375,22454306640.625,23595332031.25,24897681640.625,25731763671.875,27602728515.625,29358740234.375,31229904296.875,32912929687.5
NLD,384749343750.0,397416281250.0,405898000000.0,411301000000.0,424741000000.0,440927500000.0,458241656250.0,496776093750.0,536198562500.0,574315812500.0,613759812500.0,625174812500.0,630821062500.0,613547437500.0,628255812500.0,669100625000.0,706323750000.0,751750187500.0,786769125000.0,746543125000.0,756888687500.0,775554250000.0,777696875000.0,786979875000.0,770926812500.0,807922875000.0,806946000000.0,844666687500.0
NOR,111596593750.0,114183703125.0,115665523437.5,119684468750.0,123807539062.5,129516742187.5,140409921875.0,152870437500.0,154110593750.0,164904125000.0,189898906250.0,189107140625.0,185812562500.0,187522359375.0,205985406250.0,233959984375.0,258819906250.0,269662593750.0,292789375000.0,268242781250.0,282621843750.0,299622218750.0,316197156250.0,321188781250.0,315932812500.0,297006062500.0,286726750000.0,300893875000.0
NPL,18559765625.0,20028025390.625,20542548828.125,22270193359.375,25189898437.5,26172761718.75,28208464843.75,28024634765.625,28119468750.0,28722330078.125,29678873046.875,31443320312.5,30848320312.5,31053128906.25,32037775390.625,33025238281.25,34407609375.0,36455453125.0,40152445312.5,43373730468.75,48814632812.5,52679703125.0,55714250000.0,57103390625.0,60927007812.5,63174414062.5,64078187500.0,69648968750.0
NRU,21487464.7371,23011005.5816,24662200.5061,26479286.1112,28481004.5124,30723033.8389,32934677.493,34105713.7142,31502502.7154,32567988.9234,34429785.5775,35605293.335,37470230.8244,39671380.6145,42183356.5059,44673218.4716,47429076.712,39848315.158,53563822.5745,58202288.0453,66089179.2784,73811384.0187,81256407.311,109058272.8613,148890823.4201,153071962.4596,168991452.6775,176012515.3892
NZL,69473289062.5,68446671875.0,70279234375.0,76218070312.5,81173679687.5,85523109375.0,89285546875.0,92981156250.0,94365890625.0,100805382812.5,102480390625.0,106297531250.0,109677640625.0,114071750000.0,116583523437.5,119335757812.5,122384921875.0,131069632812.5,130703851562.5,131306500000.0,136289781250.0,141569781250.0,145237125000.0,154897312500.0,163116156250.0,167948796875.0,174518062500.0,181861906250.0
OMN,19199673828.125,18790908203.125,20386476562.5,20811210937.5,20831138671.875,22281406250.0,24340316406.25,26184111328.125,25659494140.625,30145884765.625,36561515625.0,38790871093.75,43590894531.25,49042652343.75,63753351562.5,68560796875.0,101153929687.5,110045843750.0,131466140625.0,111061710937.5,122467257812.5,143984515625.0,163731562500.0,166394703125.0,161889890625.0,135193484375.0,130316273437.5,128993687500.0
PAK,260174843750.0,265980625000.0,281833406250.0,286908843750.0,294564843750.0,312614843750.0,328129343750.0,327729406250.0,347063312500.0,355177343750.0,365427062500.0,370088906250.0,388437281250.0,403585062500.0,437699593750.0,480307562500.0,519714937500.0,564443875000.0,589371812500.0,639448312500.0,689167625000.0,757891562500.0,773252500000.0,804323687500.0,846775125000.0,884276250000.0,941569812500.0,1001897312500.0
PAN,15104636718.75,16775349609.375,18377207031.25,19466560546.875,19863849609.375,19655363281.25,20571970703.125,22808095703.125,24728554687.5,25769511718.75,26864183593.75,27962658203.125,29497431640.625,32821027343.75,34716296875.0,39720191406.25,43211050781.25,41280285156.25,45917566406.25,49964839843.75,53530406250.0,60942011718.75,65644781250.0,70699414062.5,74370046875.0,79671679687.5,83260453125.0,88956109375.0
PER,75142335937.5,78412492187.5,79985210937.5,85558304687.5,99858179687.5,112060960937.5,117238921875.0,125700296875.0,122851976562.5,123339476562.5,127289679687.5,128426609375.0,137790562500.0,146388281250.0,159036218750.0,177591640625.0,204654937500.0,225464734375.0,241889500000.0,246084875000.0,279364375000.0,308707312500.0,323116000000.0,334387937500.0,341244562500.0,346595843750.0,360518718750.0,377724843750.0
PHL,213234609375.0,221877218750.0,232590437500.0,244260796875.0,270263812500.0,299257281250.0,325525562500.0,325380093750.0,317090593750.0,320079062500.0,326712875000.0,322134593750.0,325007687500.0,332202031250.0,341329687500.0,350058187500.0,374294312500.0,405331093750.0,435076562500.0,457685468750.0,507942250000.0,544055750000.0,572998062500.0,617872687500.0,652331375000.0,690953812500.0,738831500000.0,785347625000.0
PLW,125924221.9645,134852715.7551,144529308.0717,155178079.0585,166908864.2087,180047957.2575,193008979.4077,199871670.1372,184615923.4191,190860053.3525,235947900.2503,251621931.1704,261592700.8381,253128408.2054,265393842.5363,277318665.0011,271219657.9825,273733412.7882,259073990.1761,243711248.973,244727199.4921,257909673.7123,267187242.9953,261565753.37,274055130.4526,302641747.9245,304235365.4308,293372438.4018
PNG,10237131063.8051,11214459494.7631,12767559552.6445,15091547251.6019,15988303448.0849,15458699085.8484,16654227847.4706,16003981898.0417,15400773700.9428,15686543372.4711,15295188901.2273,15276637579.8905,15252362921.3389,15582439688.9674,16006465257.6368,17022042812.7352,17412607814.9337,19345020799.7943,19288092957.8079,20600754566.9157,22686516325.5125,22937726618.7648,24003968647.5467,24923304149.665,28287950209.8698,30975305479.8074,32245293004.4795,32745037277.5585
POL,291956968750.0,277052187500.0,296914500000.0,319752812500.0,345661031250.0,380414437500.0,407072531250.0,431766843750.0,453021625000.0,476229812500.0,489168125000.0,501697218750.0,518181562500.0,525956875000.0,556601250000.0,584153875000.0,618002750000.0,676809812500.0,721225500000.0,756439500000.0,823934250000.0,882770437500.0,915536625000.0,926369000000.0,941991312500.0,1003724312500.0,1024202375000.0,1083073250000.0
PRK,48480106006.0,46246932600.0,42879803392.0,40872932948.0,40070312574.0,38368334745.0,37150575840.0,34887687054.0,34819283385.0,37075047142.0,37236817800.0,38655209580.0,39163602134.0,39927954496.0,40820297320.0,42405992258.0,41975737680.0,41458799334.0,42712919494.0,42285458271.0,42052156068.0,42388892610.0,42929916495.0,43377324780.0,43826074710.0,43316192760.0,44311632607.0952,44623115616.3988
PRT,143921578125.0,151348687500.0,159436265625.0,160391359375.0,170170687500.0,178406046875.0,183485093750.0,197182562500.0,210108750000.0,223670562500.0,232219343750.0,235237703125.0,239221593750.0,241348078125.0,247365937500.0,263123187500.0,276263218750.0,285233187500.0,290319250000.0,287252000000.0,296458000000.0,284863343750.0,276471718750.0,281945937500.0,284674843750.0,295964031250.0,276237156250.0,276245187500.0
PRY,15468450195.3125,15970343750.0,16510529296.875,17292246093.75,18146890625.0,19027359375.0,19694310546.875,20156060546.875,20407705078.125,19843320312.5,18755894531.25,19530724609.375,25249109375.0,26850718750.0,27642812500.0,27989107421.875,29346917968.75,32191365234.375,35147199218.75,36254660156.25,42272468750.0,46787789062.5,47158566406.25,51904679687.5,53109007812.5,53058519531.25,54670164062.5,55950753906.25
QAT,12512021484.375,11528773437.5,12163267578.125,11200469726.5625,11203308593.75,12046091796.875,12478553710.9375,15926268554.6875,15254191406.25,19347369140.625,29738875000.0,32670722656.25,34230007812.5,52092667968.75,65517593750.0,88389242187.5,119358218750.0,144142937500.0,186540453125.0,163792500000.0,212395468750.0,299558906250.0,304997343750.0,304621375000.0,302796593750.0,239996312500.0,229102015625.0,252625750000.0
ROU,159868515625.0,148695265625.0,136549281250.0,143871937500.0,154450296875.0,161784312500.0,165646687500.0,158455218750.0,155339171875.0,156836218750.0,159154218750.0,170728437500.0,179352156250.0,188618437500.0,210876625000.0,222724656250.0,257028187500.0,295575812500.0,346071281250.0,342125656250.0,349697687500.0,362910468750.0,379429562500.0,388351062500.0,395813875000.0,418249031250.0,449455750000.0,492886750000.0
RUS,2081351250000.0,1919577000000.0,2101046250000.0,1730932875000.0,1430071125000.0,1327380250000.0,1275543500000.0,1236498625000.0,1170090000000.0,1249217000000.0,1451956000000.0,1397859875000.0,1427684625000.0,1552817750000.0,1743459375000.0,1987687000000.0,2296979000000.0,2650562750000.0,3018911000000.0,2732827750000.0,3088973750000.0,3526680250000.0,3680220500000.0,3706853500000.0,3725785750000.0,3453689750000.0,3275949250000.0,3395888250000.0
RWA,7218319824.2188,6356974609.375,6684543945.3125,6093076171.875,2822494873.0469,3494444824.2188,3989843261.7188,4773655761.7188,5143998535.1563,5284260742.1875,5913498046.875,6355401367.1875,7182016601.5625,7286337402.3438,8023327636.7188,9040803710.9375,10048136718.75,10721821289.0625,11162490234.375,12323892578.125,13311441406.25,15042185546.875,16199368164.0625,16981814453.125,18450541015.625,20459365234.375,21846919921.875,23335880859.375
SAU,265398843750.0,297349562500.0,320115625000.0,324120843750.0,314547250000.0,313062500000.0,317357968750.0,326749156250.0,298117531250.0,337385156250.0,402379812500.0,387138218750.0,430260437500.0,469519875000.0,560227812500.0,687160750000.0,795512750000.0,875420125000.0,1110611875000.0,929983000000.0,1138284750000.0,1475512000000.0,1544267875000.0,1522273125000.0,1492380375000.0,1278957250000.0,1219448125000.0,1285142500000.0
SDN,24965212709.5099,26406323726.2174,25777322714.0606,25366357673.3437,27225044163.7066,27655114152.0533,28707727635.6574,29897599193.0694,30598913562.9462,36323067439.2355,40446219058.3536,40640629501.7591,42000416264.5702,46075316501.8641,50399444396.8147,58945443957.0981,69640672074.8284,71787250087.5983,70846218991.6278,82063417472.1206,96628178443.8012,118487321580.9146,122036661343.8726,119808956161.2218,128809764324.789,140951509246.159,149771905874.6283,147329602785.6112
SEN,18994554687.5,18828103515.625,19127011718.75,18597054687.5,18915171875.0,19202554687.5,20435277343.75,20803726562.5,21699746093.75,23701791015.625,23241291015.625,24319767578.125,24245857421.875,25559121093.75,26338595703.125,28197660156.25,28828957031.25,30568037109.375,31055320312.5,33805949218.75,35133750000.0,35940820312.5,36894667968.75,39021035156.25,41092703125.0,44218062500.0,46360394531.25,48699210937.5
SGP,63308144531.25,68952875000.0,73160382812.5,81981015625.0,89099906250.0,97829679687.5,104677789062.5,118324148437.5,116351796875.0,127497453125.0,154822218750.0,155556578125.0,169452453125.0,179711421875.0,218651703125.0,257339031250.0,277759937500.0,303200906250.0,299372531250.0,298669312500.0,351738531250.0,373455937500.0,383272281250.0,391710437500.0,399634312500.0,412257750000.0,420634906250.0,441947343750.0
SLB,587250773.0671,622510359.0829,701509708.3537,729404950.2859,796465127.5788,861963170.4698,875799229.4643,863190578.9369999,878588745.6535,874348670.3739,749601122.1998,689793713.6789,670479472.3006,714060650.2729,749037989.7030001,789644786.509,844498646.0577,906315957.6211,970721218.7838,924725083.6369,987690030.3415,1118021978.5645,1168952288.0424,1204229508.162,1231325764.4591,1262629023.0447,1306273136.5519,1352441259.3827
SLE,5885104980.4688,6096151855.4688,5737044921.875,6350273437.5,7129010742.1875,6732373046.875,5731331054.6875,5089203125.0,4466662109.375,3286494384.7656,3821286621.0938,4280883789.0625,4998563964.8438,5157821289.0625,5266060546.875,5344560546.875,5607255859.375,5993345703.125,6446189941.4063,6911155273.4375,7149301269.5313,7655438476.5625,8999900390.625,10375961914.0625,9497855468.75,9039928710.9375,10003766601.5625,10475390625.0
SLV,12599092773.4375,13256350585.9375,14276467773.4375,15789945312.5,17260210937.5,19215093750.0,19933046875.0,21259353515.625,22446654296.875,23494833984.375,24233515625.0,25553814453.125,26680767578.125,27692871093.75,28540187500.0,30919164062.5,32710203125.0,34025636718.75,35346058593.75,35367675781.25,36985246093.75,39380156250.0,40369062500.0,40892429687.5,41723808593.75,42698648437.5,43878742187.5,44407847656.25
SMR,1700230025.5685,1728781119.9512,1750889589.2802,1753453933.2048,1795901575.82,1849617001.0852,1887602371.3159,1732368993.4065,1862521068.0406,2030073164.1214,2074953189.8573,2190145255.9129,2197625260.2022,2282897309.1004,2387617369.1509,2444465401.7497,2538713455.7952,2719729559.5967,2764609585.3326,2410057382.0189,2297857317.6791,2080937193.2888,1923857103.2131,1865513069.7564,1848723452.1286,1859815792.8414,1900731740.2839,1929242716.3881
SOM,12063721205.978998,11302780278.3667,10197857807.6665,10249087160.0356,10362729527.8129,10611047976.5267,10917246777.6133,10970940533.0863,11040758754.6088,11335703876.5532,11620960777.7876,11848391836.6491,12444946089.0486,13053407674.123999,13753744579.7035,14474066347.023,15262467560.9336,16258494371.0463,17216655264.7227,16459031255.8975,16923313813.3244,17387596370.7512,17851878928.1781,18316161485.6049,18780444043.0318,19244726600.4587,19709009157.8855,20173291715.3124
SRB,83946046875.0,74171421875.0,53284722656.25,37033960937.5,37959488281.25,39922960937.5,39707542968.75,44596128906.25,47867585937.5,44108203125.0,48538054687.5,45991503906.25,50141359375.0,54591667968.75,56480488281.25,63484019531.25,73654093750.0,77963328125.0,87045250000.0,87416687500.0,88031406250.0,92968828125.0,93496492187.5,96260273437.5,94290882812.5,97965117187.5,101289429687.5,103890203125.0
SSD,5646209165.4901,5972135258.1576,5829878457.8144,5736933342.2813,6157299586.2934,6254565535.4467,6492627833.0926,6761732838.1806,6920344249.5538,8214936467.0145,9147441097.8964,9191409560.7409,9498943110.4298,10420535060.6359,11398493103.1853,13331282605.4019,15750148237.6716,16235624912.4017,17414335695.8721,20523223152.8794,24638454368.6988,29388490919.0854,16235635531.1274,17272950088.7782,18696313800.211002,17397272003.841,15681437875.3717,22175397214.3888
STP,185820129.3945,183025070.1904,181298431.3965,183009460.4492,180646347.0459,174462570.1904,183429473.877,184236236.5723,197395996.0938,196454620.3613,210002044.6777,259487152.0996,269249755.8594,281155609.1309,302446044.9219,326208770.75200003,350152343.75,366311462.4023,401446929.9316,421278076.1719,455612274.1699,531802185.0586,553665710.4492,602457153.3203,625763549.8047,610192565.918,710638427.7344,725275146.4844
SUR,2646561279.2969,2728461425.7813,2803726806.6406,2607662597.6563,2603545166.0156,2475547119.1406,2899719238.2813,3146385009.7656,3342625976.5625,2872825195.3125,3306862304.6875,3527922119.1406,3755477294.9219,4172011718.75,4539975585.9375,4884631835.9375,5266711914.0625,5590149902.3438,6099001953.125,6435309082.0313,7153442382.8125,7802296875.0,7989936523.4375,8206952148.4375,8218612304.6875,7916360351.5625,7443213378.9063,7393280761.7188
SVK,85154812500.0,67572890625.0,63038828125.0,63079457031.25,66219687500.0,69427015625.0,70429023437.5,73275765625.0,73471421875.0,71812539062.5,75273164062.5,78470570312.5,81981859375.0,86451210937.5,90056234375.0,98400812500.0,108504406250.0,120709226562.5,132481140625.0,128175476562.5,139243421875.0,142078703125.0,145582171875.0,147757140625.0,150680625000.0,156045468750.0,160188562500.0,165269796875.0
SVN,37832343750.0,33085183593.75,31268439453.125,33209531250.0,35331136718.75,38116386718.75,39468738281.25,40396222656.25,40781554687.5,42327203125.0,43746722656.25,44726792968.75,46321792968.75,47302707031.25,50184574218.75,53341835937.5,55796898437.5,59259171875.0,62589734375.0,57695449218.75,58379785156.25,59912597656.25,59541195312.5,59878644531.25,61043636718.75,63179718750.0,65154406250.0,69943992187.5
SWE,228907265625.0,227827078125.0,226795140625.0,218070750000.0,230655718750.0,245183843750.0,248183609375.0,260357265625.0,274499812500.0,293527250000.0,310137000000.0,306922156250.0,305906781250.0,310581875000.0,322682812500.0,331482562500.0,357216656250.0,387571687500.0,396456906250.0,374480468750.0,394843156250.0,413170531250.0,418419156250.0,417730718750.0,421277312500.0,445020812500.0,448559656250.0,468898406250.0
SWZ,4842355468.75,5094708007.8125,5354003906.25,5916747558.5938,6073488281.25,6957517089.8438,7427770996.0938,7295899902.3438,7035817871.0938,6869091308.5938,7384344726.5625,7216650390.625,7130226074.2188,7101905273.4375,7154886718.75,7711397460.9375,8063012207.0313,8158538085.9375,8024058105.4688,8395056640.625,8672824218.75,8872143554.6875,9294582031.25,9793083984.375,9968967773.4375,10304308593.75,10238426757.8125,10450807617.1875
SYC,1038272460.9375,1050386230.4688,1117611938.4766,1263609985.3516,1291709838.8672,1200697143.5547,1251856079.1016,1409672119.1406,1428681030.2734,1471567016.6016,1563026123.0469,1473111450.1953,1621440185.5469,1519812011.7188,1311532958.9844,1544630126.9531,1737026245.1172,1895168334.9609,1661239013.6719,1519107788.0859,1748541748.0469,1963758178.7109,2053092773.4375,2534139892.5781,2470968017.5781,2668251220.7031,2649401367.1875,2740977539.0625
SYR,13881068359.375,12808966796.875,13236924804.6875,12609417968.75,12162757812.5,12997916015.625,13006595703.125,14989353515.625,17377847656.25,18798361328.125,23381630859.375,27086314453.125,34049070312.5,42471503906.25,60009148437.5,93375906250.0,91064796875.0,97516968750.0,103970460937.5,106708273437.5,117000132812.5,116965882812.5,97870976562.5,81280945312.5,82947375000.0,81307000000.0,79915500000.0,82263976562.5
TCA,140773773.1934,155242965.6982,169299209.5947,190489959.7168,215161682.1289,230192443.8477,246183532.7148,264235961.9141,289962921.1426,315795501.709,335723754.8828,358184204.1016,416803497.3145,456370513.916,511837188.7207,595462402.3438,695437500.0,728451354.9805,795457275.3906,635894592.2852,654288757.3242,683448242.1875,662628234.8633,685163146.9727,740278869.6289,766474670.4102,799335876.4648,834387207.0313
TCD,6668797363.2813,6935951171.875,7002289062.5,6904564941.4063,7228833984.375,7470031738.2813,7426503906.25,8308935546.875,8195191406.25,8392511718.75,8063051269.5313,8372931640.625,6491581542.9688,7674696289.0625,11552659179.6875,14721032226.5625,15438041015.625,17073841796.875,17917566406.25,16720898437.5,22141746093.75,23979998046.875,24577072265.625,25240056640.625,21337250000.0,23358115234.375,21473847656.25,20298062500.0
TGO,5992143066.4063,5645580078.125,5562930664.0625,4626345703.125,5245527832.0313,5300968750.0,6191409667.9688,6679318847.6563,5903040527.3438,6435864746.0938,6167395996.0938,6218602539.0625,6516622070.3125,6897634277.3438,6696136230.4688,6461462402.3438,6575827148.4375,6600250976.5625,6983709472.6563,7333016601.5625,7844974121.0938,8415356445.3125,8939231445.3125,9389564453.125,10088978515.625,10768303710.9375,11390576171.875,11967396484.375
THA,283167562500.0,307581187500.0,346100062500.0,379794187500.0,415493968750.0,461767187500.0,502026218750.0,472512062500.0,427079968750.0,434506093750.0,449828875000.0,460264500000.0,498886500000.0,540862500000.0,580995687500.0,619244062500.0,667988625000.0,726757812500.0,757264625000.0,788706875000.0,878651500000.0,913537250000.0,969166937500.0,994141312500.0,1005579312500.0,1053502250000.0,1083527375000.0,1138172875000.0
TJK,31031609375.0,30663603515.625,16007887695.3125,14798089843.75,11150362304.6875,10670371093.75,7991864746.0938,8922277343.75,7784491699.2188,6750915527.3438,7030231933.5938,7579111328.125,8503790039.0625,9725294921.875,10849134765.625,11615298828.125,12364299804.6875,13205857421.875,13838409179.6875,14810387695.3125,17287408203.125,19112228515.625,21642673828.125,23742599609.375,25619406250.0,25816177734.375,28189529296.875,31396382812.5
TKM,35664167968.75,33770625000.0,28935498046.875,32843128906.25,22866550781.25,21356212890.625,22018181640.625,21183109375.0,23511357421.875,25922636718.75,33415265625.0,31262966796.875,32576128906.25,33508574218.75,35577332031.25,45024441406.25,50689660156.25,53529140625.0,54212871093.75,66405960937.5,73656312500.0,82782195312.5,90124476562.5,102781546875.0,113955562500.0,119418367187.5,126305382812.5,134432000000.0
TLS,2962519152.7021,3172572734.5059996,3400226236.1398,3650751413.1791,3926732278.0326,4235845284.2417,4540768957.8577,4702222031.8424,4343312195.9407,4490212881.3795,2887065352.9371,3152752785.2278,2936261966.8676,2901544429.3823,4760891388.7901,6469104409.3917,9165251859.1959,9647839584.0267,10605215802.237,9964487794.3873,9847697775.1217,10976037965.7289,11527377779.7557,10249427336.3663,7594090559.118,9160417386.8302,9225155354.3065,8380685880.5921
TON,340095398.8983,361912314.0752,362824280.6934,376386824.1021,395027482.355,409690402.15199995,409732255.6924,409193116.0069,420318310.2271,436633825.3292,451347685.2905,467604275.0133,483591088.3791,493788001.3609,492052731.5458,499837834.2593,495778040.8359,475125039.5766,489851634.579,501072238.3503,519038971.9963,533494964.5851,538244790.7214,521448304.0944,532255879.506,552012402.7107,570667516.9562,586075539.914
TTO,13490951171.875,12794323242.1875,11937535156.25,11286986328.125,11672416992.1875,11736631835.9375,11481822265.625,11844377929.6875,11768172851.5625,13597306640.625,16317227539.0625,15641304687.5,16365544921.875,20492521484.375,24216400390.625,26568818359.375,31359990234.375,34784371093.75,39914039062.5,31919412109.375,36630515625.0,41954355468.75,42225128906.25,51085375000.0,56408710937.5,61655816406.25,55680796875.0,56700691406.25
TUN,42593722656.25,45633824218.75,50354882812.5,53702125000.0,59051351562.5,64125464843.75,74178039062.5,74067140625.0,73556750000.0,74418281250.0,75621195312.5,77667664062.5,78019648437.5,79334218750.0,81522851562.5,86113679687.5,90044382812.5,95967023437.5,100985687500.0,106182992187.5,110864757812.5,109400257812.5,112899789062.5,116147570312.5,117800156250.0,120438867187.5,122584671875.0,124930671875.0
TUR,549864437500.0,533975750000.0,557639812500.0,609779937500.0,567569937500.0,601710125000.0,665355187500.0,702480937500.0,700779437500.0,673674312500.0,718043250000.0,706809000000.0,704813312500.0,700042437500.0,783022625000.0,871547562500.0,993576875000.0,1086461875000.0,1158020625000.0,1129571250000.0,1286800375000.0,1434976625000.0,1533935000000.0,1639521250000.0,1784295125000.0,1953298625000.0,1985425750000.0,2111350000000.0
TUV,21190474.1497,21955273.3229,22567576.604000002,23495259.9476,25911391.9524,24614672.5841,23147303.0509,25462779.6983,29409821.1914,28949912.9453,28668925.1441,29137406.2412,31435232.9012,30387327.9283,29976436.219,28843407.8778,29460350.5842,31331249.2604,33832504.6336,32332759.9804,31450260.6048,33814047.7895,32517025.85,34005272.797,34463668.187,37614644.8147,38756145.1499,40342828.5987
TWN,382428000000.0,415462281250.0,443276218750.0,474042812500.0,503024062500.0,531777187500.0,566411687500.0,606372625000.0,638262500000.0,668550687500.0,705766187500.0,698198687500.0,735871187500.0,753301187500.0,779985062500.0,818630750000.0,840795000000.0,879612875000.0,844897812500.0,844699625000.0,922351062500.0,940076625000.0,951296687500.0,984428812500.0,1036694125000.0,1080435375000.0,1091892250000.0,1112779500000.0
TZA,27491308593.75,27713373046.875,25615515625.0,24983029296.875,24041556640.625,24935667968.75,26895753906.25,29608320312.5,31757982421.875,34041753906.25,36379316406.25,39496714843.75,43810683593.75,46837777343.75,49777937500.0,56012761718.75,59666988281.25,65868140625.0,71612515625.0,76339687500.0,85057148437.5,94029289062.5,97687351562.5,101487789062.5,112993539062.5,118870921875.0,126300921875.0,134100937500.0
UGA,14001527343.75,14187972656.25,14858127929.6875,15515254882.8125,20718603515.625,20869158203.125,21243435546.875,22135027343.75,23940662109.375,25071722656.25,26239193359.375,28148099609.375,29859419921.875,31061255859.375,32893640625.0,36940683593.75,39716480468.75,42628105468.75,46018058593.75,51353839843.75,55708410156.25,60677238281.25,62338996093.75,65195816406.25,68461226562.5,72099359375.0,71805695312.5,74577757812.5
UKR,523448437500.0,489295312500.0,450066656250.0,361529875000.0,298896218750.0,257961812500.0,231326703125.0,215047890625.0,206104812500.0,204724812500.0,208990500000.0,220533000000.0,232319046875.0,255279515625.0,293345750000.0,324662500000.0,356290562500.0,404654000000.0,437319437500.0,375936531250.0,388152875000.0,434521375000.0,453456593750.0,466809156250.0,457878656250.0,406552562500.0,406112218750.0,431301656250.0
URY,27592626953.125,28896541015.625,32365410156.25,33754738281.25,36734992187.5,36471156250.0,38565234375.0,39264699218.75,40045609375.0,38055148437.5,36142843750.0,34458238281.25,31506990234.375,31281751953.125,32386037109.375,34200535156.25,36241496093.75,39957257812.5,44943671875.0,48537554687.5,55318527343.75,60862441406.25,63238562500.0,66387765625.0,68579570312.5,67934398437.5,68765226562.5,70112250000.0
USA,9286067551280.0,9270056837811.0,9612466294412.0,9912893164464.0,10282300379405.0,10547286939280.0,10946276527088.0,11433034232694.0,11944872611480.0,12533887691232.0,13067483261920.0,13260803233776.0,13534476999184.0,13880631995976.0,14394568654920.0,15090089953462.0,15394818781800.0,15605889678380.0,15486162237376.0,15080171853360.0,15474734078838.0,15744853636641.0,16105299393940.0,16391845011488.0,16841855887864.0,17360301632912.0,17612514591250.0,18040689842945.12
UZB,86340601562.5,84161718750.0,69071367187.5,82506195312.5,71672328125.0,72077906250.0,71722367187.5,75951296875.0,79274523437.5,85323210937.5,85507796875.0,89624078125.0,93143296875.0,101616437500.0,107664281250.0,119189156250.0,119032343750.0,134354500000.0,145717390625.0,158957687500.0,179653937500.0,193317468750.0,213424546875.0,238935843750.0,260798421875.0,285212437500.0,302573718750.0,316202656250.0
VCT,554224670.4102,610117614.7461,702510070.8008,670779541.0156,649382141.1133,685966003.418,693699279.7852,695641174.3164,665515686.0352,697017456.0547,733306213.3789,738777709.9609,783404541.0156,829161499.0234,867100463.8672,909729858.3984,971247436.5234,1007628295.8984,1043261230.4688,1029504028.3203,1018756286.6211,1028023559.5703,1001979980.4688,1007509704.5899,1055012817.3828,1080401977.5391,1092154052.7344,1103413208.0078
VEN,166601546875.0,164868656250.0,166917859375.0,160493140625.0,156788296875.0,158436203125.0,161035031250.0,158785171875.0,145435781250.0,146460171875.0,170183562500.0,171686578125.0,167081187500.0,165154593750.0,213844796875.0,271701093750.0,318240031250.0,362100593750.0,419150718750.0,360995843750.0,436830562500.0,493968687500.0,501488593750.0,464045687500.0,393038250000.0,226902265625.0,230825812500.0,249381406250.0
VGB,168820480.3467,212304000.8545,255957427.9785,332978729.24799997,417233520.5078,512036926.2695,549365722.6563,605952148.4375,664205627.4414,730561706.543,801826843.2617,847414428.7109,802797912.5977,723028686.5234,730384826.6602,855235778.8086,837723205.5664,824505310.0586,821149963.3789,798356201.1719,796766845.7031,791635864.2578,752292663.5742,788580688.4766,799458984.375,794078613.2813,791027099.6094,796274414.0625
VNM,85731171875.0,93841429687.5,101500953125.0,106769648437.5,112533078125.0,121856539062.5,130809648437.5,141355906250.0,148772703125.0,156997062500.0,165397265625.0,176643265625.0,189127234375.0,200660328125.0,220252218750.0,248077062500.0,268553187500.0,286607156250.0,312378687500.0,328223812500.0,373507437500.0,407500656250.0,442986656250.0,461859687500.0,490783750000.0,515139687500.0,554707562500.0,602453937500.0
VUT,373812289.8996,385547459.7159,395540913.565,398510397.8443,434601042.6163,438998163.334,449220038.7694,471291296.6429,491563731.6289,493209429.0738,522417511.1337,504192935.7249,478422532.7722,498963274.9554,518845738.1606,546359361.3698,592609554.7484,623268288.6301,663459877.3411,685439080.9946,696605442.9174,705126498.5767,717499705.2924,731628322.6161,748682624.2862,742684971.3758,772396636.8538,807159740.1632
WSM,594321522.0625,580652085.3156,579490837.1736,603249890.1771,587914696.273,627150017.689,672172903.5803,676497830.615,691346188.9874,706455137.2337,755333286.7362,807751648.0709,842840344.0855,880898624.0339,921640202.5519,959948104.7869,978847639.2153,1040736668.8521,1051238603.7187,1000692190.1819999,1005487094.0,1063589611.1299,1067866343.4525,1047215316.6703,1061842380.4672,1077250399.1508,1154483020.7299,1185709433.8775
YEM,7841073730.4688,7653502929.6875,7894764648.4375,8104319824.2188,8410267578.125,9551961914.0625,11484950195.3125,13110705078.125,14817912109.375,16753058593.75,18877255859.375,21996882812.5,25786982421.875,31580123046.875,41793050781.25,64132171875.0,69035406250.0,72067562500.0,79354023437.5,81353906250.0,100030632812.5,91996851562.5,85659539062.5,88563726562.5,80556640625.0,63664515625.0,56625332031.25,50703230468.75
ZAF,306165250000.0,305423625000.0,303201281250.0,312478687500.0,323038125000.0,339487250000.0,352995875000.0,360550937500.0,362501906250.0,371582781250.0,390818906250.0,406562843750.0,425263593750.0,438638843750.0,459779562500.0,494829031250.0,531092687500.0,562114875000.0,574922625000.0,565836062500.0,592812812500.0,625141625000.0,633626062500.0,645225000000.0,656694187500.0,667783312500.0,669013687500.0,686414000000.0
ZMB,10522092773.4375,10818871093.75,9256054687.5,8782865234.375,8508117187.5,8731926757.8125,9724600585.9375,10430517578.125,10049629882.8125,10371616210.9375,12456868164.0625,13200019531.25,14027424804.6875,15127911132.8125,16664933593.75,19037519531.25,22708310546.875,31053279296.875,32683802734.375,36844246093.75,42605246093.75,48036335937.5,51373660156.25,53648257812.5,56269472656.25,57281085937.5,59053343750.0,65619968750.0
ZWE,43169191406.25,50493269531.25,45237531250.0,47119843750.0,52646410156.25,50090128906.25,56746910156.25,47047410156.25,41347265625.0,37134910156.25,33792128906.25,31730099609.375,24228593750.0,20582892578.125,18827634765.625,15711030273.4375,14120116210.9375,14602249023.4375,10898644531.25,19013117187.5,20696941406.25,23147492187.5,26216970703.125,28222046875.0,29565177734.375,30368750000.0,31214966796.875,33028402343.75
