cat,IPC3A
clss,TOTAL
ent,KYOTOGHG
family,emi
gwp,AR4
note,calculated by the function combine_tables_varying_in_one_sheet_as by CC and JN from PRIMAP | built by Johannes Guetschow
scen,HISTCR
srce,PMH21
tablename,KYOTOGHGAR4_IPC3A_TOTAL_NET_HISTCR_PMH21
tpe,NET
unit,MtCO2eq
ISO3,1990,1991,1992,1993,1994,1995,1996,1997,1998,1999,2000,2001,2002,2003,2004,2005,2006,2007,2008,2009,2010,2011,2012,2013,2014,2015,2016,2017
ABW,0.0012511,0.0,0.0,8.642000000000001e-06,1.4602e-05,1.0728e-05,1.043e-05,1.9668e-05,2.1456e-05,2.1456e-05,2.6224e-05,2.6224e-05,2.8012e-05,3.2482e-05,3.3972e-05,3.3972e-05,3.3972e-05,3.3972e-05,3.3972e-05,3.3972e-05,3.3972e-05,3.3972e-05,3.3972e-05,3.8011e-05,3.8915e-05,3.982e-05,4.0725e-05,4.1629e-05
AFG,4.7617,5.0084,5.069,5.098,5.2888,5.6457,6.4209,7.0854,7.5846,8.5197,7.2793,6.0285,7.7336,7.8868,7.6636,7.9342,8.086,8.1882,9.1348,9.2971,10.7931,10.8253,10.6785,10.5783,10.717,10.3283,10.2632,9.9974
AGO,2.9845,3.0244,3.0753,2.9823,2.8893,2.887,3.1734,3.4031,3.7106,3.7186,3.8731,3.8886,3.8703,3.8414,3.7939999999999996,4.1296,4.2419,4.3599,4.4801,4.5788,4.738,4.8482,4.9883,5.1364,5.2914,5.4652,5.4622,5.5299
ALB,1.1373,1.0999,1.0412,1.1309,1.2454,1.3326,1.4118,1.4027,1.4240000000000002,1.5099,1.9687,1.9165,1.86,1.8749,1.8588,1.7852,1.7489,1.635,1.536,1.4439,1.4524,1.4408,1.4677,1.4728,1.4904,1.4969999999999999,1.4880000000000002,1.4536
AND,0.0043285,0.0043257,0.0042172,0.004107899999999999,0.004071,0.004031600000000001,0.0040845,0.0040691,0.0039532,0.0039918,0.004034,0.004292100000000001,0.004506100000000001,0.004710499999999999,0.0049556,0.005232100000000001,0.0053964,0.0055515,0.0056276,0.0056151000000000005,0.0055795,0.0055315,0.0055902,0.0055381,0.0056486999999999996,0.005393,0.0054877,0.005391300000000001
ANT,0.0052204999999999994,0.0050382,0.0049131999999999995,0.0046732,0.0044132,0.0044182,0.004418399999999999,0.0044111,0.0046884,0.004398399999999999,0.004575899999999999,0.0047059,0.0051007,0.004943199999999999,0.0052082000000000005,0.0051782,0.0051882,0.0053405,0.005403,0.005408,0.005438,0.005443,0.0055205,0.005533,0.0055505,0.005533,0.0055505,0.005568
ARE,1.1041,1.1763,1.2469,1.3311,1.4744,1.6009,1.8004,1.9183,2.0272,2.2162,2.3278,2.2689,2.2388,2.263,2.1689,2.2624,2.057,1.8912,1.8299,1.9234,1.49,1.3107,1.1521,1.0911,0.9873,1.0206,1.034,1.0512
ARG,72.9697,73.7721,74.7785,75.7232,76.7579,75.044,74.142,72.2905,71.2771,71.1064,75.5465,77.2261,81.53,86.3968,88.8788,89.4099,91.0219,91.477,88.3123,84.2905,59.5189,60.8879,64.055,65.5793,66.5477,66.4791,67.9417,68.8486
ARM,1.2088,1.1992,1.1344,0.95652,0.95739,0.96201,0.97736,0.9811700000000001,0.9188200000000001,0.96699,0.99367,1.0217,1.0748,1.1196,1.1605,1.1663,1.2154,1.2826,1.2756,1.1849,1.169,1.1727,1.2293,1.3663,1.4021,1.4273,1.4707,1.3794
ATG,0.029653,0.031036,0.031043,0.031411,0.031868,0.031976,0.030275,0.03007,0.029747000000000003,0.030438999999999997,0.029878,0.030752999999999996,0.031231000000000002,0.031698000000000004,0.032335,0.032338,0.032473,0.03161,0.031563,0.031388,0.015491999999999999,0.015616999999999999,0.015616999999999999,0.015569,0.015612000000000001,0.015269,0.015578999999999999,0.015614
AUS,67.045,66.5892,64.3613,62.3663,61.9798,59.7886,60.701,60.9586,60.9252,60.4829,62.7451,61.5739,61.3513,58.4127,59.7954,60.9013,59.2753,57.6965,55.2191,54.8107,52.5115,55.526,56.3436,56.67100000000001,56.3002,54.2913,53.4276,55.0928
AUT,5.699,5.6247,5.3953,5.4068,5.4002,5.4948,5.4066,5.3144,5.2789,5.2191,5.1847,5.1201,5.0147,4.9617,4.9566,4.9003,4.8967,4.9317,4.928,5.0049,5.0043,4.9505,4.9278,4.9453,4.9775,4.9825,5.0108,5.0361
AZE,3.5754,3.5423,3.4112,3.3844,3.0886,3.1377,3.2966,3.4781,3.6481,3.9954,4.1739,4.3548,4.5369,4.6731,4.82,4.9249,5.1734,5.3103,5.5933,5.5053,5.5489999999999995,5.4238,5.2255,5.494,5.5592,5.564,5.5109,5.4481
BDI,0.5695100000000001,0.5744,0.58221,0.5631,0.50527,0.52132,0.50817,0.5164,0.46947,0.47783000000000003,0.48691,0.50229,0.46083999999999997,0.47868,0.51802,0.55906,0.61492,0.6503800000000001,0.70047,0.78018,0.87285,0.95667,0.97665,1.1852,1.1705,1.1358,0.88536,0.82857
BEL,7.4270000000000005,7.3575,7.3136,7.4148,7.3974,7.4848,7.4002,7.3143,7.2837,7.3020000000000005,6.9668,6.9288,6.7168,6.4902,6.4363,6.3501,6.3001,6.4232,6.3773,6.4112,6.4414,6.3606,6.2869,6.2601,6.3372,6.3624,6.3937,6.3534
BEN,1.2154,1.2990000000000002,1.3265,1.3286,1.4924,1.3038,1.5086,1.5309,1.5163,1.5755,1.686,1.7530000000000001,1.8013,1.8342,1.8823,1.8961,1.9826,2.0339,2.0775,2.1371,2.1925,2.25,2.3079,2.3680000000000003,2.4291,2.4925,2.6774,2.6715
BFA,5.0452,5.2783,5.4108,5.5463,5.6877,5.8411,5.9892,6.1568,6.3231,6.4955,6.6743,6.8583,7.0518,9.1353,9.3398,9.5499,9.7655,9.9855,10.2113,10.4415,10.6772,10.9175,11.1575,11.4184,11.689,11.987,12.3218,12.5985
BGD,11.0339,11.1495,11.3603,11.5713,11.7901,12.9501,13.3334,14.3779,15.1402,16.1832,17.2387,18.2925,19.0995,19.837,20.5283,21.2597,21.6121,21.9328,22.239,22.5586,22.8975,23.214000000000002,23.4975,23.6895,23.8138,23.9495,24.0171,24.5102
BGR,6.4118,6.07,5.5201,4.5423,3.5863,3.0491,2.9095,2.7885,2.6860000000000004,2.7581,2.6288,2.3089,2.4021,2.5383,2.5115,2.4206,2.3884,2.2916,2.217,2.1006,2.0669999999999997,2.0581,2.0101,2.0456,2.0691,2.0386,2.0238,2.0127
BHR,0.020183,0.019506,0.019721000000000002,0.019246,0.018661,0.017301,0.018718000000000002,0.018836000000000002,0.019183000000000002,0.020063,0.019159,0.018366,0.024366,0.021238999999999997,0.019821000000000002,0.019574,0.019706,0.019511,0.016841,0.017284,0.019956,0.019991,0.020093,0.020508000000000002,0.020508000000000002,0.019861,0.019588,0.019853
BHS,0.0069632999999999995,0.006339899999999999,0.0065666,0.0062843000000000005,0.0058928,0.0074009,0.008495,0.0077949,0.009509100000000001,0.006886700000000001,0.006724600000000001,0.0068992,0.0068092,0.007509899999999999,0.0076874,0.0077074,0.0076874,0.007692399999999999,0.0076874,0.007692399999999999,0.0076949,0.0077297,0.007779899999999999,0.007779899999999999,0.0077824,0.007847,0.0077747,0.0076153
BIH,2.5642,2.4454,2.3845,2.2532,2.0808,1.6938,1.4002,1.6769,1.7277,1.776,1.8177,1.7333,1.6219,1.7055,1.7455,1.7553,1.8741,1.7287,1.6552,1.6272,1.5835,1.4957,1.4169,1.3980000000000001,1.3730000000000002,1.379,1.3655,1.3376
BLR,15.3878,14.6797,13.7204,13.0008,12.3043,11.5226,10.9921,10.8042,10.6736,10.1258,9.6481,9.5044,9.2695,9.0888,9.1757,9.4093,9.4989,9.4678,9.6625,9.8714,9.8953,9.961,10.2042,10.1366,10.0932,10.207,10.1596,10.2352
BLZ,0.096413,0.08870800000000001,0.10794000000000001,0.092083,0.093752,0.067031,0.070051,0.07603,0.08330499999999999,0.09224500000000001,0.084233,0.092999,0.092071,0.092877,0.09299500000000001,0.09201799999999999,0.10603,0.11389,0.12611,0.14113,0.1435,0.15177000000000002,0.15814,0.17390999999999998,0.14779,0.15155,0.16673,0.17499
BOL,9.3855,9.5914,9.8731,10.1457,10.4572,10.7284,11.0094,11.3046,11.5769,11.7071,12.2421,11.011,10.6418,10.9491,11.2684,11.5612,11.847999999999999,12.1298,12.399000000000001,12.877,13.0383,13.585999999999999,13.9253,14.2786,14.0354,14.1623,14.3471,14.5091
BRA,219.1264,225.7978,229.2521,230.0767,234.4556,239.1415,232.4073,236.7827,238.9468,241.2932,249.15400000000002,258.8852,267.2839,280.9862,292.9219,297.7629,296.5431,282.3576,286.9069,291.8982,298.5718,304.0477,301.9201,304.1301,306.05,310.9375,314.4382,309.1909
BRB,0.059851999999999995,0.05975,0.059949,0.055894000000000006,0.056009,0.05631799999999999,0.056545000000000005,0.05218300000000001,0.050558,0.047431,0.043855,0.040413,0.037247,0.035035000000000004,0.033201999999999995,0.030404,0.026978,0.025028,0.026235,0.027957999999999997,0.028508999999999996,0.028154000000000002,0.028658999999999997,0.029093,0.028854,0.028561000000000003,0.028251,0.028423
BRN,0.013031000000000001,0.014119999999999999,0.013222999999999999,0.012637,0.013307,0.013024,0.013608000000000002,0.017995,0.019047,0.020803,0.021276,0.023615,0.022208000000000002,0.024215999999999998,0.023175,0.02193,0.023262,0.024204,0.02485,0.023691999999999998,0.024562,0.021595,0.023894,0.025584,0.0239,0.024828,0.025245,0.024888
BTN,0.44736000000000004,0.43713,0.40998,0.40986999999999996,0.41012,0.45082,0.43461000000000005,0.4343,0.43412,0.46106,0.43106000000000005,0.39196,0.40389,0.39960999999999997,0.40458,0.45211999999999997,0.4323,0.43625,0.38911,0.41023999999999994,0.41103,0.40113000000000004,0.40179000000000004,0.4083,0.37554,0.36030999999999996,0.35941999999999996,0.35979
BWA,2.6652,2.3158,2.0983,1.8998,2.1397,2.6336,2.3494,2.3823,2.4291,2.5847,2.6176,2.5052,2.0757,2.0545,2.0967,2.2074,2.2251,2.2066,2.299,2.4661,2.6626,2.5631,2.2824,2.1388,1.7244,1.749,1.9166,2.1076
CAF,2.3498,2.5421,2.5606,2.5764,2.6419,3.4676,4.29,5.1164,5.9384,6.7653,7.5949,8.4356,9.2935,10.1608,10.1655,10.1653,11.062000000000001,11.0632,11.0879,5.6609,5.6672,6.0458,6.1217,6.1766,6.2423,6.3642,6.6201,6.7015
CAN,27.8699,28.4626,29.8576,30.3663,31.6745,33.3458,33.8169,33.8171,34.0497,34.3852,35.1694,36.2456,36.3828,36.7002,37.9204,38.8225,37.7498,36.4782,35.3974,33.5267,32.3363,31.6092,31.6658,31.6407,31.2659,31.1274,31.4409,31.4683
CHE,4.6442,4.6294,4.5399,4.481,4.5003,4.4874,4.455,4.3523,4.315,4.2479,4.2233,4.2572,4.2275,4.1881,4.1555,4.1947,4.2309,4.2524,4.359,4.3034,4.2797,4.2732,4.2753,4.2378,4.2722,4.2596,4.2215,4.1753
CHL,7.0013,7.0947,7.2712,7.5417,7.8386,7.9492,8.0872,8.3898,8.4571,8.4558,8.3534,8.2104,8.0153,7.851,7.9014,7.8061,7.4915,7.2298,7.3375,7.4059,7.3532,7.7010000000000005,8.3703,7.4257,7.3329,6.5834,6.6982,6.7755
CHN,258.5917,267.3982,270.7546,277.9788,289.635,331.4646,376.7778,337.3123,386.5191,417.3027,446.0699,454.9904,460.6373,474.0291,491.9148,510.343,496.3743,467.0658,466.0223,459.3577,455.9576,440.6324,426.05199999999996,426.9957,428.4378,433.8692,439.7006,429.6788
CIV,1.2797,1.3192,1.3581,1.3882,1.4199,1.4522,1.4572,1.4919,1.485,1.5157,1.5181,1.5516,1.5847,1.6145,1.6459,1.6797,1.7121,1.743,1.7930000000000001,1.8375,1.8359,1.8686,1.8793,1.8932,1.9036,1.9178,1.9925,2.0108
CMR,5.0435,4.9835,4.9741,4.9677,4.9794,4.9510000000000005,4.9395,5.0481,5.1877,5.6979999999999995,6.1553,6.1125,5.9388,6.1014,6.18,6.2709,6.2889,6.3012,5.5309,5.5174,5.6246,5.8214,6.072,6.3495,6.4036,6.5451,6.3321,6.321000000000001
COD,2.06,1.9399,1.9813,1.8725,1.8265,1.7953,1.7543,1.8241,1.6593,1.5627,1.5186,1.4755,1.4308,1.4312,1.4313,1.4314,1.4316,1.4317,1.4327,1.432,1.4336,1.4351,1.5530000000000002,1.5977,1.6019,1.6493,1.6687,1.6424
COG,0.11573,0.11382,0.11477000000000001,0.11788,0.11895,0.12015999999999999,0.12180999999999999,0.12355999999999999,0.12032999999999999,0.12955999999999998,0.13047999999999998,0.13288,0.13779,0.14382999999999999,0.18499000000000002,0.22666999999999998,0.26747,0.30909000000000003,0.33134,0.32295,0.34062,0.34605,0.34711,0.34857,0.35117,0.3522,0.37063,0.3713
COK,0.008126999999999999,0.008131999999999999,0.0085493,0.011516,0.012833,0.014190000000000001,0.016853,0.018113,0.019235,0.015871,0.015088999999999998,0.013097,0.01268,0.012608,0.013333000000000001,0.013333000000000001,0.013333000000000001,0.013456999999999998,0.013455000000000002,0.013455000000000002,0.013465000000000001,0.013465000000000001,0.013465000000000001,0.013465000000000001,0.013465000000000001,0.01346,0.014324000000000002,0.014152000000000001
COL,22.2462,22.5877,23.4682,23.1086,23.4723,22.9669,24.5253,23.9664,23.8895,24.3877,23.7871,24.29,24.4091,25.6276,26.9086,26.9026,26.8016,26.8523,27.1172,27.6321,27.8672,27.888,27.391,26.9872,26.9271,26.8686,26.838,26.9491
COM,0.057418,0.056303,0.05640800000000001,0.057175,0.058065,0.059235,0.06055,0.061778,0.06551,0.069912,0.063443,0.065457,0.067415,0.05896799999999999,0.059805,0.060642999999999996,0.062805,0.06376,0.06376,0.063763,0.06412000000000001,0.06477999999999999,0.064808,0.064885,0.06452000000000001,0.064778,0.06522,0.065122
CPV,0.053439999999999994,0.058096,0.074935,0.075566,0.06287999999999999,0.07889299999999999,0.057755999999999995,0.065509,0.074701,0.07660299999999999,0.073238,0.075313,0.076693,0.075941,0.082876,0.083249,0.081585,0.080984,0.081416,0.087494,0.091558,0.06554,0.066526,0.06748,0.06848,0.069454,0.07047300000000001,0.060252999999999994
CRI,2.9089,3.033,3.1513,3.3422,3.1968,2.984,3.0771,2.8575,2.7258,2.4156,2.1653,2.1494,2.1326,2.1079,2.0735,2.2674,2.2062,2.405,2.5455,2.5772,2.5772,2.6791,2.5982,2.6349,2.6415,2.6508,2.8127,2.862
CUB,4.6242,4.6273,4.6737,4.6274,4.7318,4.6207,4.6413,4.7063,4.8102,4.7058,4.5517,4.4725,4.4297,4.495,4.3905,4.1386,4.2237,4.2767,4.3225,4.3976,4.4721,4.5004,4.5183,4.541,4.6073,4.5375,4.5308,4.3836
CYP,0.30801,0.31539,0.32652,0.34406,0.34589000000000003,0.36096999999999996,0.37432,0.3738,0.3687,0.36403,0.37479,0.40135,0.42161000000000004,0.40729,0.39682,0.36814,0.36966,0.37284,0.3598,0.35436,0.36372,0.36556,0.34254,0.32344,0.31327,0.31516,0.33644,0.3463
CZE,8.3243,7.8873,7.1753,6.3337,5.5531,5.4205,5.343999999999999,5.0389,4.7622,4.8607,4.678999999999999,4.6711,4.6189,4.5833,4.4397,4.3271,4.2658,4.3007,4.2918,4.1159,3.9778,3.9467,3.9505,3.9713,4.0342,4.1281,4.2113,4.2492
DEU,46.0996,40.7723,39.7973,39.6134,39.9866,39.7403,40.025999999999996,38.9232,38.7344,38.4424,37.7096,38.2101,36.7854,36.3987,35.3543,35.2431,34.5222,34.5965,34.9331,34.9073,34.5303,34.0723,34.1451,34.5225,34.7793,34.6245,34.2966,34.0242
DJI,0.35975,0.36221,0.36358,0.3723,0.38499,0.41256000000000004,0.43066000000000004,0.43477,0.44256,0.46085,0.46138999999999997,0.46228,0.46235,0.46373000000000003,0.46813999999999995,0.46876999999999996,0.46138999999999997,0.46219,0.46219,0.46363000000000004,0.46363000000000004,0.46334,0.46697,0.46697,0.46876999999999996,0.46995,0.46835,0.46793
DMA,0.006362,0.0063042,0.0063038,0.0063231,0.0063583,0.0088185,0.011358,0.013857,0.016356,0.018857,0.021356,0.019675,0.019675,0.019675,0.019675,0.019675,0.019669,0.019804,0.019804,0.019806,0.020035,0.020307,0.020666999999999998,0.020482,0.020494,0.020492,0.020502,0.020595
DNK,6.3959,6.5186,6.6192,6.7729,6.6259,6.6139,6.644,6.5922,6.7237,6.5252,6.5146,6.7107,6.749,6.7291,6.7006,6.4986,6.3318,6.4132,6.3043,6.2298,6.308,6.2369,6.2337,6.2035,6.2237,6.1666,6.1805,6.1496
DOM,1.5068,1.6608,1.732,1.8205,1.8846,2.0472,2.3447,2.5775,2.8046,2.84,3.1207,3.5222,3.9945,4.2762,4.9848,5.0109,5.4956,6.3660000000000005,6.5666,6.822,7.154,7.2496,7.1284,7.1436,7.1421,7.1946,7.5426,7.4741
DZA,4.3329,4.1352,4.3247,4.4209,4.2523,4.2457,4.2494,4.2933,4.4454,4.7208,4.7375,4.7792,4.6457,4.7643,4.9863,5.0355,5.183,5.2511,5.2272,5.4843,5.8054,6.0184,6.2767,6.5696,6.9102,7.0271,6.9699,6.867000000000001
ECU,7.4043,7.6693,7.938,8.1512,8.3935,8.464,8.7803,9.1846,8.7574,8.6247,7.4841,8.1137,8.3104,8.2499,8.3994,8.1989,8.3526,7.7852,8.0246,8.5212,8.6756,8.8121,8.5253,8.4173,7.6046,6.8053,6.7631,6.8184
EGY,8.7208,9.2013,9.3176,9.3164,9.2016,9.22,9.4137,9.6328,9.6114,10.0302,10.4008,10.4847,10.7828,10.7499,10.7278,10.6925,10.8714,11.2813,11.1789,10.4461,10.3466,10.6135,10.9851,10.5605,10.6239,10.4649,10.2798,10.2797
ERI,2.1759,2.1882,2.2468,1.8389,1.8675,1.8958,2.1505,2.4498,2.6046,2.6591,2.7231,2.5993,2.5679,2.6559,2.6968,2.7339,2.6239,2.8126,2.8269,2.8413,2.7487,2.8828,2.9016,2.9277,2.9388,2.9527,2.9788,2.978
ESP,23.0928,22.0298,22.3163,22.1778,22.9864,23.8014,24.6956,25.0007,25.3915,26.2283,27.6944,27.923000000000002,27.8439,28.2624,28.2866,27.0485,26.116999999999997,26.7428,25.0988,25.1764,24.2729,24.0987,23.2511,22.5512,23.3517,24.0762,24.4306,24.9338
EST,1.4498,1.3604,1.1628,0.9193899999999999,0.8515299999999999,0.76,0.7027,0.69886,0.6764899999999999,0.5833699999999999,0.5724899999999999,0.6005199999999999,0.57799,0.58973,0.59896,0.6068,0.61135,0.61251,0.60833,0.60447,0.61933,0.6227,0.6439600000000001,0.67451,0.68024,0.6531100000000001,0.6371600000000001,0.6483300000000001
ETH,38.2026,38.408,39.433,34.6611,35.0792,34.9899,36.6169,41.1381,41.1381,40.633,38.1987,40.723,47.2289,46.1389,46.8937,49.4904,51.9025,59.1234,60.096000000000004,61.8603,65.0248,63.4447,65.6946,66.4404,68.832,70.056,72.2697,73.9442
FIN,2.9784,2.8535,2.7765,2.8072,2.8276,2.696,2.7183,2.7758,2.7139,2.6756,2.6856,2.6707,2.7077,2.7030000000000003,2.6923,2.6947,2.6958,2.6811,2.6493,2.6963,2.7541,2.7159,2.7075,2.7036,2.745,2.7769999999999997,2.7601,2.7428
FJI,0.5667300000000001,0.5838899999999999,0.60101,0.6521899999999999,0.68863,0.72433,0.71208,0.71011,0.6993,0.68417,0.6893699999999999,0.69907,0.66828,0.6517,0.6596,0.6560199999999999,0.65758,0.66542,0.6642600000000001,0.66156,0.66065,0.6592600000000001,0.66233,0.66662,0.66991,0.67367,0.67174,0.67527
FRA,44.0376,43.3339,42.7472,42.4268,42.5987,42.8496,42.7335,42.5336,42.2656,42.4636,43.9088,43.8809,43.0222,41.8625,41.173,41.0004,41.1226,41.3357,41.7867,41.4101,40.9517,40.6162,39.9066,39.8742,40.7039,40.739000000000004,40.4845,40.0591
FSM,0.03639,0.036979000000000005,0.037568,0.038156999999999996,0.038745999999999996,0.039335,0.03935,0.039355,0.039305,0.039305,0.039302,0.039355,0.03936,0.039412,0.03935,0.039382,0.039375,0.040137,0.040087,0.041954000000000005,0.041917,0.044584,0.044649,0.045971,0.046011,0.046418,0.047845,0.048685
GAB,0.088561,0.094921,0.10024,0.10340999999999999,0.10134,0.096037,0.099879,0.10528,0.10525999999999999,0.10703,0.10889000000000001,0.10876,0.10812000000000001,0.10727,0.10727,0.10727,0.10727,0.10947,0.11037999999999999,0.11035,0.1113,0.11195999999999999,0.11375,0.11682000000000001,0.1179,0.11929000000000001,0.11772,0.11821
GBR,33.0481,32.7085,32.7358,32.6923,32.8027,32.5113,32.9763,32.762,32.7954,32.5566,31.497,29.8879,29.3194,29.5429,29.8311,29.4618,28.9442,28.6208,27.775,27.4704,27.6102,27.4589,27.3623,27.4057,27.878,27.9803,27.9915,28.0797
GEO,2.3142,2.2662,1.9936,1.7794,1.7196,1.7394,1.7788,1.7919,1.8175,1.9237,1.9118,1.9995,2.0248,2.1,2.1275,2.1555,2.0545,1.8329,1.7176,1.7181,1.7014,1.6772,1.7749,1.8254,1.8773,1.5739,1.58,1.5242
GHA,1.831,1.6780000000000002,1.6305,1.6355,1.6923,1.6007,1.7363,1.82,1.8594,1.901,1.9403,1.9701,1.9488,2.0751,2.1083,2.1458,2.2247,2.2539,2.3135,2.3976,2.4519,2.5578,2.6619,2.7656,2.8829,3.0201,3.0202,3.0664
GIN,1.4027,1.5119999999999998,1.6325,1.7629,1.9182,2.0742,2.1836,2.2986,2.4197,2.5473,2.7197,2.8707,3.0268,3.1959,3.3748,3.5636,3.7680000000000002,3.9747,4.1938,4.428,4.7081,4.9686,5.2345,5.5158,5.757000000000001,6.1129,6.4533,6.7408
GMB,0.33624,0.35609,0.35613,0.35838000000000003,0.35914,0.35955,0.35536999999999996,0.36025,0.36266,0.36443000000000003,0.36351,0.34526,0.35531,0.42394,0.43615,0.44251,0.44952,0.45902,0.46965,0.48118,0.47684,0.43718999999999997,0.40321,0.44127,0.48201000000000005,0.5032399999999999,0.46698999999999996,0.47267
GNB,0.47103999999999996,0.47213999999999995,0.48731,0.50202,0.51432,0.5260199999999999,0.53867,0.55167,0.56389,0.57702,0.5881,0.59077,0.5916,0.59949,0.5998899999999999,0.60364,0.6343300000000001,0.66942,0.70691,0.74205,0.77841,0.8043100000000001,0.8074600000000001,0.8249799999999999,0.83026,0.83901,0.86554,0.87836
GNQ,0.010565,0.010687,0.010777,0.0109,0.010942,0.011042,0.011109,0.011204,0.011281999999999999,0.011379,0.011434,0.011554,0.011552,0.011590999999999999,0.011626000000000001,0.011652,0.011692000000000001,0.011804,0.011774,0.011771,0.012010999999999999,0.012051000000000001,0.012246,0.012348,0.012381,0.012406,0.012468,0.012528000000000001
GRC,4.9734,4.9755,4.9164,4.8852,4.7906,4.9179,4.9239,4.9312,4.9309,4.9618,4.8989,4.9244,4.9835,5.0143,4.986000000000001,4.9857,5.0044,4.9763,4.9085,4.8681,4.9561,4.9267,4.8635,4.7915,4.6149,4.5203,4.4191,4.3996
GRD,0.0099072,0.009956999999999999,0.009992000000000001,0.010074,0.010179,0.010314,0.010256,0.010212,0.010199,0.010286,0.009848,0.0099403,0.01,0.010103000000000001,0.010095,0.010055,0.010152,0.01022,0.010475,0.01055,0.010215,0.010275,0.010362,0.010287000000000001,0.010327,0.010302,0.01036,0.010367
GTM,4.9741,4.3812,3.9242,3.4297,2.7034,2.8618,3.0221,3.1994,3.3416,3.6343,3.7804,3.8672,3.8984,3.6305,3.7432,3.8188,3.8863,4.1018,4.3249,4.5483,4.7254,4.6972,4.7822,4.8273,5.0423,5.1542,5.2583,5.3603
GUY,0.21536,0.2275,0.23548000000000002,0.2545,0.25745,0.27166999999999997,0.28792,0.29665,0.30885,0.32361,0.33860999999999997,0.35608,0.37778,0.40094,0.42126,0.41965,0.41675,0.42496999999999996,0.42001000000000005,0.42776000000000003,0.43041999999999997,0.44723,0.45436000000000004,0.45369,0.45376000000000005,0.45395,0.41905,0.42177
HKG,0.06299500000000001,0.050555,0.039754000000000005,0.026239,0.025143000000000002,0.026076,0.026375,0.033773000000000004,0.036113,0.041250999999999996,0.043899,0.045582,0.042977,0.038606,0.037752,0.037085,0.037669,0.029592,0.029507,0.032858,0.034724,0.035595999999999996,0.035818,0.036073,0.036253,0.036226,0.031665,0.033083
HND,3.8053,3.7649,3.7137,3.298,3.5758,3.3247,3.3557,3.2535,3.0807,2.7548,2.8638,2.9898,3.3337,3.8367,3.9129,3.995,3.9243,3.9877,4.0518,4.2497,4.2908,4.2593,4.3568,4.3794,4.3866,4.4126,4.4777,4.5184
HRV,2.7329,2.6189,2.235,2.253,2.0721,1.9751,1.9113,1.8553,1.8041,1.808,1.7427,1.7694,1.7331,1.7706,1.901,1.8344,1.8683,1.7772,1.699,1.7366,1.7391,1.7277,1.6962,1.6377,1.6121,1.6902,1.6731,1.5803
HTI,1.989,2.1388,2.497,2.3694,2.3479,2.3748,2.4024,2.4874,2.5777,2.5779,2.8373,2.8532,2.8687,2.8803,2.8699,2.8811,2.864,2.8676,2.8766,2.8767,2.8767,2.8935,2.906,2.9061,2.9078,2.9263,2.966,2.9554
HUN,5.4722,5.1003,4.3869,3.7623,3.33,3.2617,3.2947,3.21,3.2223,3.2947,3.2319999999999998,3.1205,3.1317,3.1206,2.9944,2.9188,2.843,2.8577,2.7918,2.7135,2.6905,2.6877,2.775,2.8319,2.9208,3.0119,3.0344,3.0428
IDN,17.0317,17.4401,18.1996,17.5994,18.4689,18.6567,19.132,19.1207,18.0754,17.1682,16.6382,17.6337,18.051,17.5533,17.4914,17.3473,17.7921,18.4874,19.1826,19.7509,22.0766,21.2178,22.9157,19.972,22.0304,23.0837,23.1864,22.9512
IND,239.204,241.983,245.7069,246.801,248.248,250.5377,252.8973,254.3903,255.6415,256.8613,257.7534,257.9838,257.8143,258.1076,261.8056,265.8021,269.4527,275.3251,274.5755,273.947,273.5668,273.8147,273.8414,273.5018,273.6401,273.8583,278.1035,279.3301
IRL,13.0707,13.1945,13.3153,13.2916,13.2095,13.2173,13.589,13.8718,14.0465,13.5955,12.9763,12.9001,12.7517,12.6868,12.6598,12.5221,12.4361,12.2011,12.140999999999998,11.9517,11.7131,11.593,11.9951,12.1666,12.2972,12.5498,12.9379,13.2985
IRN,18.6681,17.8291,19.3599,19.5687,19.9535,20.3077,20.7539,21.0282,21.3902,21.0962,20.6328,20.5182,19.5033,19.6654,20.0373,20.2967,20.4156,20.5361,18.5584,18.8841,18.9462,18.361,18.3936,18.2802,13.4537,14.5478,14.7249,14.3573
IRQ,3.3373,2.1369,2.5384,3.0217,2.7615,2.4696,2.1434,2.4925,2.5865,2.4933,2.6661,2.6139,2.6945,2.4585,2.3209999999999997,2.6107,2.6365,2.8169999999999997,3.174,4.0645,4.1579,4.2777,4.3173,3.8974,4.0146,3.1702,3.2271,3.2902
ISL,0.37983,0.36912,0.36367,0.36304000000000003,0.36518,0.35225,0.35753,0.35407,0.36139,0.35991999999999996,0.34681,0.34907,0.34225,0.33786,0.33311,0.33607,0.34323000000000004,0.34936,0.35252,0.35686,0.35415,0.35584,0.34854,0.34237,0.36368,0.36777,0.3726,0.36784
ISR,0.9192100000000001,0.9237,0.9539700000000001,0.96457,1.2385,1.2472,1.2989,1.2879,1.3073,1.3043,1.3414,1.3064,1.2541,1.2225,1.2351,1.2853,1.3655,1.3686,1.4161,1.3789,1.4177,1.1097,1.1186,1.1486,1.1509,1.198,1.1705,1.2432
ITA,21.258000000000003,21.4938,20.764,20.5628,20.5098,20.8066,20.9522,20.8992,20.8009,21.0436,20.4922,19.9522,19.3774,19.4339,19.0,19.0107,18.7213,19.3767,19.249000000000002,19.3225,18.8807,18.9353,18.8072,18.9639,18.8058,18.9204,19.2847,19.4672
JAM,0.6692100000000001,0.7045899999999999,0.76689,0.7694300000000001,0.7407,0.7549,0.71192,0.68437,0.68266,0.68605,0.68589,0.68619,0.6813100000000001,0.72541,0.66364,0.6389199999999999,0.41777,0.37768,0.37473,0.36272,0.36305,0.36421,0.37105,0.3689,0.36638000000000004,0.35855,0.32852,0.31843
JOR,0.35211,0.43517,0.5486,0.57412,0.48812,0.49983,0.46762,0.42694,0.37539,0.40026999999999996,0.34608,0.34163000000000004,0.35991999999999996,0.36225,0.36925,0.41473999999999994,0.41607,0.48099,0.57687,0.49272,0.48645,0.5004,0.49787,0.51731,0.5686100000000001,0.56276,0.65885,0.6111
JPN,15.2526,15.4866,15.5588,15.3587,15.0833,14.9245,14.789000000000001,14.7136,14.5844,14.5,14.3927,14.485999999999999,14.482000000000001,14.405,14.1868,14.2204,14.2108,14.2875,14.2285,14.1347,13.7146,13.6442,13.3504,13.0223,12.7437,12.7267,12.6264,12.6296
KAZ,30.8271,30.0101,29.3196,28.6762,22.5023,19.326,14.7427,12.0964,11.4378,12.1082,12.3611,12.6679,13.5073,14.4282,15.3456,16.0734,16.8544,17.4467,18.0246,18.2837,18.6577,17.5687,17.7076,18.2606,19.0005,19.6449,20.445999999999998,21.4083
KEN,15.8684,15.1518,15.0302,14.9316,14.9545,14.8598,13.7918,13.7035,13.6183,14.7636,13.4258,13.4418,14.1535,15.1715,16.4298,15.8747,14.0982,22.2637,21.1046,18.9667,18.1675,18.6232,18.2732,18.0239,18.2967,18.5722,20.2677,18.8039
KGZ,3.8509,3.7817,3.5648,3.275,2.7242,2.4967,2.3669,2.4245,2.4828,2.5358,2.5699,2.6051,2.6503,2.6467,2.7211,2.8098,2.9169,3.0441,3.1907,3.3536,3.4245,3.5289,3.6104,3.7281,3.8662,3.9266,4.0225,4.1194
KHM,4.6379,4.7809,5.2632,5.421,5.4869,5.6465,5.607,5.7904,5.4647,5.5731,5.8109,5.5745,5.6506,5.8336,5.922999999999999,6.226,6.5401,6.5755,6.6228,6.7677,6.5556,6.4355,5.75,5.729,5.7101,5.6926,5.7103,5.7188
KIR,0.0010372,0.0010257,0.0010265,0.0010571,0.0010571,0.0012364000000000001,0.0014459000000000002,0.0016132000000000002,0.0017703,0.0019172,0.0022995999999999997,0.0025288,0.0029814,0.0031317,0.0033161,0.0035271,0.0036777999999999997,0.0038883000000000003,0.0033484,0.0033534999999999997,0.0034616,0.0034667,0.0035924999999999998,0.003564,0.0036898000000000005,0.0037251999999999997,0.0037949,0.0038012000000000002
KNA,0.0095765,0.009358799999999999,0.0090963,0.008776299999999999,0.0088063,0.0087363,0.009178200000000001,0.009318,0.0097207,0.010178,0.010985,0.010888,0.010895,0.010898,0.0109,0.011713,0.011845999999999999,0.012751,0.013759,0.013753999999999999,0.013781,0.013163999999999999,0.007116,0.006566,0.005451,0.0057683,0.005446,0.0054385
KOR,6.4776,6.893,7.442,8.2026,8.6921,9.0753,9.7026,9.8217,9.579,8.5774,8.0605,7.6918,7.6927,7.6782,7.8804,8.147,8.4836,8.8235,9.0816,9.4958,10.0675,9.713,10.066,10.0959,9.6914,10.0721,10.2255,10.5144
KWT,0.081566,0.020177,0.025539,0.051646000000000004,0.066808,0.087227,0.10558,0.1122,0.11557,0.12878,0.14289000000000002,0.10011,0.13121,0.14248,0.12325,0.12376,0.12653,0.13497,0.14602,0.15925999999999998,0.15182,0.14615999999999998,0.14755,0.15536,0.17231,0.17271,0.18756,0.19352
LAO,3.1743,3.3077,3.5005,3.5589999999999997,3.7091,3.8448,3.9414,4.0288,3.6083,3.2779,3.5531,3.6707,3.7734,3.8527,3.9444,3.9061,4.0331,4.1358,4.2802,4.4067,4.5241,4.6215,4.843999999999999,4.9098,4.9596,5.0972,5.3293,5.4679
LBN,0.2094,0.22535,0.22816999999999998,0.23055,0.23383,0.2233,0.24589,0.2481,0.25847,0.26459,0.26482,0.26849,0.28276999999999997,0.28807,0.29719,0.30622,0.31643000000000004,0.31714000000000003,0.33686,0.34515,0.33283,0.43325,0.42901999999999996,0.52765,0.53888,0.53762,0.5260600000000001,0.53493
LBR,0.11513,0.11218,0.11127000000000001,0.11066,0.11066,0.11066,0.11066,0.11066,0.11066,0.11066,0.11275,0.11295999999999999,0.11309000000000001,0.1133,0.11342999999999999,0.11360999999999999,0.12211,0.13137000000000001,0.14114000000000002,0.15200999999999998,0.16404000000000002,0.16935,0.17051,0.17372,0.1743,0.17513,0.19205,0.19926
LBY,1.256,1.2299,1.1782,1.1316,1.1081,1.1323,1.1884,1.1092,1.1868,1.0754,0.9334899999999999,0.9838,1.0171,1.1015,1.2016,1.273,1.3994,1.4709999999999999,1.4737,1.5271,1.5856,1.5897,1.5921,1.6046,1.5953,1.5829,1.5844,1.5625
LCA,0.013036,0.013053,0.013094,0.013113999999999999,0.013118000000000001,0.014171000000000001,0.015290999999999999,0.016472999999999998,0.017646000000000002,0.018907,0.017569,0.017183,0.017002,0.016678,0.016529,0.016221,0.015897,0.016727000000000002,0.016891999999999997,0.016756,0.016561000000000003,0.016569999999999998,0.016612000000000002,0.020648,0.022153,0.021583,0.02027,0.020707
LIE,0.017138,0.017048,0.016566,0.015728,0.015853,0.015804,0.016135,0.015833,0.015611000000000002,0.014862,0.014348,0.015236000000000001,0.015331000000000001,0.015425,0.015472999999999999,0.015875999999999998,0.016694,0.016954,0.017088,0.017055,0.016475,0.016822,0.017181000000000002,0.016333,0.016633000000000002,0.016291999999999997,0.016375999999999998,0.015872
LKA,3.1243,2.6954,2.8829,2.8511,2.8547,2.8157,2.7472,2.6355,1.6248,1.6404,1.5762,1.5590000000000002,1.4951,1.5197,1.5741,1.6068,1.6239,1.6566,1.6556,1.6806,1.7914,1.7836,1.8573,1.774,1.6267,1.6177,1.4151,1.4972
LSO,0.8254600000000001,0.83236,0.9294899999999999,0.9007200000000001,0.86226,0.8282299999999999,0.76852,0.7451399999999999,0.6774100000000001,1.0148,0.96711,0.97277,0.8749,0.8836700000000001,0.8651,0.9594799999999999,0.91581,0.9271799999999999,0.9023,0.89669,0.88528,0.8940799999999999,0.9045200000000001,0.83647,0.81877,0.79962,0.78054,0.8648
LTU,5.2901,5.0238,4.2684,3.4344,2.9542,2.6896,2.6046,2.6074,2.5015,2.2699,2.1035,1.9809999999999999,2.0319,2.0947,2.1186,2.1084,2.1481,2.1522,2.0933,2.0519,2.0228,1.9991,1.9805,1.9506,1.9925,2.0042,1.9291,1.8738
LUX,0.45683,0.46418000000000004,0.44783,0.4533,0.45091000000000003,0.46673000000000003,0.47321,0.46585,0.46313000000000004,0.46799999999999997,0.46157,0.4633,0.44814,0.4341,0.42983000000000005,0.42996,0.42427,0.43788999999999995,0.44995,0.45171000000000006,0.45886000000000005,0.44533,0.4349,0.44568,0.46005,0.47303999999999996,0.4815,0.48841999999999997
LVA,2.5969,2.4922,2.0611,1.3582,1.1931,1.1645,1.1145,1.0879,1.0123,0.87464,0.8799,0.9302299999999999,0.9223,0.9208299999999999,0.89092,0.9162799999999999,0.9242100000000001,0.96529,0.9366,0.93281,0.92338,0.9322,0.94888,0.9816299999999999,1.0169,1.0179,1.0184,1.0244
MAC,0.00046339999999999993,0.00046339999999999993,0.00046339999999999993,0.0004684,0.00045339999999999996,0.00045339999999999996,0.0004484,0.0004484,0.0005182,0.0006278,0.0005480000000000001,0.0006278,0.0006278,0.0007076000000000001,0.000598,0.0007076000000000001,0.0007076000000000001,0.0008072000000000001,0.0007076000000000001,0.0007076000000000001,0.0007076000000000001,0.0006778,0.0007326,0.0007226,0.0007176,0.0007251,0.0007724,0.0007351
MAR,7.359,7.0957,6.8947,6.0163,6.265,6.2394,6.2977,6.5223,6.3124,6.5749,6.7012,6.9277,6.9202,7.1872,7.4484,7.5695,7.9601,8.0811,8.3436,8.5201,8.9794,9.527000000000001,9.5957,9.8184,10.0337,10.0208,10.2637,10.3902
MCO,0.026348000000000003,0.026347000000000002,0.025764999999999996,0.025287,0.025419999999999998,0.025772000000000003,0.026068,0.026141,0.025622000000000002,0.025944,0.025988,0.02622,0.025907999999999997,0.025453,0.025291,0.025435,0.025616000000000003,0.025872000000000003,0.025919,0.025748000000000004,0.025692000000000003,0.02521,0.025342,0.02544,0.02541,0.025379,0.025349,0.025318
MDA,3.8024,3.4885,3.3032,2.9656,2.8829,2.56,2.4526,2.0343,1.9533,1.7912,1.6389,1.6683,1.6988,1.5707,1.4847,1.484,1.469,1.1576,1.1172,1.6255,1.2157,1.1324,1.0587,1.0451,1.1211,1.0803,1.0736,1.0618
MDG,10.9537,11.0362,11.123,11.2106,11.2983,11.4837,11.8258,12.3392,11.5652,11.1153,9.802,8.6423,8.3835,8.9715,9.596,12.6952,13.0162,12.9265,13.0668,13.2187,13.3603,13.5431,13.7332,13.6759,14.0783,14.2554,14.3805,14.4292
MEX,66.4942,65.1972,63.7779,64.6235,66.4839,65.5283,63.5536,64.2504,64.1438,62.8116,63.7763,63.8488,65.2422,65.1553,65.1381,64.5226,65.055,65.2919,65.4007,66.1405,66.435,66.9022,65.3617,66.6605,67.3925,70.5676,71.437,68.0344
MKD,1.1067,1.0894,1.1081,1.1171,1.1203,1.1031,1.0602,1.0226,0.9228200000000001,0.93081,0.9117,0.91084,0.88918,0.89649,0.9173399999999999,0.87155,0.9153,0.8335600000000001,0.8399700000000001,0.8334799999999999,0.8269799999999999,0.8204899999999999,0.81399,0.7844899999999999,0.7924899999999999,0.81622,0.8279799999999999,0.82489
MLI,6.6935,6.5277,6.5919,6.6781,6.7835,6.9886,6.7706,6.5942,6.5436,6.5198,6.4845,6.9593,7.9152,8.5546,9.2641,9.8633,10.0267,10.962,11.5784,12.1776,13.1852,13.6073,14.1069,14.4119,14.6776,15.1861,16.2413,17.3158
MLT,0.047576,0.048851,0.049763999999999996,0.049547,0.047925999999999996,0.046346,0.047646,0.048034,0.045326,0.046557,0.047896,0.046066,0.046041000000000006,0.044368,0.046368,0.048685,0.047810000000000005,0.048429,0.04621,0.044006,0.042595,0.040938999999999996,0.041714,0.040976,0.040575,0.042441,0.042085000000000004,0.040656
MMR,17.7558,17.9229,18.1841,18.3642,18.529,18.9422,19.4947,19.8496,20.2288,20.7296,21.2252,21.7776,22.3891,22.7969,23.2816,23.7584,24.3742,25.6901,26.5491,27.2266,28.3424,28.7246,30.8054,31.8921,33.1975,35.0862,36.5324,37.8774
MNE,0.60326,0.60326,0.56528,0.54528,0.55528,0.57028,0.57028,0.55528,0.5473,0.5523,0.5398,0.52682,0.53682,0.59432,0.59432,0.36835999999999997,0.5303800000000001,0.54038,0.55538,0.5524,0.5374,0.5324,0.5374,0.53086,0.51788,0.53086,0.52246,0.50642
MNG,8.1845,8.0724,8.0001,7.7865,8.3305,9.0288,9.3645,9.8333,10.2429,10.4769,9.1032,7.142,6.3971,6.47,6.8272,7.3092,8.1631,9.2419,9.7452,9.9796,7.8839,8.6236,9.6231,10.6978,12.3784,13.6206,14.8692,16.0009
MOZ,1.3342,1.4040000000000001,1.4971,1.5916,1.6137,1.6284,1.7027,1.7033,1.7351,1.7269999999999999,1.8846,1.7092,1.8297,1.8105,1.9724,2.1283,1.8026,2.0573,2.1855,1.9614,1.9786,2.1145,2.3336,2.4059,2.6124,2.2569999999999997,2.2792,2.44
MRT,3.2159,3.3243,3.4469,3.5447,3.6251,3.7026,3.8095,3.9441,4.0834,4.2988,4.4711,4.5269,4.6195,4.715,4.813,4.9156,5.023,5.1322,5.2459,5.3668,5.4912,5.6432,5.7321,5.8763,6.0431,6.24,6.4884,6.392
MUS,0.10530999999999999,0.096991,0.098552,0.098721,0.09804299999999999,0.098743,0.096402,0.09031499999999999,0.09163400000000001,0.098728,0.09778200000000001,0.1,0.091181,0.089999,0.085781,0.091066,0.029939999999999998,0.031666,0.030511,0.030330000000000003,0.033139,0.032438999999999996,0.031025999999999998,0.029960000000000004,0.029278,0.030287,0.030594999999999997,0.030652
MWI,0.8753700000000001,0.8599700000000001,0.8867,0.8605799999999999,0.8044899999999999,0.81599,0.82962,0.80952,0.9092899999999999,0.8878299999999999,0.9693799999999999,0.95021,0.94024,0.9684200000000001,1.0184,1.0494,1.1083,1.2765,1.4466,1.5651,1.7693,1.9312,2.0997,2.2653,2.3903,2.6235,2.8142,2.9784
MYS,2.2131,2.3981,2.4968,2.573,2.6453,2.6886,2.7002,2.6909,2.6315,2.5789,2.5962,2.6782,2.7935,2.8985,2.9203,2.9146,2.9525,2.9525,3.0135,3.0553,3.0905,3.1363,3.1487,3.2745,3.3118,3.1815,3.1182,3.1860000000000004
NAM,3.659,3.8315,3.6965,3.4730000000000003,3.4344,3.4944,3.3669,3.5069,3.6219,3.7469,4.0967,4.1092,3.9617,4.0044,3.9767,3.7469,3.9492,3.8917,4.0117,3.9592,3.7242,4.3867,4.6965,4.2117,4.599,4.4831,4.4788,4.5228
NER,3.5660000000000003,3.8856,4.2027,4.5396,4.8688,5.2131,5.5675,5.9277,6.3069,6.6881,7.1191,7.7948,8.4583,9.1444,9.8704,10.561,11.2291,11.9966,12.8109,13.4099,13.7998,13.6069,14.2399,14.9729,15.6737,16.3488,17.1291,17.9516
NGA,17.5285,17.7237,17.9669,18.7923,19.3544,19.9376,20.4718,21.0855,21.7696,22.5205,23.1721,23.9674,24.4316,24.6373,25.4176,25.9282,26.4005,26.8528,27.2089,27.7798,28.2505,31.9561,32.514,33.0426,33.6831,34.1415,34.7095,35.5056
NIC,4.865,3.8631,4.2876,4.8214,4.8526,4.1483,4.0115,4.3817,4.2267,5.0627,5.2091,5.2503,5.3335,5.5591,5.428,5.5903,5.7424,5.7578,5.7735,5.8617,5.9376,6.5369,6.8037,7.154,7.5079,7.8829,7.7824,7.487
NIU,0.0009298,0.0009472999999999999,0.0009548,0.0009548,0.0009923,0.0009923,0.0009923,0.0009923,0.0009923,0.0009923,0.0009923,0.0010323,0.0010323,0.0010323,0.0010323,0.0010995999999999998,0.0010995999999999998,0.0011470999999999999,0.0011346,0.0011569,0.0011346,0.0011420999999999998,0.0011794000000000002,0.0011894,0.0011944,0.0012019,0.0012094,0.0012169000000000001
NLD,15.2245,15.4529,15.3289,15.196,14.6531,14.5113,14.1328,13.5215,13.3615,13.1809,12.7336,12.6423,11.994000000000002,11.7676,11.7539,11.6987,11.6951,11.7917,11.9716,12.1148,12.1409,12.0221,11.955,12.2325,12.3442,12.8006,13.2022,13.0774
NOR,2.7022,2.6795,2.7001,2.6789,2.7249,2.6682,2.7519,2.7078,2.7105,2.7504,2.6319999999999997,2.6168,2.6060000000000003,2.6488,2.6206,2.6336,2.5811,2.5648,2.5682,2.6083,2.595,2.5313,2.5441,2.5921,2.6034,2.6289999999999996,2.6749,2.7032
NPL,10.5377,10.5754,10.6014,10.6264,11.0496,11.4586,11.6482,11.8027,11.9391,12.0261,12.1354,12.2864,12.417,12.6436,12.8601,13.107000000000001,13.3299,13.6685,13.9413,14.3377,14.6577,14.9864,15.2788,15.5247,15.4593,15.4553,15.6224,15.7002
NRU,0.0053549,0.0055618,0.0057688,0.0059758,0.0059758,0.0052467,0.0045177,0.0037885999999999996,0.0030596,0.0023305,0.0016015,0.0016015,0.0016015,0.0016015,0.0012811,0.00096075,0.00064037,0.00031999,0.00046248,0.00060497,0.00074745,0.00074745,0.00074745,0.00074745,0.00074745,0.00074745,0.00075352,0.00075352
NZL,27.1056,27.2254,26.7402,26.8712,27.7236,28.0105,28.2646,28.9736,28.3528,28.4483,29.2395,29.5476,29.3343,29.7351,29.7458,29.9731,30.1478,29.3539,28.2886,28.4478,28.4624,28.8926,29.5142,29.6953,29.978,29.5131,29.1732,29.1373
OMN,0.36965,0.39354,0.42128000000000004,0.44523999999999997,0.47138,0.48677,0.5041,0.5243,0.54405,0.58702,0.58563,0.60396,0.60944,0.6342399999999999,0.64359,0.6788,0.69313,0.71092,0.72129,0.7347600000000001,0.76455,0.77981,0.79413,0.99354,1.0042,1.0241,1.0444,1.0644
PAK,53.2865,54.3451,55.4407,56.5751,57.7621,58.9758,61.8278,63.2877,64.7322,66.462,67.9142,69.6016,71.3698,73.264,75.0693,77.0435,83.6454,86.2544,88.9789,91.7942,92.6294,97.71,100.8117,103.8134,107.0939,110.4814,113.8575,117.5438
PAN,2.138,2.1632,2.2063,2.2239,2.2518,2.2555,2.2332,2.1182,2.1494,2.1296,2.1041,2.3674,2.3768,2.327,2.2978,2.4162,2.4085,2.3687,2.4819,2.5012,2.5317,2.6602,2.6557,2.6522,2.52,2.3859,2.407,2.3609
PER,10.0101,9.9247,9.7986,9.7393,9.9798,10.874,11.3411,11.5299,11.9555,12.9217,13.3889,13.2937,13.5581,13.6781,13.6263,13.9961,13.9612,14.1835,14.2204,14.3815,14.4372,14.4244,14.1146,14.257,14.1114,14.0988,14.142000000000001,14.215
PHL,9.0816,9.0046,8.9878,9.2985,9.4048,9.9261,10.3285,10.8974,11.2015,11.2617,11.4461,11.5994,11.8965,12.1758,12.3894,12.312999999999999,12.2598,12.4226,12.3114,12.4287,12.2825,11.6459,11.3265,11.2434,11.1545,11.2439,11.4059,11.4011
PNG,0.56692,0.5655600000000001,0.60273,0.63962,0.67812,0.7134699999999999,0.73021,0.74925,0.7679,0.76951,0.77,0.8317899999999999,0.87379,0.87551,0.8772,0.8789899999999999,0.8806700000000001,0.90236,0.90271,0.92284,0.94247,0.96134,0.9830700000000001,0.9615600000000001,0.96152,0.9635600000000001,1.0053,1.0131
POL,25.4226,23.1273,21.2984,19.55,19.3178,18.3655,17.6992,18.0547,17.7187,16.9008,15.6948,15.1949,14.9276,14.921,14.4622,14.8139,15.2026,15.3479,15.1468,14.8388,14.828,14.7705,14.6883,14.7353,14.8937,15.0766,14.9104,15.5122
PRK,2.2032,2.0391,1.9464,1.8689,1.8501,1.6662,1.2884,1.1439,1.2942,1.416,1.4880000000000002,1.5323,1.5684,1.5809,1.5715,1.6013,1.5979,1.5813,1.5727,1.587,1.5966,1.6139,1.6757,1.6142,1.5892,1.5999,1.6163,1.6458
PRT,4.4961,4.5478,4.5006,4.4689,4.476,4.5385,4.5717,4.5919,4.6332,4.7281,4.7112,4.5774,4.4624,4.343999999999999,4.3606,4.4271,4.4458,4.4187,4.4041,4.3785,4.3267,4.2780000000000005,4.2613,4.2122,4.2299,4.2945,4.4025,4.506
PRY,13.3976,12.4212,12.8193,13.9335,14.7266,15.3469,14.7869,14.3384,13.9096,13.205,12.8749,13.3955,12.8465,14.3542,13.9822,14.6023,14.8458,15.602,15.65,17.3762,18.4042,18.6574,19.5447,19.6736,21.2427,20.8921,20.3853,20.3336
QAT,0.07537999999999999,0.081804,0.095046,0.10720999999999999,0.11685999999999999,0.12297999999999999,0.12587,0.12805999999999998,0.1289,0.13114,0.13244,0.091383,0.09379900000000001,0.09439199999999999,0.09632,0.06230700000000001,0.076334,0.089901,0.090637,0.12429000000000001,0.13265,0.15033,0.16555999999999998,0.19191,0.1514,0.25196999999999997,0.085724,0.1389
ROU,24.5118,20.6469,18.0368,17.6325,16.8125,16.666,16.2544,14.9121,14.4126,13.7032,12.9441,12.8292,13.409,13.775,13.9933,14.3562,14.9316,14.8931,14.6464,14.0896,12.3127,12.2725,12.3237,12.4885,12.7698,12.8499,12.8159,12.5788
RUS,150.6096,146.303,134.3583,127.7147,119.412,107.3284,95.87299999999999,86.4991,77.6046,68.4745,68.513,69.7815,69.7458,67.8974,65.4561,61.0481,58.4023,59.7815,61.0754,60.7276,58.5371,57.6769,59.3891,59.676,60.18,60.1477,58.7663,60.6032
RWA,0.73406,0.76218,0.73361,0.70236,0.6673899999999999,0.53972,0.60712,0.65074,0.72902,0.83945,0.8279299999999999,0.90749,0.9343,1.0957,1.1855,1.2535,1.4161,1.5053,1.6022,1.651,1.7699,1.6462,1.6488,1.6532,1.6199,1.8992,1.8284,1.8529
SAU,4.1584,4.2865,4.3958,4.3671,4.4465,4.4941,4.658,5.3985,5.3737,4.8093,4.9569,5.0849,5.0523,5.0360000000000005,5.0924,5.0901,4.8793,4.8433,4.5233,4.2436,4.3688,5.0086,5.1665,5.3531,5.2587,5.3378,5.4585,5.4691
SDN,19.6957,20.6354,23.4452,25.9031,27.9684,28.8675,29.9044,31.1468,32.412,33.8583,35.2861,36.6592,37.0851,38.7639,39.3213,40.2942,40.6918,41.0092,41.3816,41.6788,41.9356,40.6498,42.3311,42.6425,42.8769,43.5123,43.4333,43.6387
SEN,3.2739,3.3882,3.4757,3.5946,3.6938,3.7494,3.8518,3.9274,3.978,4.0394,4.1334,4.2477,4.1381,4.1912,4.2452,4.3293,4.4126,4.476,4.5731,4.678999999999999,4.7816,4.8252,4.9407,5.0562,4.9743,5.0733,5.1464,5.2
SGP,0.070379,0.0029408,0.0027066,0.0026991,0.0028336999999999998,0.0028029,0.0034938,0.0027730999999999997,0.002541,0.0026635,0.0026585000000000003,0.0027981,0.0033806999999999995,0.0036421999999999995,0.0035326,0.0034905,0.0035128,0.0038018,0.0037770000000000004,0.0040012,0.0041133,0.0040785,0.0042729,0.0042729,0.0042729,0.0042629,0.0044023000000000005,0.0044643999999999994
SHN,0.0015544,0.0013944,0.0013944,0.0013944,0.0011044,0.0011594,0.0011619000000000002,0.0010694,0.0010944000000000001,0.0010819,0.0010619000000000002,0.0010619000000000002,0.0010719000000000002,0.0010744,0.0010769,0.0010819,0.0010794,0.0010719000000000002,0.0010944000000000001,0.0010869000000000002,0.0010844000000000001,0.0010869000000000002,0.0010844000000000001,0.0010844000000000001,0.0010844000000000001,0.0010644,0.0010544,0.0010594
SLB,0.045225,0.045160000000000006,0.045567,0.045979,0.045134,0.045204,0.045204,0.045207,0.045051999999999995,0.044467,0.044476999999999996,0.045277,0.045311000000000004,0.045679000000000004,0.046619,0.046807999999999995,0.047671,0.048596,0.048848,0.049035,0.048441000000000005,0.048251,0.048952999999999997,0.049433,0.049705,0.049848,0.049768,0.0499
SLE,0.4882,0.4889,0.5150899999999999,0.5330199999999999,0.5695899999999999,0.56221,0.51197,0.4679,0.47868,0.43383999999999995,0.43245,0.37469,0.38269000000000003,0.4096,0.45231000000000005,0.51148,0.61926,0.6170100000000001,0.69801,0.81706,0.8794799999999999,0.9473299999999999,1.0078,1.0636,1.0708,1.0906,1.0819,1.0825
SLV,1.9518,1.9904,2.0121,1.9283,2.0083,1.79,2.0435,1.869,1.7011,1.8362,1.7137,1.9601,2.0962,2.0102,2.0223,2.0248,2.1238,2.2106,2.2537,2.1501,1.9993,1.6947,1.8338,1.4727,1.6891,1.6455,1.5215,1.5794
SMR,0.010812,0.010323,0.010251999999999999,0.009965,0.010025,0.0099448,0.010409999999999999,0.010326,0.010542000000000001,0.010656,0.010836,0.0095207,0.010264,0.010168,0.010178,0.0099789,0.0099223,0.010053,0.01043,0.010457,0.010612,0.010381999999999999,0.01066,0.010362999999999999,0.010369,0.010376,0.010381999999999999,0.010388
SOM,15.8893,13.9764,12.6522,13.9148,15.085999999999999,15.5185,15.8608,16.1681,16.1793,16.349,16.5036,16.826,17.0141,17.0835,17.2703,17.5097,16.6381,15.8836,15.8598,15.837,15.8992,15.9924,16.1384,16.145,16.2417,16.3247,16.0524,16.0128
SRB,7.7591,7.5061,6.284,6.2412,6.0339,6.3661,6.3553,6.2726,6.1716,5.7441,4.9914,4.7179,4.6079,4.5419,4.4989,4.0288,4.1769,4.1884,4.0497,3.8574,3.7403,3.6298,3.5775,3.5001,3.5842,3.5389,3.4018,3.4014
SSD,7.4839,7.8408,8.908999999999999,9.8432,10.6279,10.9698,11.3644,11.8369,12.3182,12.8689,13.4128,13.9354,14.0973,14.737,14.9492,15.3194,15.4697,15.5899,15.7312,15.8438,15.9413,15.4534,16.1546,16.2128,16.3565,16.4318,16.4918,16.5317
STP,0.0046422,0.0047595,0.0049043,0.0046806999999999994,0.0047855,0.0048655,0.0049678000000000005,0.0050353,0.0051028,0.005200100000000001,0.0053698999999999995,0.005768100000000001,0.006331300000000001,0.0068024,0.0064108,0.0063592,0.006025899999999999,0.0063537,0.0066774,0.007211700000000001,0.0070558999999999995,0.007248699999999999,0.0077217,0.0083791,0.008799799999999998,0.0090905,0.0097146,0.010131999999999999
SUR,0.1527,0.15181,0.15705999999999998,0.15653,0.15667999999999999,0.15965,0.15377000000000002,0.15279,0.17049,0.18402000000000002,0.16863,0.14063,0.071453,0.06821100000000001,0.07462,0.068053,0.07496900000000001,0.077556,0.082463,0.09109500000000001,0.09825700000000001,0.093888,0.096614,0.07952000000000001,0.066113,0.068562,0.065617,0.062523
SVK,3.2571,2.9426,2.5951,2.2494,2.1018,2.1313,2.0663,1.9093,1.7104,1.6571,1.6335,1.6145,1.6105,1.5519999999999998,1.4039,1.4028,1.3657,1.3359999999999999,1.2789,1.2288,1.2121,1.1887,1.2252,1.2192,1.2279,1.2004,1.1787,1.1740000000000002
SVN,1.3009,1.2279,1.2573,1.1994,1.2058,1.2197,1.1845,1.1366,1.1608,1.1716,1.2473,1.2277,1.274,1.206,1.1833,1.2011,1.1957,1.2453,1.2076,1.1942,1.1727,1.1667,1.1559,1.1457,1.1693,1.2058,1.2268,1.2036
SWE,3.7894,3.696,3.843,3.9512,4.0191,3.9392,3.9789,3.9662,3.9098,3.8569999999999998,3.7952,3.7729,3.7261,3.6816,3.7302,3.7058,3.6781,3.6134,3.6224,3.5646,3.5684,3.5398,3.5018,3.5295,3.5282,3.5129,3.505,3.5355
SWZ,0.6845899999999999,0.71003,0.73163,0.60617,0.62284,0.63639,0.645,0.63834,0.61223,0.59419,0.59221,0.51991,0.5323399999999999,0.58778,0.59287,0.59805,0.56843,0.57498,0.57548,0.57677,0.60252,0.6067100000000001,0.61105,0.6029899999999999,0.6012,0.59405,0.5877100000000001,0.59359
SYC,0.0065748000000000004,0.0067694,0.0065673,0.0065694,0.0065315,0.0063615,0.0060021,0.0060539999999999995,0.005906300000000001,0.0057265,0.004599,0.0031996,0.0034391999999999995,0.0035107,0.0032234,0.0030954999999999997,0.0028755,0.0030603,0.0025842,0.0021728999999999997,0.0020583000000000003,0.00207,0.0019977,0.002095,0.0021075,0.0020625,0.0020054,0.0020279
SYR,2.8567,2.9258,2.8519,2.2229,2.384,2.5619,2.7305,2.8683,3.1679,3.0263,2.9659,2.6525,2.8263,3.1305,3.5413,3.8887,4.1832,4.4404,3.9152,3.7738,3.4136,3.8979,3.8966,3.8835,3.8436,3.8204,3.92,3.8681
TCD,5.0847,5.2064,5.3093,5.4502,5.5183,5.7254,5.8532,6.5295,6.7352,6.9216,7.1275,7.3588,7.5636,7.7712,7.973,8.1768,8.3817,8.9226,9.1358,9.3551,9.8776,10.213,10.4984,10.5195,10.5898,37.3293,39.5335,41.8674
TGO,1.0096,0.8948,0.76579,0.72477,0.69471,0.5807,0.6030399999999999,0.61698,0.62807,0.58228,0.60037,0.6260399999999999,0.60425,0.60847,0.65489,0.74222,0.76479,0.76781,0.76699,0.79489,0.8252299999999999,0.85825,1.0547,1.0983,1.1448,1.1942,1.176,1.1556
THA,17.1323,18.2179,18.7,19.1796,19.3588,17.2846,15.6946,14.3525,12.6091,11.3962,10.9331,10.745,11.1843,11.7072,12.1811,12.7015,13.2989,14.008,14.1322,13.9687,13.5969,12.7462,12.0894,11.3176,10.5495,10.3087,10.3964,10.2426
TJK,2.588,2.6584,2.4012,2.3954,2.2944,2.1848,2.1252,2.0193,1.9856,2.0025,2.0562,2.0587,2.2132,2.3435,2.4782,2.6368,2.7157,2.8453,3.3332,3.4932,3.5466,3.6769,3.8879,4.0379,4.1041,4.2729,4.4051,4.4852
TKL,0.0004098,0.0004098,0.0004098,0.0004098,0.0004098,0.0004098,0.0004098,0.0004098,0.0004098,0.0004098,0.0004098,0.0004098,0.0004098,0.0004098,0.0004098,0.0004098,0.0004098,0.0004098,0.0004098,0.0004098,0.0004098,0.0004098,0.0004098,0.0004098,0.0004098,0.0004098,0.0004098,0.0004098
TKM,3.5851,3.5128,2.2515,2.6918,2.8736,2.9219999999999997,2.8556,2.2964,2.4684,2.6909,2.8824,3.8407,4.8953,6.0545,6.8086,7.2286,7.7514,7.6236,8.6303,8.3998,8.5801,8.5383,8.645,8.7395,8.7989,8.8898,9.0794,9.1023
TLS,0.25038,0.27696,0.30072,0.32583,0.39442,0.40437,0.42218999999999995,0.43736,0.46731000000000006,0.3765,0.42152,0.50569,0.50125,0.47739,0.45421000000000006,0.47176999999999997,0.48093,0.49261000000000005,0.50383,0.51441,0.50579,0.52346,0.54262,0.5613199999999999,0.5668,0.65698,0.68247,0.61903
TON,0.059013,0.059065999999999994,0.061308,0.06085599999999999,0.059204,0.055233000000000004,0.05561699999999999,0.05549,0.05549,0.05677000000000001,0.058452,0.05837899999999999,0.05837899999999999,0.05837899999999999,0.05837899999999999,0.05837899999999999,0.05837899999999999,0.058639,0.05864199999999999,0.058639,0.058712,0.058639,0.059411,0.059734,0.060111000000000005,0.060499000000000004,0.060171,0.060228
TTO,0.10446,0.10239,0.08924800000000001,0.093599,0.092114,0.094266,0.09771,0.095835,0.091403,0.09411900000000001,0.091151,0.097037,0.10625,0.09952899999999999,0.10112,0.10136,0.10087,0.1003,0.10063,0.10273,0.10216,0.10372,0.10482000000000001,0.10912000000000001,0.10522000000000001,0.1071,0.10647999999999999,0.10854000000000001
TUN,1.9623,2.0761,2.0467,2.1763,2.0664,2.0517,2.2084,2.13,2.1939,2.2529,2.3491,2.3539,2.3496,2.2446,2.2631,2.3348,2.3966,2.4349,2.3361,2.3717,2.3402,2.2973,2.2137,2.2147,2.2351,2.2039,2.1534,2.1533
TUR,26.8552,27.8205,27.4851,27.141,27.0374,26.3026,26.3017,24.444000000000003,24.163,24.3239,23.2946,22.7898,20.5238,22.4431,22.5283,23.3706,24.2016,24.5571,23.9354,23.4247,25.2275,27.284000000000002,30.865,32.2567,32.7486,32.4122,32.5272,36.1359
TUV,0.004568,0.0052128,0.0052503,0.0050978,0.0051753,0.0051753,0.0051778,0.0052528,0.0052528,0.0053303000000000005,0.0053303000000000005,0.0053303000000000005,0.0054453,0.0054453,0.0054453,0.0054453,0.0054453,0.0055151,0.005560100000000001,0.0056299,0.0056076,0.0056624,0.0056874,0.0057098999999999995,0.005734899999999999,0.0057599,0.0057824,0.0058074
TWN,1.7961,1.9223,2.2031,2.1713,2.2118,2.1958,2.2845,2.3204,1.8593,1.6202,1.7336,1.7636,1.6865,1.6183,1.6064,1.5989,1.6507,1.6303,1.5469,1.4995,1.4480000000000002,1.4667,1.4842,1.4341,1.4005,1.3556,1.3493,1.3344
TZA,13.3259,13.4593,13.6108,13.7344,13.8514,15.7716,14.0996,14.2614,14.575999999999999,17.2231,16.8631,17.2601,17.7429,18.2617,18.2439,18.5514,19.4849,19.5776,20.0031,20.3135,20.4687,22.6926,24.0294,25.5793,26.8441,27.3552,27.381,27.2642
UGA,5.3476,5.5802,5.6816,5.8574,5.6507,5.7962,5.8861,6.0489,6.265,6.4531,6.617000000000001,6.8318,7.2074,7.6706,7.905,8.1558,8.3788,8.6361,12.6303,13.0088,13.4,13.7646,14.1292,14.3596,14.7962,15.3474,16.14,16.7093
UKR,44.4937,42.9725,40.4723,38.7516,36.6569,33.6765,30.0148,25.728,23.1621,21.5901,19.6468,18.9864,18.9911,17.5184,15.8262,14.9709,14.3839,13.4476,12.5107,12.135,11.7626,11.4351,11.5752,11.6703,11.216,10.5859,10.3147,10.0978
URY,15.6819,16.172,16.7888,17.2366,17.2887,17.1976,17.5422,17.3624,16.9391,16.7283,16.3637,16.701,17.4594,17.7038,17.7345,17.7106,18.2537,18.1453,18.5652,18.1847,17.1483,17.7149,17.8233,17.7016,17.7373,17.7659,17.8582,17.5132
USA,215.2951,217.4783,220.9203,224.8647,231.4284,237.06599999999997,234.9649,233.6518,235.805,236.8502,235.9234,236.7088,238.3805,239.2614,233.8524,239.0641,242.8909,250.4375,248.4502,246.3505,246.6119,245.2206,244.8116,240.95,239.3853,244.9964,251.5622,255.812
UZB,7.7135,8.2882,8.7219,8.8848,8.8101,8.5638,8.3641,8.339,8.4498,8.5378,8.6398,8.7461,9.0303,9.4756,10.0644,10.5922,11.2262,11.9701,12.8185,13.6775,14.5233,15.3484,15.7455,16.4066,17.1287,17.703,18.9384,20.2699
VAT,0.00034419,0.00032666,0.00032174,0.00030754,0.00030487,0.00029917,0.00030852,0.00030401,0.00030675,0.00030657,0.00030976,0.00026975,0.00028853,0.0002841,0.00028031,0.00027156,0.00026727,0.00026619,0.00027211,0.00026977,0.00026981,0.00026102,0.00026694,0.00025508,0.00025205,0.00024901,0.00024598,0.00024294
VCT,0.013712,0.012905000000000002,0.013102,0.013284,0.013372,0.013462,0.013466999999999998,0.013479,0.013489,0.013493999999999999,0.013222,0.012941999999999999,0.012484,0.01165,0.01162,0.011695,0.011747,0.012039,0.012067,0.012364,0.012077,0.011898,0.011151000000000001,0.009953299999999998,0.0094304,0.0090156,0.0098285,0.009700799999999999
VEN,20.5734,21.0495,21.2011,20.8418,21.558000000000003,21.623,21.7242,22.0456,22.4901,22.8949,23.3671,23.828000000000003,24.2913,24.4932,24.8626,25.4922,25.5471,26.0093,26.4155,26.4266,22.285999999999998,22.6548,26.541999999999998,26.412,26.2403,26.3026,25.7545,25.5851
VGB,0.006114199999999999,0.0061367,0.0061467,0.0061342,0.0061467,0.0061442,0.0061542,0.006139199999999999,0.0061417,0.0061542,0.0061567,0.0061516999999999995,0.0061567,0.0061567,0.0061592,0.0061567,0.0061542,0.0061542,0.0061492,0.0061467,0.0061567,0.0061667,0.0061617,0.0061592,0.0061592,0.0061492,0.0061442,0.0061492
VNM,11.8212,11.8581,12.3188,12.8357,13.2064,13.6058,13.972000000000001,14.255,14.5067,14.8132,15.1292,14.7116,14.9503,15.5783,16.3099,17.2492,18.155,18.2915,17.3779,16.992,16.3511,15.502,14.8436,14.5429,14.7236,15.1416,15.5259,15.5177
VUT,0.24395999999999998,0.25273,0.26773,0.2859,0.28934,0.28916,0.28954,0.28955,0.28996,0.29083000000000003,0.27444,0.25851999999999997,0.25841,0.27033,0.27488,0.28145,0.28662,0.3392,0.34396,0.31917,0.32816999999999996,0.33705,0.34074,0.34291,0.34779,0.35098,0.34861,0.35133000000000003
WSM,0.11821,0.11782999999999999,0.11413,0.11696,0.1189,0.11525,0.11523,0.11517999999999999,0.1169,0.1172,0.11854,0.13076,0.13080999999999998,0.13243,0.13409000000000001,0.13413,0.13405999999999998,0.127,0.12439000000000001,0.12897999999999998,0.13789,0.14305,0.14461,0.14823,0.15229,0.1646,0.15472,0.15353
YEM,2.2718,2.1646,2.2084,2.2528,2.2309,2.2709,2.3488,2.4482,2.5643,2.6222,2.7048,2.9263,3.0479,3.4708,3.5974,3.7213,3.8803,4.1079,4.3128,4.4877,4.6108,4.9427,5.2122,5.297999999999999,5.3870000000000005,5.3264,5.1695,5.1877
ZAF,33.9775,34.4091,33.9367,32.687,31.7827,32.0203,32.7813,33.4936,34.02,33.9078,33.7914,33.6181,33.3645,32.7349,32.5656,32.5158,32.4648,31.7763,31.7763,32.4767,31.8705,32.7753,32.8816,31.8613,31.7931,31.3462,30.7153,29.7724
ZMB,2.5514,2.6449,2.6621,2.5136,2.3442,2.1928,2.0331,2.4165,2.4857,2.6451,2.456,2.5478,2.4157,2.327,2.3203,2.5219,2.722,2.4824,2.4004,2.9997,3.0676,2.6495,3.8919,3.9238,3.9856,3.8628,3.8024,4.0102
ZWE,6.7515,5.7119,6.3622,4.5833,4.7268,4.7126,5.428,5.2114,5.3987,5.5504,5.5674,5.6829,5.1108,4.8693,4.6961,4.6652,4.4898,4.5367,4.5013,4.8734,5.2969,5.4861,5.5373,5.5894,4.5195,4.5786,5.1213,5.1228
