cat,IPCM0EL,,,,,,,,,,,,,,,,,,,,,,,,,,,,,,,,,,,,,,,,,,,,,,,,,,,,,,,,,,,,
clss,COV,,,,,,,,,,,,,,,,,,,,,,,,,,,,,,,,,,,,,,,,,,,,,,,,,,,,,,,,,,,,
ent,KYOTOGHG,,,,,,,,,,,,,,,,,,,,,,,,,,,,,,,,,,,,,,,,,,,,,,,,,,,,,,,,,,,,
family,share,,,,,,,,,,,,,,,,,,,,,,,,,,,,,,,,,,,,,,,,,,,,,,,,,,,,,,,,,,,,
gwp,AR4,,,,,,,,,,,,,,,,,,,,,,,,,,,,,,,,,,,,,,,,,,,,,,,,,,,,,,,,,,,,
note,"Share of emissions covered by an (I)NDC, based on per-country, per-main-sector and per-kyoto-GHG information from countries' (I)NDCs and their corresponding HISTCR_PRIMAPHIST21 emissions (1990 to 2017). Future values were calculated using methods stated in info_per_country.",,,,,,,,,,,,,,,,,,,,,,,,,,,,,,,,,,,,,,,,,,,,,,,,,,,,,,,,,,,,
scen,SSP4BLGCAM4FILLED,,,,,,,,,,,,,,,,,,,,,,,,,,,,,,,,,,,,,,,,,,,,,,,,,,,,,,,,,,,,
srce,CORR,,,,,,,,,,,,,,,,,,,,,,,,,,,,,,,,,,,,,,,,,,,,,,,,,,,,,,,,,,,,
tablename,KYOTOGHG_IPCM0EL_COV_PC_SSP4BLGCAM4FILLED_CORR,,,,,,,,,,,,,,,,,,,,,,,,,,,,,,,,,,,,,,,,,,,,,,,,,,,,,,,,,,,,
tpe,PC,,,,,,,,,,,,,,,,,,,,,,,,,,,,,,,,,,,,,,,,,,,,,,,,,,,,,,,,,,,,
unit,MtCO2eq/MtCO2eq,,,,,,,,,,,,,,,,,,,,,,,,,,,,,,,,,,,,,,,,,,,,,,,,,,,,,,,,,,,,
ISO3,1990,1991,1992,1993,1994,1995,1996,1997,1998,1999,2000,2001,2002,2003,2004,2005,2006,2007,2008,2009,2010,2011,2012,2013,2014,2015,2016,2017,2018,2019,2020,2021,2022,2023,2024,2025,2026,2027,2028,2029,2030,2031,2032,2033,2034,2035,2036,2037,2038,2039,2040,2041,2042,2043,2044,2045,2046,2047,2048,2049,2050
ABW,0,0,0,0,0,0,0,0,0,0,0,0,0,0,0,0,0,0,0,0,0,0,0,0,0,0,0,0,0,0,0,0,0,0,0,0,0,0,0,0,0,0,0,0,0,0,0,0,0,0,0,0,0,0,0,0,0,0,0,0,0
AFG,1,1,1,1,1,1,1,1,1,1,1,1,1,1,1,1,1,1,1,1,1,1,1,1,1,1,1,1,1,1,1,1,1,1,1,1,1,0.999997609,0.999997661,1,0.999997761,1,1,1,1,1,1,1,1,1,1,1,1,1,1,1,1,1,1,1,0.999998674
AGO,0.999999998,0.999999994,0.999999985,0.999999968,0.999999918,0.999999831,0.999999225,0.999998251,0.99999692,0.999994966,0.999989443,0.999971969,0.999940586,0.999907773,0.999861993,0.999745124,0.999735685,0.999706895,0.999658334,0.999635074,0.999629453,0.999632796,0.999608583,0.999563051,0.999533117,0.999519277,0.999492809,0.999461858,0.999280664,0.999047465,0.998782294,0.998468931,0.998089068,0.997641584,0.997131918,0.996562512,0.995944725,0.995289031,0.994609741,0.99392549,0.993257173,0.992600618,0.991935907,0.991258479,0.990570482,0.989869166,0.989150821,0.988411952,0.987650764,0.986857341,0.986025795,0.985161956,0.984270057,0.983352404,0.98240984,0.981442478,0.980449643,0.979432877,0.978390012,0.977323701,0.976233736
AIA,0,0,0,0,0,0,0,0,0,0,0,0,0,0,0,0,0,0,0,0,0,0,0,0,0,0,0,0,0,0,0,0,0,0,0,0,0,0,0,0,0,0,0,0,0,0,0,0,0,0,0,0,0,0,0,0,0,0,0,0,0
ALB,0.565528611,0.684828238,0.57452065,0.550609776,0.543251961,0.53863964,0.519572706,0.531381688,0.571678973,0.582823601,0.455594733,0.493386994,0.497510484,0.511438372,0.522841139,0.523120774,0.51596775,0.542928685,0.559770309,0.57465545,0.58664165,0.615011582,0.595849883,0.598708109,0.623331409,0.597104118,0.602160671,0.607507408,0.617736275,0.619312286,0.620837757,0.622433933,0.624196146,0.626061765,0.627977924,0.629891992,0.631777111,0.633604907,0.635326561,0.636900373,0.638288414,0.639555612,0.64080069,0.642027102,0.643238999,0.644437452,0.645605309,0.646708025,0.647726677,0.64864093,0.649432278,0.650080205,0.650589343,0.650987295,0.65129939,0.65155325,0.651786391,0.652043776,0.65235821,0.652764852,0.653295085
AND,0.97993783,0.979810423,0.980583117,0.981168504,0.981507112,0.982851976,0.983452569,0.983743529,0.98392872,0.984029816,0.984086338,0.982808389,0.98170612,0.980308383,0.979386488,0.978186399,0.975690696,0.973697441,0.971919246,0.969576922,0.968080615,0.966036163,0.96430888,0.962998517,0.960271929,0.961377658,0.959482463,0.958155268,0.96133757,0.96133757,0.96133757,0.96133757,0.96133757,0.96133757,0.96133757,0.96133757,0.96133757,0.96133757,0.96133757,0.96133757,0.96133757,0.96133757,0.96133757,0.96133757,0.96133757,0.96133757,0.96133757,0.96133757,0.96133757,0.96133757,0.96133757,0.96133757,0.96133757,0.96133757,0.96133757,0.96133757,0.96133757,0.96133757,0.96133757,0.96133757,0.96133757
ANT,0,0,0,0,0,0,0,0,0,0,0,0,0,0,0,0,0,0,0,0,0,0,0,0,0,0,0,0,0,0,0,0,0,0,0,0,0,0,0,0,0,0,0,0,0,0,0,0,0,0,0,0,0,0,0,0,0,0,0,0,0
ARE,0.944328615,0.943158393,0.941779354,0.946672061,0.948308152,0.946711385,0.936855701,0.936325736,0.948488596,0.944399512,0.956939783,0.957293376,0.952820343,0.962060977,0.966284867,0.968016854,0.970228479,0.972650196,0.975476465,0.976081732,0.977694607,0.979654581,0.981560228,0.982011173,0.985337667,0.985885884,0.985993943,0.985489276,0.985848813,0.986118933,0.98649917,0.986990577,0.987535481,0.988111872,0.98870065,0.989285798,0.989854716,0.990395419,0.99089727,0.991352,0.991753086,0.992114655,0.992453771,0.992769592,0.993061655,0.993329759,0.993579207,0.993813767,0.994031473,0.994230752,0.994410329,0.994572161,0.994718931,0.994850564,0.994966955,0.995067917,0.995155811,0.995234147,0.995304315,0.995367611,0.995425238
ARG,1,1,1,1,1,1,1,1,1,1,1,1,1,1,1,1,1,1,1,1,1,1,1,1,1,1,1,1,1,1,1,1,1,1,1,1,0.999999749,1,1,1,1,1,1,1,1,0.999999782,0.999999785,0.999999787,1,0.99999979,1,1,1,0.999999795,1,0.999999796,1,1,1,0.999999799,1
ARM,0.946651846,0.942314132,0.954317742,0.915308887,0.915819448,0.918560381,0.887622914,0.88651405,0.872528571,0.82973094,0.776859124,0.777049053,0.753302865,0.7707005,0.77179557,0.79860416,0.778344168,0.800505437,0.818890351,0.805096833,0.813882709,0.825902998,0.829016001,0.813058856,0.813108977,0.818283794,0.797708366,0.816079986,0.813911808,0.813161236,0.812508144,0.811916253,0.811338789,0.810769972,0.810208001,0.809651566,0.809113205,0.808612882,0.808161188,0.807768519,0.807444488,0.807163828,0.806890557,0.806619257,0.806344683,0.806063851,0.805781731,0.80550313,0.805223133,0.804937595,0.804642917,0.804349186,0.804064771,0.803785954,0.803508798,0.803230696,0.802955834,0.802691435,0.802439238,0.802200535,0.801976674
ATA,0,0,0,0,0,0,0,0,0,0,0,0,0,0,0,0,0,0,0,0,0,0,0,0,0,0,0,0,0,0,0,0,0,0,0,0,0,0,0,0,0,0,0,0,0,0,0,0,0,0,0,0,0,0,0,0,0,0,0,0,0
ATG,1,1,1,1,1,1,1,1,1,1,1,1,1,1,1,1,1,1,1,1,1,1,1,1,1,1,1,1,1,1,1,1,1,1,1,1,1,1,1,1,1,1,1,1,1,1,1,1,1,1,1,1,1,1,1,1,1,1,1,1,1
AUS,1,1,1,1,1,1,1,1,1,1,1,1,1,1,1,1,1,1,1,1,1,1,1,1,1,1,1,1,1,1,1,1,1,1,1,1,1,1,1,1,1,1,1,1,1,1,1,1,1,1,1,1,1,1,1,1,1,1,1,1,1
AUT,1,1,1,1,1,1,1,1,1,1,1,1,1,1,1,1,1,1,1,1,1,1,1,1,1,1,1,1,1,1,1,1,1,1,1,1,1,1,1,1,1,1,1,1,1,1,1,1,1,1,1,1,1,1,1,1,1,1,1,1,1
AZE,1,1,1,1,1,1,1,1,1,1,1,1,1,1,1,1,1,1,1,1,1,1,1,1,1,1,1,1,1,1,1,1,1,1,1,1,1,1,1,1,1,1,1,1,1,1,1,1,1,1,1,1,1,1,1,1,1,1,1,1,1
BDI,0.737030956,0.736531072,0.733751214,0.730828582,0.722900547,0.721811029,0.720706503,0.724906612,0.71779278,0.699353261,0.699928876,0.719095866,0.715745345,0.710569009,0.724009544,0.722066242,0.726196124,0.723985282,0.725556304,0.728008126,0.733812504,0.735479644,0.731108482,0.750515413,0.754906741,0.751445644,0.737358793,0.732793972,0.750186662,0.751869048,0.753502034,0.755100254,0.75667489,0.758224087,0.759742828,0.76122446,0.76266494,0.764041415,0.765326987,0.766503478,0.767556846,0.76848469,0.769320889,0.770105001,0.770869317,0.771639528,0.772416613,0.773184683,0.773942122,0.7746879,0.775421844,0.77614416,0.776853388,0.777547652,0.778225368,0.778884616,0.779524365,0.780144615,0.780745964,0.781329772,0.781896281
BEL,1,1,1,1,1,1,1,1,1,1,1,1,1,1,1,1,1,1,1,1,1,1,1,1,1,1,1,1,1,1,1,1,1,1,1,1,1,1,1,1,1,1,1,1,1,1,1,1,1,1,1,1,1,1,1,1,1,1,1,1,1
BEN,0.832810612,0.834125152,0.830122059,0.823168149,0.831333305,0.816292582,0.828145953,0.835980048,0.837379921,0.839269684,0.840773571,0.835795413,0.850389316,0.842468953,0.834988696,0.846651435,0.809856559,0.818338511,0.813354943,0.817632787,0.822863149,0.820043295,0.819924946,0.822604418,0.826049619,0.81550796,0.824746579,0.828606976,0.824630246,0.824947108,0.825322339,0.825765744,0.826257983,0.826772209,0.827286483,0.827783007,0.828255725,0.828701968,0.829112877,0.829481708,0.829803012,0.830077446,0.830319442,0.8305434,0.830761213,0.830982924,0.831206158,0.831424839,0.83164199,0.831859978,0.83208091,0.832303004,0.832523317,0.832742043,0.83295917,0.8331748,0.833389241,0.833601943,0.833811885,0.834018317,0.834220429
BES,0,0,0,0,0,0,0,0,0,0,0,0,0,0,0,0,0,0,0,0,0,0,0,0,0,0,0,0,0,0,0,0,0,0,0,0,0,0,0,0,0,0,0,0,0,0,0,0,0,0,0,0,0,0,0,0,0,0,0,0,0
BFA,1,1,1,1,1,1,1,1,1,1,1,1,1,1,1,1,1,1,1,1,1,1,1,1,1,1,1,1,1,1,1,1,1,1,1,1,1,1,1,1,1,1,1,1,1,1,1,1,1,1,1,1,1,1,1,1,1,1,1,1,1
BGD,0.276496487,0.278500786,0.301549924,0.298990303,0.313266374,0.352106813,0.363463572,0.370329948,0.362584559,0.362952147,0.375350317,0.401274269,0.40293624,0.411845902,0.420093442,0.424418341,0.441995959,0.443779246,0.450904187,0.461850517,0.478777683,0.488795174,0.503436863,0.503044891,0.515260166,0.551209695,0.554377808,0.558652376,0.559930951,0.566347103,0.572507337,0.578590607,0.58467404,0.590583762,0.596182831,0.601363652,0.606170681,0.610617188,0.614585576,0.61797834,0.620709501,0.622944271,0.624950011,0.626790189,0.628518988,0.630182989,0.631758863,0.633173991,0.634397547,0.635399606,0.636150171,0.636732277,0.637261627,0.637755031,0.638226282,0.638686786,0.639101303,0.639440339,0.639720743,0.639957461,0.640164139
BGR,1,1,1,1,1,1,1,1,1,1,1,1,1,1,1,1,1,1,1,1,1,1,1,1,1,1,1,1,1,1,1,1,1,1,1,1,1,1,1,1,1,1,1,1,1,1,1,1,1,1,1,1,1,1,1,1,1,1,1,1,1
BHR,0.75054918,0.861652799,0.840881783,0.855590179,0.866382517,0.865389113,0.87445677,0.875899687,0.886111845,0.880600604,0.889908477,0.856825693,0.87104771,0.880346657,0.882190968,0.873085607,0.860856334,0.895133474,0.902230244,0.893188637,0.892596417,0.887274886,0.882406854,0.892086,0.88925292,0.865441595,0.861061074,0.85906001,0.879369589,0.882323865,0.885851096,0.890064876,0.89469412,0.89945546,0.9,0.9,0.9,0.9,0.9,0.9,0.9,0.9,0.9,0.9,0.9,0.9,0.9,0.9,0.9,0.9,0.9,0.9,0.9,0.9,0.9,0.9,0.9,0.9,0.9,0.9,0.9
BHS,1,1,1,1,1,1,1,1,1,1,1,1,1,1,1,1,1,1,1,1,1,1,1,1,1,1,1,1,1,1,1,1,0.999986278,1,0.999978793,0.999997394,1,1,1,0.999997545,1,1,1,0.999992974,1,1,1,0.999990989,1,0.999984474,0.999991189,0.999995624,0.999997826,0.999997839,0.999991405,1,0.999989356,1,0.999997887,0.999985256,0.999987397
BIH,0.979524335,0.980828184,0.975648077,0.983233046,0.989014902,0.989047972,0.99083521,0.989835793,0.988086207,0.977363612,0.977129867,0.981665178,0.985203242,0.980955202,0.976692021,0.971764419,0.97037296,0.967403922,0.9664265,0.965641804,0.962156669,0.96464005,0.960274958,0.957307241,0.957857337,0.953569513,0.952678121,0.951150094,0.949145711,0.94664703,0.944137958,0.941539117,0.938819369,0.936037291,0.93326362,0.930565067,0.928012047,0.925663431,0.923587906,0.92185974,0.920532065,0.919470795,0.918464829,0.917510282,0.916588575,0.915693769,0.9148103,0.91392387,0.913025144,0.912100123,0.911139864,0.910134087,0.909094063,0.908023971,0.906944262,0.905870202,0.904812819,0.90378528,0.902812901,0.901906646,0.901081909
BLR,1,1,1,1,1,1,1,1,1,1,1,1,1,1,1,1,1,1,1,1,1,1,1,1,1,1,1,1,1,1,1,1,1,1,1,1,1,1,1,1,1,1,1,1,1,0.999999225,1,1,1,1,0.999999227,1,1,1,1,1,1,1,0.999999184,1,1
BLZ,0.632698465,0.670527986,0.641697866,0.674189405,0.673256394,0.712529986,0.67538682,0.7084853,0.681901436,0.651732512,0.685244769,0.694958634,0.633914002,0.587747613,0.676531105,0.669843956,0.679962986,0.670654289,0.649347366,0.675521235,0.662242454,0.657509767,0.620589957,0.582472549,0.5890894,0.632143186,0.631462112,0.632616443,0.627028346,0.62726163,0.627513349,0.627797206,0.628115951,0.628453693,0.628804711,0.629157164,0.629511879,0.629863344,0.630197854,0.630503581,0.630772984,0.631008801,0.63123061,0.631441813,0.631644239,0.631844508,0.632038982,0.632223168,0.632396432,0.632560464,0.63271459,0.63286256,0.63300893,0.633152657,0.633293813,0.633431449,0.633565683,0.633695646,0.633821494,0.633942425,0.634060499
BOL,0.963501213,0.95819344,0.955025754,0.952452784,0.947583647,0.77339446,0.556431704,0.44681925,0.403429328,0.406296844,0.438521419,0.496483764,0.60966822,0.568150017,0.467556352,0.448003322,0.458190444,0.424175532,0.418926689,0.412421322,0.422913217,0.414535656,0.425606024,0.413743552,0.408765055,0.393669582,0.393102582,0.388074434,0.384034961,0.37680203,0.370656543,0.364915345,0.359195497,0.353751074,0.348738235,0.344242387,0.340285952,0.336868412,0.333992165,0.331652643,0.329845642,0.32840594,0.327137319,0.325999221,0.324958263,0.323986903,0.323066274,0.322185083,0.32133219,0.320498407,0.319676131,0.318858838,0.318047959,0.317248571,0.316464856,0.3157003,0.314950823,0.314214191,0.31349541,0.312798722,0.312127679
BRA,1,1,1,1,1,1,1,1,1,1,1,1,1,1,1,1,1,1,1,1,1,1,1,1,1,1,1,1,0.999999919,0.999999921,1,1,1,1,1,1,1,1,1,1,1,1,1,0.999999936,0.999999937,1,1,1,1,0.999999939,1,0.99999994,1,1,1,1,1,1,0.999999941,1,1
BRB,1,1,1,1,1,1,1,1,1,1,1,1,1,1,1,1,1,1,1,1,1,1,1,1,1,1,1,1,1,1,0.999974352,1,0.999945173,0.999973306,0.999944673,0.999962101,0.999983624,1,1,0.999979911,0.999961546,1,1,0.999994002,1,0.999991174,1,0.999976824,1,1,0.999961262,1,1,1,1,1,1,1,1,0.999983253,0.999964812
BRN,0.982380956,0.981841946,0.981182787,0.980386381,0.979322639,0.979072266,0.964340981,0.962428638,0.963060775,0.955620441,0.952661372,0.949756392,0.943539752,0.942501463,0.93870614,0.933816394,0.93325356,0.947393084,0.948950102,0.939479654,0.934844277,0.940275172,0.935169852,0.925497852,0.92976456,0.929415649,0.932063846,0.931253746,0.932595786,0.932561531,0.932532655,0.932508679,0.932488916,0.93247379,0.93246349,0.932458041,0.9324549,0.932451395,0.932447147,0.932441702,0.932434514,0.932427704,0.932422984,0.932419277,0.932415561,0.932410941,0.93240474,0.932396796,0.932387045,0.932375324,0.932361496,0.932346106,0.932330386,0.932315095,0.932300987,0.932288766,0.932277519,0.932266091,0.93225475,0.932243795,0.932233452
BTN,1,1,1,1,1,1,1,1,1,1,1,1,1,1,1,1,1,1,1,1,1,1,1,1,1,1,1,1,1,1,1,1,1,1,0.999988806,0.999997318,0.999992283,1,0.999990485,1,1,1,1,0.999991987,1,1,1,0.999998226,1,0.999991595,1,0.999987183,1,0.999989286,0.999998503,0.999991209,1,0.999998594,0.999986209,1,1
BVT,0,0,0,0,0,0,0,0,0,0,0,0,0,0,0,0,0,0,0,0,0,0,0,0,0,0,0,0,0,0,0,0,0,0,0,0,0,0,0,0,0,0,0,0,0,0,0,0,0,0,0,0,0,0,0,0,0,0,0,0,0
BWA,0.221817417,0.227145738,0.243538754,0.271973358,0.255221913,0.241622578,0.215808466,0.226076858,0.273963745,0.267626882,0.306311416,0.245972696,0.24450719,0.445157262,0.431300401,0.380555315,0.323858111,0.381590939,0.21882991,0.377382976,0.189404755,0.150782641,0.313964182,0.385910552,0.517335288,0.565523002,0.583177388,0.43231231,0.429180195,0.423977595,0.418028749,0.411260488,0.404043727,0.396556769,0.388983922,0.381484893,0.37445203,0.368147918,0.362558673,0.357685162,0.353542224,0.350068857,0.347073842,0.344383288,0.341852625,0.33934625,0.33688874,0.334552983,0.33229174,0.330062041,0.327829741,0.325666431,0.323624573,0.32164987,0.319699189,0.317726284,0.315734231,0.313757539,0.311807196,0.309887162,0.308003454
CAF,1,1,1,1,1,1,1,1,1,1,1,1,1,1,1,1,1,1,1,1,1,1,1,1,1,1,1,1,1,1,0.999998823,0.999994209,1,1,1,1,1,0.999991551,0.999996868,0.999997932,1,0.999992867,0.999994929,1,0.999997988,1,1,0.999995039,0.999999013,0.999995089,1,0.999999029,0.999997106,0.999997125,0.999997144,0.999995274,1,0.999995343,1,0.999990823,1
CAN,1,1,1,1,1,1,1,1,1,1,1,1,1,1,1,1,1,1,1,1,1,1,1,1,1,1,1,1,1,1,1,1,1,1,1,1,1,1,1,1,1,1,1,1,1,1,1,1,1,1,1,1,1,1,1,1,1,1,1,1,1
CHE,1,1,1,1,1,1,1,1,1,1,1,1,1,1,1,1,1,1,1,1,1,1,1,1,1,1,1,1,1,1,1,1,1,1,1,1,1,1,1,1,1,1,1,1,1,1,1,1,1,1,1,1,1,1,1,1,1,1,1,1,1
CHL,1,1,1,1,1,1,1,1,1,1,1,1,1,1,1,1,1,1,1,1,1,1,1,1,1,1,1,1,1,1,1,1,1,1,1,1,1,1,1,1,1,1,1,1,1,1,1,1,1,1,1,1,1,1,1,1,1,1,1,1,1
CHN,0.694118002,0.702673218,0.710332369,0.721807581,0.728300999,0.728706071,0.727537877,0.739166198,0.726175066,0.714401982,0.722393578,0.723145477,0.735594925,0.758870774,0.769818915,0.779733188,0.785959793,0.79610489,0.799983732,0.802586505,0.8093355,0.813205777,0.812091537,0.814548381,0.811460841,0.805729252,0.801729208,0.80155358,0.807846819,0.808042813,0.808112835,0.807960839,0.807512918,0.80682944,0.805965873,0.804972664,0.803896965,0.802778842,0.801652464,0.800549761,0.799501246,0.798508714,0.797542414,0.796585392,0.795621318,0.794634347,0.793608474,0.792526402,0.791370734,0.790124006,0.788768434,0.787354987,0.785950809,0.784561678,0.783192991,0.781849884,0.78052841,0.779224524,0.777942895,0.776687954,0.775463994
CIV,1,1,1,1,1,1,1,1,1,1,1,1,1,1,1,1,1,1,1,1,1,1,1,1,1,1,1,1,1,1,0.999996981,0.99999714,1,1,0.999997601,1,1,1,1,1,1,1,1,1,1,1,1,1,1,1,1,0.999998715,1,1,1,1,1,1,1,1,1
CMR,0.960287253,0.960923965,0.966479365,0.967174673,0.98334369,0.985912605,0.983772796,0.982237249,0.985090999,0.984575524,0.986469985,0.988455519,0.991235778,0.990258903,0.988961287,0.988973195,0.989017446,0.989539088,0.988962327,0.9913206,0.990550316,0.992290277,0.993022636,0.993880472,0.994486172,0.995244249,0.99596649,0.996681984,0.995965361,0.994944759,0.993866512,0.992672151,0.991288423,0.989738663,0.988057152,0.986288486,0.984472507,0.982653711,0.980891864,0.979233895,0.977746637,0.976394679,0.975095503,0.973847749,0.972639063,0.97146131,0.970300276,0.969153111,0.968004595,0.966837813,0.965634488,0.964410779,0.963185517,0.961957759,0.96072971,0.959503917,0.958274842,0.957047164,0.955818077,0.954590191,0.953367029
COD,0.834997175,0.82663623,0.821739506,0.814949452,0.827558244,0.821347637,0.795547821,0.787757827,0.782702851,0.759809331,0.752197422,0.777009299,0.783104238,0.78886257,0.787994862,0.782300359,0.783306599,0.761481688,0.765479787,0.755564538,0.755297927,0.743937397,0.736239505,0.747929076,0.746775557,0.741695849,0.735618538,0.725132078,0.734369574,0.73173173,0.728956728,0.725887852,0.722652211,0.719526716,0.716670148,0.714161299,0.711904825,0.709817778,0.707934811,0.706269418,0.704822597,0.70356558,0.702442669,0.701417454,0.700462295,0.699555939,0.698695702,0.697884018,0.697112623,0.696374593,0.695664183,0.694978464,0.694318581,0.69368514,0.693078292,0.692497712,0.691940442,0.691405181,0.690893335,0.69040583,0.68994316
COG,0.999999898,0.999999722,0.999999344,0.999997524,0.999995289,0.999990133,0.999982411,0.99997729,0.999965389,0.999955042,0.999922366,0.999870229,0.999753025,0.999737838,0.999650833,0.999574193,0.999575825,0.999451639,0.999367572,0.999381593,0.999377352,0.999306264,0.999273199,0.999241567,0.999164399,0.999114131,0.999063839,0.99896212,0.998701234,0.998321727,0.99790899,0.99741777,0.996835116,0.996163024,0.995414637,0.994594177,0.993721828,0.992815905,0.9918921,0.990985065,0.990130919,0.989306366,0.988490162,0.987679949,0.986860089,0.986045902,0.985222593,0.984392487,0.983540161,0.982660513,0.98175819,0.980819791,0.979866384,0.978892914,0.97791163,0.976913821,0.975889306,0.974865989,0.973816222,0.972756156,0.971685903
COK,0.767966874,0.76639096,0.755571593,0.726270367,0.704924257,0.689675754,0.68977177,0.679277292,0.668254399,0.704796788,0.716688961,0.66667541,0.649472965,0.67786667,0.770097139,0.790274431,0.79842671,0.798623434,0.805939538,0.805967113,0.806951131,0.806988706,0.806489531,0.807793013,0.807943476,0.81391501,0.823949472,0.831068205,0.815742788,0.815742788,0.815742788,0.815742788,0.815742788,0.815742788,0.815742788,0.815742788,0.815742788,0.815742788,0.815742788,0.815742788,0.815742788,0.815742788,0.815742788,0.815742788,0.815742788,0.815742788,0.815742788,0.815742788,0.815742788,0.815742788,0.815742788,0.815742788,0.815742788,0.815742788,0.815742788,0.815742788,0.815742788,0.815742788,0.815742788,0.815742788,0.815742788
COL,1,1,1,1,1,1,1,1,1,1,1,1,1,1,1,1,1,1,1,1,1,1,1,1,1,1,1,1,0.999999408,1,0.999999437,0.999999449,1,1,1,1,0.999999508,1,1,1,1,1,1,1,0.999999589,0.999999597,1,0.999999612,1,1,1,1,0.999999644,1,0.999999655,1,1,1,1,0.999999358,1
COM,1,1,1,1,1,1,1,1,1,1,1,1,1,1,1,1,1,1,1,1,1,1,1,1,1,1,1,1,1,1,1,1,1,1,1,1,1,1,1,1,1,1,1,1,1,1,1,1,1,1,1,1,1,1,1,1,1,1,1,1,1
CPV,0.982268873,0.982581285,0.984447233,0.984526729,0.983935988,0.985065545,0.984179676,0.984551506,0.985547298,0.986287607,0.986032765,0.986829917,0.987632524,0.988120952,0.989089347,0.990515941,0.990998096,0.991150454,0.990532336,0.991188664,0.991427941,0.991480147,0.990250647,0.990037527,0.989761399,0.991905627,0.992219077,0.992275868,0.991726326,0.991862929,0.992010059,0.992169184,0.992334561,0.992501939,0.992667749,0.992829119,0.992982065,0.993123519,0.993254254,0.993374227,0.993483454,0.993583688,0.993677719,0.993766672,0.993852425,0.993935433,0.994016099,0.994094241,0.994169711,0.994242892,0.994313643,0.99438185,0.994447428,0.994510308,0.994571065,0.994629805,0.994686627,0.99474181,0.994795241,0.994847004,0.994897004
CRI,1,1,1,1,1,1,1,1,1,1,1,1,1,1,1,1,1,1,1,1,1,1,1,1,1,1,1,1,1,1,1,0.99999668,0.999997319,1,1,1,0.99999384,1,1,1,0.999997445,0.999998752,1,1,1,0.999997711,1,0.999999267,0.99999892,1,0.999997565,1,1,0.999998338,0.999996396,1,1,1,0.999996267,1,0.999998784
CUB,0.866389786,0.872969764,0.881674591,0.89098711,0.899256948,0.880672566,0.88643159,0.886231484,0.887752355,0.891295361,0.89832336,0.895777302,0.890550052,0.890713153,0.887427212,0.885149207,0.886558372,0.882846656,0.893102708,0.892759153,0.908994302,0.903243554,0.900684828,0.903218912,0.904595933,0.905951566,0.907688393,0.906665478,0.904420848,0.905108453,0.905952902,0.907056419,0.90834457,0.909730559,0.911137293,0.912495873,0.913754006,0.914895716,0.915914554,0.916803886,0.917556947,0.91821154,0.918825117,0.919418054,0.920008419,0.920612303,0.921210363,0.921779535,0.922329105,0.922866795,0.923399039,0.923977193,0.924617123,0.925273886,0.9259066,0.926478278,0.927008248,0.927521298,0.927991446,0.928395185,0.928710626
CUW,0,0,0,0,0,0,0,0,0,0,0,0,0,0,0,0,0,0,0,0,0,0,0,0,0,0,0,0,0,0,0,0,0,0,0,0,0,0,0,0,0,0,0,0,0,0,0,0,0,0,0,0,0,0,0,0,0,0,0,0,0
CYP,1,1,1,1,1,1,1,1,1,1,1,1,1,1,1,1,1,1,1,1,1,1,1,1,1,1,1,1,1,1,1,1,1,1,1,1,1,1,1,1,1,1,1,1,1,1,1,1,1,1,1,1,1,1,1,1,1,1,1,1,1
CZE,1,1,1,1,1,1,1,1,1,1,1,1,1,1,1,1,1,1,1,1,1,1,1,1,1,1,1,1,1,1,1,1,1,1,1,1,1,1,1,1,1,1,1,1,1,1,1,1,1,1,1,1,1,1,1,1,1,1,1,1,1
DEU,1,1,1,1,1,1,1,1,1,1,1,1,1,1,1,1,1,1,1,1,1,1,1,1,1,1,1,1,1,1,1,1,1,1,1,1,1,1,1,1,1,1,1,1,1,1,1,1,1,1,1,1,1,1,1,1,1,1,1,1,1
DJI,1,1,1,1,1,1,1,1,1,1,1,1,1,1,1,1,1,1,1,1,1,1,1,1,1,1,1,1,1,0.999984271,0.999979605,1,1,1,0.999960216,0.99996593,0.999995893,1,0.999988511,1,0.999967663,0.999979066,0.999976258,1,1,1,1,0.999982182,0.999988421,0.999991532,0.999994494,1,0.999997379,1,0.99998002,1,1,0.999997673,0.999995452,1,1
DMA,0.844477383,0.841148362,0.848863361,0.854451059,0.861953229,0.853280877,0.814760893,0.790790098,0.750033362,0.725083071,0.729120238,0.756076304,0.758980722,0.749829998,0.785784522,0.770603847,0.77881907,0.796247832,0.793775176,0.797184954,0.802811003,0.788005924,0.795772074,0.785364801,0.799089716,0.790271208,0.803415338,0.801689071,0.797148401,0.797148401,0.797148401,0.797148401,0.797148401,0.797148401,0.797148401,0.797148401,0.797148401,0.797148401,0.797148401,0.797148401,0.797148401,0.797148401,0.797148401,0.797148401,0.797148401,0.797148401,0.797148401,0.797148401,0.797148401,0.797148401,0.797148401,0.797148401,0.797148401,0.797148401,0.797148401,0.797148401,0.797148401,0.797148401,0.797148401,0.797148401,0.797148401
DNK,1,1,1,1,1,1,1,1,1,1,1,1,1,1,1,1,1,1,1,1,1,1,1,1,1,1,1,1,1,1,1,1,1,1,1,1,1,1,1,1,1,1,1,1,1,1,1,1,1,1,1,1,1,1,1,1,1,1,1,1,1
DOM,1,1,1,1,1,1,1,1,1,1,1,1,1,1,1,1,1,1,1,1,1,1,1,1,1,1,1,1,1,1,1,1,0.999996909,1,0.999997079,1,1,1,1,1,1,0.999997571,1,1,1,1,1,1,1,1,1,1,1,1,1,0.999998138,1,1,1,1,0.999998272
DZA,0.998091257,0.998683912,0.999042523,0.999199726,0.999332852,0.999484804,0.999281655,0.999026811,0.998792353,0.998332116,0.997912084,0.997646868,0.99754724,0.997536897,0.997262183,0.997385701,0.997105071,0.99695253,0.996765123,0.996534386,0.99631096,0.996173281,0.996164767,0.996045887,0.996054176,0.9959751,0.995759794,0.995570765,0.994387448,0.993038124,0.991631528,0.99009348,0.988328924,0.986376496,0.984283398,0.982099994,0.979879869,0.977678813,0.975558887,0.973580972,0.971811064,0.970202432,0.968661878,0.967180781,0.965750919,0.964361397,0.963000842,0.961654202,0.960305055,0.958935311,0.957526823,0.95608929,0.954648013,0.953205536,0.951764133,0.95032604,0.948892918,0.94746492,0.946042996,0.944630106,0.943227786
ECU,0.999999245,0.99999771,0.999995479,0.999983401,0.999948758,0.999913986,0.999859519,0.999772502,0.999697452,0.999645507,0.999486148,0.99938484,0.999242241,0.999120871,0.998919472,0.998712629,0.998524726,0.998416111,0.998313414,0.998258904,0.998152106,0.998152503,0.997997335,0.997960358,0.997895542,0.99769359,0.997490164,0.9973236,0.996906724,0.996346538,0.995785439,0.995201684,0.994576313,0.99391985,0.993251224,0.992578079,0.991924213,0.991300904,0.99072302,0.990205304,0.989760517,0.989377796,0.989033667,0.988723803,0.988445162,0.988194884,0.987968264,0.9877552,0.987552829,0.987355601,0.987159122,0.986965996,0.986785598,0.986620125,0.986467356,0.986329405,0.986205225,0.986095605,0.986001515,0.985922224,0.985855529
EGY,0.986364206,0.986382421,0.986935004,0.988232466,0.986958005,0.988968929,0.986342036,0.98909365,0.988747672,0.98875201,0.990978071,0.990343527,0.990199872,0.991202863,0.990618953,0.990302713,0.990292587,0.990323387,0.990585282,0.990354259,0.990187349,0.990644151,0.990294691,0.989857347,0.989177807,0.989054692,0.989106369,0.988950592,0.986050024,0.982934791,0.979760486,0.976353686,0.972502565,0.96831502,0.963907682,0.959402223,0.954918911,0.950576991,0.946497374,0.942799563,0.939601519,0.936793531,0.93417138,0.931714844,0.929400769,0.927204579,0.925099405,0.923054018,0.921034636,0.919006935,0.916936678,0.914842951,0.912771628,0.910727356,0.908714272,0.906736166,0.904794377,0.90288802,0.901019682,0.899191548,0.897406139
ERI,0.23239807,0.224660933,0.229253375,0.280621887,0.277908361,0.287248186,0.277230053,0.234766284,0.159771759,0.162144916,0.156351132,0.170542144,0.168941403,0.183882125,0.190521917,0.188753849,0.166268178,0.161560848,0.138965572,0.154570581,0.160752243,0.156603682,0.160638897,0.161268958,0.162409093,0.166949228,0.166417681,0.171517754,0.162329417,0.159624131,0.157595032,0.156622216,0.156530267,0.156954086,0.157548381,0.158017662,0.158349634,0.15868404,0.158969272,0.15915952,0.159206186,0.159084759,0.15885507,0.158584908,0.158335386,0.15817202,0.158076599,0.158011286,0.157992153,0.158041564,0.158170431,0.158367043,0.15860853,0.15890673,0.159266784,0.15969651,0.160190941,0.160734451,0.161317825,0.161933594,0.162575993
ESP,1,1,1,1,1,1,1,1,1,1,1,1,1,1,1,1,1,1,1,1,1,1,1,1,1,1,1,1,1,1,1,1,1,1,1,1,1,1,1,1,1,1,1,1,1,1,1,1,1,1,1,1,1,1,1,1,1,1,1,1,1
EST,1,1,1,1,1,1,1,1,1,1,1,1,1,1,1,1,1,1,1,1,1,1,1,1,1,1,1,1,1,1,1,1,1,1,1,1,1,1,1,1,1,1,1,1,1,1,1,1,1,1,1,1,1,1,1,1,1,1,1,1,1
ETH,0.999999979,0.999999939,0.999999882,0.999999361,0.999998603,0.999996937,0.999990207,0.999987773,0.99998333,0.999973605,0.999948739,0.999933055,0.999930912,0.999927831,0.999906257,0.999861333,0.99985959,0.999861658,0.999850551,0.999845499,0.999845157,0.99983455,0.999830593,0.999823123,0.999810754,0.99980351,0.999796752,0.999790594,0.999690731,0.999560851,0.999403675,0.999213044,0.998974391,0.998686722,0.998348545,0.997963594,0.997535427,0.997072865,0.996583748,0.996083108,0.995586825,0.995093744,0.994591096,0.994078708,0.993555555,0.993019229,0.992470662,0.991906093,0.991324638,0.990720655,0.990089119,0.989433104,0.988759557,0.988069397,0.987360579,0.986635726,0.985891876,0.985131674,0.984352774,0.983557093,0.982745352
FIN,1,1,1,1,1,1,1,1,1,1,1,1,1,1,1,1,1,1,1,1,1,1,1,1,1,1,1,1,1,1,1,1,1,1,1,1,1,1,1,1,1,1,1,1,1,1,1,1,1,1,1,1,1,1,1,1,1,1,1,1,1
FJI,0.393270303,0.345099637,0.36915771,0.355830301,0.343622379,0.33828764,0.357329265,0.346551133,0.343408713,0.35298866,0.378833011,0.431145306,0.385184347,0.436603959,0.494663251,0.43846178,0.467817159,0.449871588,0.380010808,0.362307673,0.464397684,0.431052143,0.426861246,0.44097127,0.471443773,0.476290009,0.508991476,0.513622954,0.494045008,0.484347725,0.476455917,0.470385742,0.465645,0.462072652,0.459484632,0.457668543,0.456493789,0.455735064,0.455126085,0.454379353,0.453271317,0.451933884,0.450726326,0.449650961,0.448744797,0.447975,0.447255163,0.446444626,0.445471433,0.444315541,0.442920171,0.441389167,0.439920005,0.438587328,0.437430581,0.436508122,0.435693111,0.434875043,0.434053901,0.433285963,0.43259063
FRA,1,1,1,1,1,1,1,1,1,1,1,1,1,1,1,1,1,1,1,1,1,1,1,1,1,1,1,1,1,1,1,1,1,1,1,1,1,1,1,1,1,1,1,1,1,1,1,1,1,1,1,1,1,1,1,1,1,1,1,1,1
FSM,0.600329572,0.611517398,0.618633747,0.615013434,0.620099496,0.624334088,0.624531046,0.633001259,0.648821128,0.634841494,0.664093226,0.727811232,0.693910145,0.693685571,0.693931315,0.657207955,0.657467161,0.685410173,0.647479037,0.708502341,0.631600289,0.634211459,0.659960321,0.666387189,0.677432662,0.685874414,0.707367463,0.710732095,0.686223051,0.686223051,0.686223051,0.686223051,0.686223051,0.686223051,0.686223051,0.686223051,0.686223051,0.686223051,0.686223051,0.686223051,0.686223051,0.686223051,0.686223051,0.686223051,0.686223051,0.686223051,0.686223051,0.686223051,0.686223051,0.686223051,0.686223051,0.686223051,0.686223051,0.686223051,0.686223051,0.686223051,0.686223051,0.686223051,0.686223051,0.686223051,0.686223051
GAB,0.999999826,0.999999367,0.999998647,0.999994502,0.999986084,0.999970164,0.999948366,0.999917226,0.999893217,0.999863415,0.999805005,0.999742779,0.999672544,0.999634985,0.999524193,0.999413857,0.999228918,0.999044823,0.99899226,0.998878978,0.998830892,0.998730109,0.998638678,0.998485586,0.99829018,0.998067404,0.997873064,0.997614636,0.997107795,0.996355707,0.995561519,0.994674081,0.993621484,0.99244291,0.991144704,0.989758524,0.988321404,0.986855817,0.985393109,0.983999047,0.982703182,0.981487864,0.980295515,0.979123953,0.977959134,0.97681122,0.975657912,0.974494952,0.973322496,0.972122822,0.970872474,0.969581151,0.968278763,0.966955328,0.96561399,0.964269566,0.962904153,0.961524515,0.960136387,0.958730436,0.957328963
GBR,1,1,1,1,1,1,1,1,1,1,1,1,1,1,1,1,1,1,1,1,1,1,1,1,1,1,1,1,1,1,1,1,1,1,1,1,1,1,1,1,1,1,1,1,1,1,1,1,1,1,1,1,1,1,1,1,1,1,1,1,1
GEO,1,1,1,1,1,1,1,1,1,1,1,1,1,1,1,1,1,1,1,1,1,1,1,1,1,1,1,1,1,1,0.999998945,0.999995362,0.999993949,0.999996047,1,1,1,0.999999539,1,1,0.999998664,0.999995583,1,0.999997826,0.999998275,1,1,0.999995809,1,1,1,1,1,1,1,1,1,1,1,1,1
GHA,0.942329293,0.941012479,0.936797875,0.939246439,0.953212087,0.960952759,0.963121453,0.960520388,0.989489495,0.990105905,0.995555883,0.995600937,0.995768329,0.999547236,1,0.99957717,0.999766527,1,1,1,1,1,1,1,1,1,1,1,0.999999824,0.999999549,0.999999135,1,1,1,1,1,1,1,0.999999026,1,1,1,0.999999477,1,0.999998332,0.999998368,1,1,1,1,1,1,1,1,1,1,1,1,1,1,1
GIN,0.894303408,0.892666812,0.887870616,0.885720101,0.875306846,0.876680464,0.86683272,0.86356569,0.870919406,0.868349599,0.87247972,0.87876919,0.886189827,0.883299515,0.882821456,0.900897719,0.899434729,0.89814695,0.890500028,0.891908452,0.902457201,0.902677446,0.905313059,0.904858386,0.902583976,0.907012312,0.915428052,0.911563969,0.912673492,0.916152073,0.918776236,0.920828939,0.922622045,0.924200537,0.925597609,0.926838015,0.927943206,0.928924818,0.929789507,0.93054377,0.931193493,0.931745387,0.932223341,0.932653585,0.933057311,0.93345176,0.933835008,0.934199244,0.934549767,0.934891171,0.935227196,0.935555943,0.935874762,0.93618561,0.936490081,0.936789673,0.937084609,0.937372932,0.937652887,0.937922954,0.938181965
GMB,1,1,1,1,1,1,1,1,1,1,1,1,1,1,1,1,1,1,1,1,1,1,1,1,1,1,1,1,1,1,1,1,1,1,1,1,1,1,1,1,1,1,1,1,1,1,1,1,1,1,1,1,1,1,1,1,1,1,1,1,1
GNB,0.146647045,0.148465959,0.146911302,0.147033796,0.149432884,0.145661176,0.152095016,0.166355171,0.150269542,0.152896339,0.130234395,0.117707772,0.112874622,0.130652644,0.144273114,0.153726733,0.144447592,0.150825362,0.158065766,0.154915196,0.152021544,0.156216661,0.148101919,0.155049814,0.162571601,0.175662767,0.188186276,0.187152615,0.154703108,0.156473186,0.159284544,0.163143707,0.167598499,0.172415394,0.177434482,0.182471078,0.187485355,0.192429626,0.197212078,0.201757998,0.206001172,0.209956431,0.213708522,0.217324641,0.220857301,0.22435615,0.227812055,0.231203809,0.234547673,0.237865501,0.241163661,0.244447081,0.247694307,0.250893969,0.254029923,0.257095046,0.260095556,0.263033937,0.265890535,0.268657122,0.271327257
GNQ,1,1,1,1,1,1,1,1,1,1,1,1,1,1,1,1,1,1,1,1,1,1,1,1,1,1,1,1,1,1,0.999999401,0.999992215,0.999996699,0.999995435,0.999999357,1,1,0.999995637,1,0.999997544,0.99999939,0.999999393,0.999996975,0.999995781,1,1,1,1,0.999997632,0.999998231,0.999997651,0.999997661,1,0.99999942,0.999994805,0.999999425,1,0.999997154,0.999997734,1,0.999998877
GRC,1,1,1,1,1,1,1,1,1,1,1,1,1,1,1,1,1,1,1,1,1,1,1,1,1,1,1,1,1,1,1,1,1,1,1,1,1,1,1,1,1,1,1,1,1,1,1,1,1,1,1,1,1,1,1,1,1,1,1,1,1
GRD,0.847855159,0.850328308,0.85637031,0.859661122,0.872491691,0.875773234,0.877234095,0.883075066,0.886089368,0.892340543,0.872621012,0.874644682,0.879499175,0.885215912,0.879764067,0.882006958,0.885955964,0.886983567,0.891238303,0.889538893,0.885895625,0.881663657,0.8874356,0.896152657,0.874164416,0.874533056,0.875269245,0.873107786,0.870413913,0.870118744,0.869808957,0.869757748,0.87014865,0.870840611,0.871688311,0.872561995,0.873473131,0.874483411,0.875540082,0.876592304,0.877594304,0.878606583,0.879703218,0.880855062,0.882035549,0.883213478,0.884391952,0.885576446,0.886735973,0.887841834,0.888867376,0.889806392,0.890672979,0.891469188,0.892199957,0.892870626,0.893490766,0.8940793,0.894641594,0.895183533,0.89571445
GTM,0.999987997,0.999968362,0.999931319,0.99970756,0.999346393,0.99858389,0.997390061,0.996477478,0.995177083,0.993538827,0.991596448,0.989363183,0.986741131,0.983391617,0.980776862,0.977785787,0.975421486,0.97308947,0.968661714,0.967372661,0.966008477,0.965789966,0.963966004,0.963720409,0.96694291,0.963417546,0.962387787,0.960774295,0.958365256,0.956096293,0.954200581,0.9524247,0.95052964,0.948648907,0.946881495,0.945318274,0.944023929,0.943045405,0.942431226,0.942192439,0.942354102,0.942803162,0.943388917,0.944083395,0.9448524,0.945674365,0.946518472,0.947363121,0.94818269,0.948965128,0.949685299,0.950375405,0.95106376,0.951752741,0.952444597,0.953133912,0.953827167,0.954524641,0.955225335,0.955928596,0.956631166
GUY,0.509269523,0.505682746,0.50168035,0.498256245,0.497791322,0.499748379,0.502557797,0.516921877,0.535555211,0.508014158,0.526707506,0.569751032,0.552562967,0.502074037,0.508870274,0.494387058,0.472704578,0.514759413,0.501087798,0.496729212,0.512320169,0.510626657,0.533208247,0.508527176,0.503132074,0.495631057,0.547454138,0.534192617,0.517541523,0.517394563,0.517240919,0.517072563,0.516893566,0.516711284,0.516531668,0.516360224,0.516199615,0.516050662,0.515913737,0.515789289,0.515677852,0.51557626,0.515479869,0.515387345,0.515297485,0.515209201,0.515124956,0.515045925,0.514970792,0.514898357,0.51482752,0.514755897,0.514682452,0.514607774,0.514532702,0.514457716,0.514381844,0.514304858,0.51422852,0.51415459,0.514084312
HKG,0,0,0,0,0,0,0,0,0,0,0,0,0,0,0,0,0,0,0,0,0,0,0,0,0,0,0,0,0,0,0,0,0,0,0,0,0,0,0,0,0,0,0,0,0,0,0,0,0,0,0,0,0,0,0,0,0,0,0,0,0
HND,1,1,1,1,1,1,1,1,1,1,1,1,1,1,1,1,1,1,1,1,1,1,1,1,1,1,1,1,1,1,1,1,1,1,1,1,1,1,1,0.99999603,1,0.999996189,1,1,1,1,1,1,0.999996613,1,0.999996709,1,1,1,1,0.999996924,1,1,1,1,0.999997111
HRV,1,1,1,1,1,1,1,1,1,1,1,1,1,1,1,1,1,1,1,1,1,1,1,1,1,1,1,1,1,1,1,1,1,1,1,1,1,1,1,1,1,1,1,1,1,1,1,1,1,1,1,1,1,1,1,1,1,1,1,1,1
HTI,0.977391208,0.97508977,0.979352835,0.985429651,0.985022591,0.984022464,0.982837436,0.982467354,0.982050382,0.982042983,0.982119821,0.981944974,0.977772086,0.978123905,0.977999536,0.982007782,0.982814456,0.983641692,0.983134939,0.983031837,0.983800228,0.983204021,0.983659579,0.984404498,0.98509642,0.985358169,0.985675459,0.98583339,0.985550878,0.985797185,0.986046712,0.986315804,0.986606108,0.986902938,0.987194655,0.987472042,0.987736191,0.987987177,0.988218002,0.988423378,0.988599216,0.98875102,0.98888974,0.989019606,0.989143956,0.989265449,0.989383043,0.989493626,0.989596348,0.989690428,0.989775179,0.989854145,0.989931065,0.990005814,0.990078223,0.990148183,0.990215636,0.990280684,0.99034342,0.990403844,0.990462064
HUN,1,1,1,1,1,1,1,1,1,1,1,1,1,1,1,1,1,1,1,1,1,1,1,1,1,1,1,1,1,1,1,1,1,1,1,1,1,1,1,1,1,1,1,1,1,1,1,1,1,1,1,1,1,1,1,1,1,1,1,1,1
IDN,0.995819992,0.996557029,0.996340248,0.996842802,0.996691507,0.997095749,0.997562024,0.998005083,0.998787916,0.999021698,0.999404307,0.999425364,0.999393008,0.999416582,0.999470468,0.999470611,0.99946452,0.999498421,0.999487926,0.999508305,0.999732644,0.999931368,0.999935101,0.999927251,0.999946529,0.999932745,0.999935963,1,0.999670074,0.999260665,0.998819864,0.998343731,0.997821217,0.997251262,0.996636398,0.995982227,0.995297496,0.994592895,0.993881561,0.993177832,0.992498548,0.991839886,0.991186402,0.990537719,0.989892824,0.989249878,0.988606213,0.98795937,0.987305339,0.986640166,0.985959195,0.98526717,0.984572472,0.983875482,0.983176158,0.982474775,0.981773048,0.981072967,0.980374738,0.9796785,0.978984478
IND,0.647679357,0.657524687,0.668580879,0.672397123,0.682297566,0.69312604,0.705554831,0.711396734,0.710685711,0.72193222,0.728853475,0.725880078,0.731450954,0.732348682,0.736460646,0.741456494,0.74677839,0.749374727,0.764849849,0.782692306,0.776842821,0.784352186,0.797680078,0.798284238,0.811693679,0.815740455,0.819350892,0.822490269,0.823789016,0.82736742,0.83103381,0.834802392,0.838622117,0.842444964,0.846228576,0.84993688,0.853495316,0.856854859,0.860020352,0.862994428,0.865778053,0.868455283,0.871090037,0.873656506,0.876134027,0.878506179,0.880766961,0.882910527,0.884925861,0.886804654,0.888540621,0.89017299,0.891752336,0.893289252,0.894792829,0.896270905,0.897704239,0.899076295,0.9,0.9,0.9
IOT,0,0,0,0,0,0,0,0,0,0,0,0,0,0,0,0,0,0,0,0,0,0,0,0,0,0,0,0,0,0,0,0,0,0,0,0,0,0,0,0,0,0,0,0,0,0,0,0,0,0,0,0,0,0,0,0,0,0,0,0,0
IRL,1,1,1,1,1,1,1,1,1,1,1,1,1,1,1,1,1,1,1,1,1,1,1,1,1,1,1,1,1,1,1,1,1,1,1,1,1,1,1,1,1,1,1,1,1,1,1,1,1,1,1,1,1,1,1,1,1,1,1,1,1
IRN,1,1,1,1,1,1,1,1,1,1,1,1,1,1,1,1,1,1,1,1,1,1,1,1,1,1,1,1,1,1,1,1,1,1,1,1,1,1,1,1,1,1,1,1,1,1,1,1,1,1,1,1,1,1,1,1,1,1,1,1,1
IRQ,0.445824371,0.486431968,0.561626469,0.58933995,0.638966031,0.653444901,0.6562924,0.58717147,0.586389728,0.572987138,0.577248364,0.606669951,0.644743719,0.66709577,0.682316801,0.685980731,0.649204283,0.544794048,0.627313155,0.628343055,0.628649533,0.659073762,0.684901302,0.712405906,0.713681997,0.718517559,0.737529226,0.736444612,0.739340948,0.73994354,0.740584045,0.741394993,0.742387873,0.743410719,0.744334719,0.745053726,0.745523907,0.745713816,0.745564217,0.745030139,0.74407816,0.742752019,0.741178242,0.739442935,0.737617998,0.735764475,0.733856866,0.73185003,0.729763953,0.727614547,0.725413969,0.723126664,0.720735244,0.718274461,0.715776618,0.7132727,0.710789616,0.708340117,0.705932335,0.703575181,0.701277433
ISL,1,1,1,1,1,1,1,1,1,1,1,1,1,1,1,1,1,1,1,1,1,1,1,1,1,1,1,1,1,1,1,1,1,1,1,1,1,1,1,1,1,1,1,1,1,1,1,1,1,1,1,1,1,1,1,1,1,1,1,1,1
ISR,1,1,1,1,1,1,1,1,1,1,1,1,1,1,1,1,1,1,1,1,1,1,1,1,1,1,1,1,1,1,1,0.999998944,1,1,1,1,1,1,1,0.999999244,1,0.99999929,1,1,1,1,1,1,1,1,1,1,1,1,1,1,1,1,1,1,1
ITA,1,1,1,1,1,1,1,1,1,1,1,1,1,1,1,1,1,1,1,1,1,1,1,1,1,1,1,1,1,1,1,1,1,1,1,1,1,1,1,1,1,1,1,1,1,1,1,1,1,1,1,1,1,1,1,1,1,1,1,1,1
JAM,0.792106954,0.79442197,0.781414637,0.785935064,0.79081796,0.802081851,0.812190835,0.82130781,0.81290672,0.816907129,0.821310224,0.824933673,0.818701416,0.817487113,0.821723513,0.823580119,0.852151807,0.837046191,0.840707977,0.796235951,0.787744268,0.798883012,0.786499856,0.799554847,0.781455834,0.785608714,0.793819218,0.796023935,0.775216965,0.776127949,0.777156635,0.778453469,0.780067543,0.781892072,0.783826222,0.785786915,0.787726254,0.789613567,0.791394309,0.793021793,0.794448349,0.79572571,0.796957237,0.798176309,0.799414208,0.800698766,0.802021599,0.803353239,0.804679392,0.80598935,0.807268086,0.808562827,0.809905137,0.811266423,0.812623651,0.813954359,0.815268367,0.816576991,0.817866746,0.819125185,0.820341869
JOR,1,1,1,1,1,1,1,1,1,1,1,1,1,1,1,1,1,1,1,1,1,1,1,1,1,1,1,1,1,1,0.999996731,0.999999148,1,1,1,1,0.999997819,0.999997932,1,1,1,1,1,0.999998436,0.999998501,1,1,0.999998677,0.99999873,1,1,1,1,1,1,1,1,1,1,1,1
JPN,1,1,1,1,1,1,1,1,1,1,1,1,1,1,1,1,1,1,1,1,1,1,1,1,1,1,1,1,1,1,1,1,1,1,1,1,1,1,1,1,1,1,1,1,1,1,1,1,1,1,1,1,1,1,1,1,1,1,1,1,1
KAZ,1,1,1,1,1,1,1,1,1,1,1,1,1,1,1,1,1,1,1,1,1,1,1,1,1,1,1,1,1,0.999999732,1,1,0.999999757,1,0.999999773,1,0.999999785,1,1,1,1,1,1,0.999999807,0.99999981,1,1,1,1,1,0.999999819,1,0.999999821,0.999999821,1,1,1,0.999999819,0.999999818,0.999999817,0.999999815
KEN,0.99994873,0.999942227,0.999936148,0.999927778,0.999917669,0.999862837,0.999838422,0.999762551,0.999750699,0.99968695,0.999599799,0.999518636,0.999421839,0.999335261,0.999239949,0.999144547,0.998979504,0.99911957,0.998948175,0.998793228,0.998630652,0.998759457,0.998747864,0.998596347,0.99856426,0.998504846,0.998498887,0.998409334,0.997885099,0.997294761,0.99665626,0.995931784,0.995072944,0.994093846,0.993007804,0.99183858,0.990609358,0.989349147,0.988091567,0.986875574,0.985745139,0.984681873,0.983638972,0.982613475,0.981599936,0.980591417,0.97958492,0.978574945,0.97755114,0.976502737,0.975418653,0.974307528,0.973182973,0.972047984,0.970901704,0.969746315,0.968580816,0.967404955,0.966218504,0.96502551,0.963825358
KGZ,1,1,1,1,1,1,1,1,1,1,1,1,1,1,1,1,1,1,1,1,1,1,1,1,1,1,1,1,1,1,1,1,1,1,1,1,1,1,1,1,1,1,1,1,1,1,1,1,1,1,1,1,1,1,1,1,1,1,1,1,1
KHM,0.092457236,0.096476583,0.096386684,0.094375481,0.103401515,0.13676141,0.142325906,0.141372313,0.170728888,0.16172772,0.172295994,0.179858339,0.186187769,0.182902972,0.166312633,0.173602867,0.168363328,0.175638545,0.175495995,0.218798498,0.231475876,0.230642524,0.241324604,0.239176633,0.263942314,0.267635281,0.289755383,0.289546444,0.256687382,0.256687382,0.256687382,0.256687382,0.256687382,0.256687382,0.256687382,0.256687382,0.256687382,0.256687382,0.256687382,0.256687382,0.256687382,0.256687382,0.256687382,0.256687382,0.256687382,0.256687382,0.256687382,0.256687382,0.256687382,0.256687382,0.256687382,0.256687382,0.256687382,0.256687382,0.256687382,0.256687382,0.256687382,0.256687382,0.256687382,0.256687382,0.256687382
KIR,0.409724939,0.405744978,0.436092576,0.466546954,0.464859936,0.45909727,0.480377319,0.412406471,0.437667047,0.430596997,0.418960672,0.381102833,0.483283436,0.480089629,0.496258028,0.506346682,0.666526458,0.675351616,0.661406235,0.584476358,0.677749701,0.673951736,0.670221886,0.668204232,0.688314531,0.693947839,0.716362554,0.719607854,0.696175807,0.696175807,0.696175807,0.696175807,0.696175807,0.696175807,0.696175807,0.696175807,0.696175807,0.696175807,0.696175807,0.696175807,0.696175807,0.696175807,0.696175807,0.696175807,0.696175807,0.696175807,0.696175807,0.696175807,0.696175807,0.696175807,0.696175807,0.696175807,0.696175807,0.696175807,0.696175807,0.696175807,0.696175807,0.696175807,0.696175807,0.696175807,0.696175807
KNA,0.777156969,0.771610057,0.774024194,0.775492699,0.787101658,0.799005178,0.796323416,0.798310926,0.803753626,0.811978369,0.81140303,0.81038897,0.843749286,0.841831268,0.846316347,0.836315265,0.841872378,0.84634171,0.839539423,0.842104013,0.83728877,0.842561437,0.860726928,0.866516412,0.872544364,0.872750761,0.8753802,0.873576441,0.870397954,0.870397954,0.870397954,0.870397954,0.870397954,0.870397954,0.870397954,0.870397954,0.870397954,0.870397954,0.870397954,0.870397954,0.870397954,0.870397954,0.870397954,0.870397954,0.870397954,0.870397954,0.870397954,0.870397954,0.870397954,0.870397954,0.870397954,0.870397954,0.870397954,0.870397954,0.870397954,0.870397954,0.870397954,0.870397954,0.870397954,0.870397954,0.870397954
KOR,0.999992599,0.999991519,0.999990569,0.999986321,0.999980652,0.999975665,0.999968386,0.999970952,0.999952098,0.999919467,0.999926574,0.999911802,0.999836225,0.999797055,0.99978132,0.999720739,0.999683577,0.999648915,0.999615353,0.999572039,0.999561992,0.999642803,0.999625504,0.999609646,0.999585973,0.999572977,0.999557571,0.999547172,0.99955727,0.999536895,0.999517956,0.999498273,0.999475433,0.999451237,0.99942585,0.999401178,0.999377575,0.999356098,0.999336912,0.99932131,0.999309786,0.999300966,0.999293142,0.999286571,0.999280258,0.999274598,0.999268864,0.999263458,0.999257303,0.999250811,0.999243891,0.999236509,0.999229272,0.999222171,0.999215204,0.99920824,0.999201834,0.999195284,0.999189078,0.999183083,0.999177293
KWT,0.947121098,0.994933979,0.925715385,0.941301523,0.944103418,0.944132013,0.9408196,0.943441153,0.93893302,0.937350893,0.936418763,0.9382228,0.930352857,0.930328,0.927684226,0.910549799,0.928573313,0.924075499,0.922962043,0.923962407,0.926086465,0.921479283,0.926453548,0.921047744,0.909724713,0.907194493,0.910171099,0.907031293,0.909400242,0.909231848,0.908943158,0.908529858,0.9080395,0.907493572,0.906912066,0.906312868,0.905712287,0.905127639,0.904573933,0.904063153,0.903604916,0.90318016,0.90276864,0.902375483,0.902004217,0.901657118,0.901320018,0.900989488,0.900679972,0.90040238,0.900164942,0.8999639,0.899789231,0.899638608,0.899510032,0.89940178,0.899308003,0.899226174,0.89915944,0.899110623,0.899082336
LAO,0.066182324,0.069887746,0.07078473,0.069945702,0.070037652,0.09108864,0.111922254,0.12293674,0.137643279,0.165170284,0.161977427,0.152242423,0.166724108,0.158443228,0.177004852,0.178503465,0.184960477,0.134543471,0.133898227,0.130222689,0.145276485,0.143967517,0.132318143,0.125513434,0.115517752,0.11606615,0.121088273,0.122603299,0.114094492,0.110855531,0.107823448,0.104921429,0.102097602,0.1,0.1,0.1,0.1,0.1,0.1,0.1,0.1,0.1,0.1,0.1,0.1,0.1,0.1,0.1,0.1,0.1,0.1,0.1,0.1,0.1,0.1,0.1,0.1,0.1,0.1,0.1,0.1
LBN,1,1,1,1,1,1,1,1,1,1,1,1,1,1,1,1,1,1,1,1,1,1,1,1,1,1,1,1,1,0.999996193,0.99999626,1,1,1,1,1,1,1,1,1,1,1,1,0.999997106,1,1,1,1,1,1,0.999997325,1,1,1,1,0.999997447,1,1,1,1,1
LBR,0.772461789,0.767569329,0.766289817,0.783394749,0.784302433,0.783598962,0.781349427,0.779693137,0.785135023,0.79700358,0.79475485,0.808286409,0.815307817,0.824262616,0.823118594,0.827994398,0.824889061,0.80895736,0.805090094,0.790773985,0.809823597,0.814915047,0.819011229,0.812104718,0.80332372,0.810849742,0.813710848,0.816491978,0.814490657,0.815030565,0.815564711,0.816115672,0.816670291,0.81719713,0.817677302,0.818101603,0.818477541,0.818816134,0.819118435,0.819386084,0.819620669,0.819826662,0.820011795,0.820181273,0.820339246,0.820489048,0.820630737,0.820764154,0.820891418,0.821014224,0.821133872,0.821250142,0.821362239,0.821470355,0.821574769,0.821675725,0.821773641,0.821868546,0.821960149,0.822048262,0.822132732
LBY,0,0,0,0,0,0,0,0,0,0,0,0,0,0,0,0,0,0,0,0,0,0,0,0,0,0,0,0,0,0,0,0,0,0,0,0,0,0,0,0,0,0,0,0,0,0,0,0,0,0,0,0,0,0,0,0,0,0,0,0,0
LCA,0.94456501,0.942416206,0.942280824,0.93801431,0.936183708,0.936257983,0.932242716,0.923664165,0.911076177,0.906510288,0.911004319,0.918739887,0.913382951,0.921108292,0.922520201,0.925614763,0.926775309,0.930779577,0.93316293,0.933097216,0.936213738,0.934928839,0.935147996,0.935589342,0.936534384,0.937291078,0.938109,0.937748546,0.936758605,0.936758605,0.936758605,0.936758605,0.936758605,0.936758605,0.936758605,0.936758605,0.936758605,0.936758605,0.936758605,0.936758605,0.936758605,0.936758605,0.936758605,0.936758605,0.936758605,0.936758605,0.936758605,0.936758605,0.936758605,0.936758605,0.936758605,0.936758605,0.936758605,0.936758605,0.936758605,0.936758605,0.936758605,0.936758605,0.936758605,0.936758605,0.936758605
LIE,1,1,1,1,1,1,1,1,1,1,1,1,1,1,1,1,1,1,1,1,1,1,1,1,1,1,1,1,1,1,1,1,1,1,1,1,1,1,1,1,1,1,1,1,1,1,1,1,1,1,1,1,1,1,1,1,1,1,1,1,1
LKA,0.507853682,0.539170911,0.560870405,0.549339219,0.552570514,0.567418528,0.62021031,0.633318492,0.665825899,0.661679847,0.696650752,0.707869281,0.705832715,0.705553176,0.731820416,0.705383123,0.705055824,0.718656657,0.685924147,0.70858637,0.69886743,0.706889147,0.721102332,0.717228662,0.755273925,0.784526197,0.820712279,0.837155287,0.823641768,0.830191937,0.837086774,0.844291133,0.851552574,0.858783967,0.865908468,0.872860211,0.879523063,0.885814894,0.891726187,0.897248234,0.9,0.9,0.9,0.9,0.9,0.9,0.9,0.9,0.9,0.9,0.9,0.9,0.9,0.9,0.9,0.9,0.9,0.9,0.9,0.9,0.9
LSO,1,1,1,1,1,1,1,1,1,1,1,1,1,1,1,1,1,1,1,1,1,1,1,1,1,1,1,1,1,0.999985467,0.999993821,1,1,1,0.999998048,1,1,0.999996265,1,1,0.999994574,1,0.999994632,0.999989305,0.999989347,0.999996467,0.999996487,1,1,1,0.999994876,1,0.999996638,1,1,1,0.999995137,1,0.999998412,0.999995286,0.999993782
LTU,1,1,1,1,1,1,1,1,1,1,1,1,1,1,1,1,1,1,1,1,1,1,1,1,1,1,1,1,1,1,1,1,1,1,1,1,1,1,1,1,1,1,1,1,1,1,1,1,1,1,1,1,1,1,1,1,1,1,1,1,1
LUX,1,1,1,1,1,1,1,1,1,1,1,1,1,1,1,1,1,1,1,1,1,1,1,1,1,1,1,1,1,1,1,1,1,1,1,1,1,1,1,1,1,1,1,1,1,1,1,1,1,1,1,1,1,1,1,1,1,1,1,1,1
LVA,1,1,1,1,1,1,1,1,1,1,1,1,1,1,1,1,1,1,1,1,1,1,1,1,1,1,1,1,1,1,1,1,1,1,1,1,1,1,1,1,1,1,1,1,1,1,1,1,1,1,1,1,1,1,1,1,1,1,1,1,1
MAC,0,0,0,0,0,0,0,0,0,0,0,0,0,0,0,0,0,0,0,0,0,0,0,0,0,0,0,0,0,0,0,0,0,0,0,0,0,0,0,0,0,0,0,0,0,0,0,0,0,0,0,0,0,0,0,0,0,0,0,0,0
MAR,1,1,1,1,1,1,1,1,1,1,1,1,1,1,1,1,1,1,1,1,1,1,1,1,1,1,1,1,1,1,1,1,1,1,1,1,0.999999312,1,1,0.999999369,1,1,1,1,1,1,1,1,0.999999482,0.999999492,1,1,0.999999518,1,1,1,1,1,1,0.999999565,1
MCO,1,1,1,1,1,1,1,1,1,1,1,1,1,1,1,1,1,1,1,1,1,1,1,1,1,1,1,1,1,1,1,1,1,1,1,1,1,1,1,1,1,1,1,1,1,1,1,1,1,1,1,1,1,1,1,1,1,1,1,1,1
MDA,1,1,1,1,1,1,1,1,1,1,1,1,1,1,1,1,1,1,1,1,1,1,1,1,1,1,1,1,1,1,1,1,1,1,1,1,1,1,1,1,1,1,1,1,1,1,1,1,1,1,1,1,1,1,1,1,1,1,1,1,1
MDG,0.999999771,0.999999446,0.999998764,0.99999502,0.999989195,0.999979293,0.999966711,0.999956436,0.999941456,0.999920469,0.999886767,0.999837432,0.999849318,0.999796404,0.999751937,0.999727331,0.999725492,0.99969845,0.999664656,0.99964201,0.999622081,0.999604507,0.99959175,0.999564359,0.999544894,0.999525,0.99951683,0.999492066,0.99930279,0.999084167,0.998831539,0.998535745,0.998175698,0.997760727,0.997280296,0.996749888,0.996177324,0.995575146,0.994954226,0.994339173,0.993744273,0.993174158,0.992605347,0.992030559,0.991456212,0.99087317,0.990283485,0.989683731,0.98906656,0.988431082,0.987770073,0.987088629,0.986391593,0.985680068,0.984953518,0.98421769,0.983465634,0.982698572,0.98191822,0.981127201,0.980320919
MDV,0.972606213,0.967668135,0.975734413,0.970670013,0.966010059,0.966756498,0.96922447,0.972255964,0.968229347,0.974984922,0.976713374,0.975977027,0.978989232,0.972878932,0.977680884,0.973938004,0.976791996,0.975208454,0.977166579,0.97661265,0.975927204,0.976169261,0.977029107,0.976297192,0.979845068,0.977717108,0.977438704,0.977543998,0.978208093,0.978214422,0.978241694,0.978286466,0.978341904,0.978408188,0.97848648,0.978576137,0.978673494,0.978773118,0.978873255,0.978971724,0.979067578,0.979163899,0.979264183,0.979366104,0.979467904,0.979567821,0.979665585,0.979760508,0.979851349,0.979936645,0.980015791,0.980090881,0.980164698,0.98023761,0.980309216,0.980379691,0.98044785,0.980513322,0.980576573,0.980637713,0.980697138
MEX,1,1,1,1,1,1,1,1,1,1,1,1,1,1,1,1,1,1,1,1,1,1,1,1,1,1,1,1,1,1,1,1,1,0.999999872,1,1,1,1,1,1,0.999999892,1,1,0.999999898,0.999999899,1,1,1,1,1,1,0.999999909,1,0.999999912,1,0.999999914,1,1,1,0.999999917,1
MHL,1,1,1,1,1,1,1,1,1,1,1,1,1,1,1,1,1,1,1,1,1,1,1,1,1,1,1,1,0.999981454,0.999981454,0.999981454,0.999981454,0.999981454,0.999981454,0.999981454,0.999981454,0.999981454,0.999981454,0.999981454,0.999981454,0.999981454,0.999981454,0.999981454,0.999981454,0.999981454,0.999981454,0.999981454,0.999981454,0.999981454,0.999981454,0.999981454,0.999981454,0.999981454,0.999981454,0.999981454,0.999981454,0.999981454,0.999981454,0.999981454,0.999981454,0.999981454
MKD,0.673667585,0.656643854,0.632197662,0.653737198,0.659697646,0.656358801,0.648078191,0.659346789,0.680416852,0.686294878,0.666509957,0.67362158,0.691148735,0.66543638,0.646137718,0.663070922,0.630900157,0.644100201,0.639517439,0.64303719,0.646150536,0.64928089,0.652118029,0.616788532,0.596879635,0.585719559,0.571663042,0.5860587,0.619484899,0.637317041,0.653863413,0.669938088,0.68640399,0.702865285,0.718972736,0.734445899,0.749189557,0.763171809,0.77626004,0.788342816,0.799321495,0.809667606,0.819796514,0.829560439,0.838841793,0.847536007,0.855647954,0.863152402,0.869929803,0.875872791,0.880879229,0.884826119,0.887790728,0.889991456,0.891627934,0.892901412,0.89398369,0.895068856,0.896379449,0.898130273,0.9
MLI,1,1,1,1,1,1,1,1,1,1,1,1,1,1,1,1,1,1,1,1,1,1,1,1,1,1,1,1,1,1,1,1,1,0.99999866,0.999998697,1,1,1,1,0.999998857,1,0.999998908,1,1,0.999998976,1,1,1,1,0.999999074,1,1,1,1,1,0.99999918,1,1,1,1,1
MLT,1,1,1,1,1,1,1,1,1,1,1,1,1,1,1,1,1,1,1,1,1,1,1,1,1,1,1,1,1,1,1,1,1,1,1,1,1,1,1,1,1,1,1,1,1,1,1,1,1,1,1,1,1,1,1,1,1,1,1,1,1
MMR,0.161861693,0.157586488,0.162730632,0.154970966,0.158239762,0.161935951,0.164627318,0.172943662,0.179361995,0.182192411,0.195691617,0.182066968,0.186526357,0.194539748,0.217035697,0.209359513,0.212355334,0.210582142,0.182193647,0.1803923,0.197664756,0.214310019,0.185977256,0.204833587,0.26092986,0.263952129,0.280334627,0.279734341,0.284266996,0.287117571,0.289568546,0.291928032,0.294422349,0.296793264,0.298800782,0.300217795,0.301464616,0.302669485,0.303214432,0.302523966,0.300025759,0.296612513,0.293352272,0.289907499,0.28594001,0.28110375,0.275643877,0.270047598,0.264316621,0.25844862,0.252439308,0.245825802,0.2383483,0.230312503,0.222045075,0.21390056,0.205549694,0.196499714,0.186892816,0.176884942,0.166651736
MNE,1,1,1,1,1,1,1,1,1,1,1,1,1,1,1,1,1,1,1,1,1,1,1,1,1,1,1,1,1,1,1,1,1,1,1,1,1,1,1,1,1,1,1,1,1,1,1,1,1,1,1,1,1,1,1,1,1,1,1,1,1
MNG,1,1,1,1,1,1,1,1,1,1,1,1,1,1,1,1,1,0.999858249,0.999580977,0.999176819,0.998360095,0.997610623,0.996787066,0.996770191,0.996894387,0.997399118,0.997431224,0.997364572,0.996791809,0.996707862,0.996610773,0.996494608,0.99636275,0.99621504,0.996057418,0.995890207,0.995716323,0.995541534,0.995360168,0.995179679,0.994998663,0.994818287,0.994639172,0.994456305,0.994274376,0.994092311,0.993911925,0.993732383,0.993554491,0.99337817,0.993205531,0.993031675,0.992858242,0.992685786,0.992512112,0.992337051,0.992161429,0.991982686,0.991802581,0.991620013,0.991436213
MOZ,0.23339354,0.234282334,0.236770514,0.242018647,0.243081267,0.248722723,0.272596765,0.298563358,0.27670583,0.292936735,0.319863559,0.277486333,0.267888914,0.27367212,0.290882686,0.284621974,0.304528015,0.303574403,0.293673448,0.328643505,0.31081911,0.343613774,0.353378538,0.352244952,0.41902107,0.440840306,0.460777368,0.461447457,0.392767822,0.392767822,0.392767822,0.392767822,0.392767822,0.392767822,0.392767822,0.392767822,0.392767822,0.392767822,0.392767822,0.392767822,0.392767822,0.392767822,0.392767822,0.392767822,0.392767822,0.392767822,0.392767822,0.392767822,0.392767822,0.392767822,0.392767822,0.392767822,0.392767822,0.392767822,0.392767822,0.392767822,0.392767822,0.392767822,0.392767822,0.392767822,0.392767822
MRT,1,1,1,1,1,1,0.999995297,0.999982696,0.999964361,0.999943404,0.999920162,0.99987665,0.999801296,0.999696538,0.999597869,0.999479715,0.999404183,0.999327261,0.999235809,0.999185309,0.999162188,0.999149517,0.999139418,0.999059228,0.999015393,0.999009966,0.998998274,0.998951528,0.998611907,0.998244323,0.997838758,0.997374158,0.996820014,0.99619195,0.99549491,0.994741971,0.993950393,0.993137381,0.992315618,0.991524672,0.990778994,0.99007425,0.989387052,0.9886874,0.988001306,0.987321627,0.986627675,0.985926437,0.98522085,0.984488421,0.983729992,0.982944129,0.982138193,0.981327018,0.980507919,0.979673938,0.97881603,0.977959786,0.977086037,0.976197382,0.975296905
MSR,0,0,0,0,0,0,0,0,0,0,0,0,0,0,0,0,0,0,0,0,0,0,0,0,0,0,0,0,0,0,0,0,0,0,0,0,0,0,0,0,0,0,0,0,0,0,0,0,0,0,0,0,0,0,0,0,0,0,0,0,0
MUS,0.701492857,0.709038697,0.728549806,0.738362464,0.72101791,0.747200334,0.693243643,0.639967187,0.607117842,0.585883473,0.56274439,0.553143968,0.573608166,0.586673386,0.584028954,0.602779403,0.582243368,0.58234929,0.582614047,0.577012244,0.587482899,0.58504733,0.586933807,0.588630863,0.578987961,0.582268746,0.581397633,0.580898922,0.561761218,0.542590903,0.52461733,0.506922848,0.488572968,0.47024013,0.452517677,0.435859886,0.420591173,0.406941892,0.395058452,0.385013411,0.376900587,0.37017407,0.364206068,0.358902272,0.35419031,0.34999413,0.346193854,0.342664192,0.339325277,0.336085647,0.332882813,0.329738361,0.326723635,0.323871458,0.321186956,0.318682061,0.316370562,0.314240436,0.312296735,0.310538614,0.30896138
MWI,1,1,1,1,1,1,1,1,1,1,1,1,1,1,1,1,1,1,1,1,1,1,1,1,1,1,1,1,1,0.99999197,1,1,1,1,1,1,1,1,1,1,0.999994413,1,1,1,0.999994978,1,1,1,1,1,1,1,1,1,1,0.999996295,1,1,1,0.999996711,1
MYS,0.998706811,0.998667784,0.998613242,0.99876245,0.998846115,0.99894942,0.999158336,0.999353182,0.999432837,0.997978642,0.998668451,0.997000606,0.996341996,0.997100229,0.996781305,0.996686194,0.99638926,0.996167816,0.995873298,0.996269554,0.996411676,0.995328509,0.995101442,0.995107577,0.994967193,0.994889868,0.99459643,0.994385084,0.993978641,0.993466398,0.992960354,0.992423347,0.991818343,0.991162696,0.990473037,0.989765332,0.989057018,0.98836522,0.987706771,0.987098807,0.986559714,0.986071547,0.985600117,0.985143083,0.984695139,0.984252609,0.983810626,0.983365105,0.982910665,0.982442236,0.981954396,0.981453672,0.980951205,0.980446732,0.979940325,0.979432198,0.978923852,0.978417428,0.977912779,0.977409613,0.976908202
NAM,1,1,1,1,1,1,1,1,1,1,1,1,1,1,1,1,1,1,1,1,1,1,1,1,1,1,1,1,1,1,1,0.999992832,0.999992956,1,1,1,1,0.999993644,0.999993772,1,1,1,1,1,0.999994396,1,1,1,1,1,1,0.999995008,1,1,1,1,1,1,1,0.999995655,0.99999573
NER,0.980426059,0.977910775,0.975438588,0.974870753,0.973575331,0.97327295,0.97299925,0.971693761,0.971415598,0.970642571,0.968346237,0.969167858,0.967911483,0.967595162,0.968741412,0.968199124,0.967713649,0.968441834,0.968301794,0.969362484,0.970330286,0.968156035,0.970701679,0.972353244,0.97335938,0.971752407,0.972525226,0.973126962,0.973276912,0.973506308,0.973771339,0.974072265,0.974386915,0.974705487,0.975020163,0.975324775,0.975616741,0.975894837,0.976156835,0.97640119,0.976626953,0.976833839,0.977026704,0.977211219,0.977391917,0.977572377,0.977752061,0.977929195,0.978104633,0.978279077,0.97845306,0.978626415,0.97879831,0.978968221,0.979135746,0.979300543,0.979463145,0.979623421,0.979780366,0.979933206,0.980081354
NGA,0.94607595,0.946416578,0.946459012,0.945956825,0.941421102,0.941367285,0.943828553,0.935947023,0.926068344,0.918299763,0.926187704,0.926752407,0.920359056,0.924644746,0.922126326,0.919759865,0.913223141,0.9074612,0.903445705,0.890302527,0.895719307,0.896219348,0.895112523,0.889586713,0.885545271,0.888390587,0.889896449,0.887677192,0.887113679,0.886392389,0.885666056,0.884925429,0.884183209,0.883452624,0.882744678,0.882068195,0.881428709,0.88083118,0.880280584,0.879780306,0.87933265,0.87893206,0.878564977,0.878222548,0.8778975,0.877583842,0.877282339,0.87699434,0.876716086,0.876444424,0.876176717,0.875915847,0.875663946,0.875418053,0.875175728,0.87493498,0.874696659,0.874462396,0.874231755,0.874004398,0.873780062
NIC,0.191988478,0.215322113,0.231381624,0.209919072,0.225554976,0.260183839,0.269832666,0.275339633,0.297169284,0.28389708,0.279323353,0.290520822,0.286183195,0.28480103,0.30422059,0.290902369,0.295144586,0.301057938,0.291862853,0.292078533,0.287396087,0.284994701,0.267445944,0.258448963,0.261826256,0.287751333,0.296898382,0.299593977,0.283299175,0.284634773,0.286142014,0.287942511,0.290011117,0.292203454,0.294401212,0.296511303,0.298545194,0.300514802,0.302355098,0.30401596,0.305458548,0.306731848,0.307916495,0.309025018,0.310067492,0.311052561,0.311979705,0.312839165,0.313623582,0.314326767,0.314943351,0.315498709,0.316022426,0.316514601,0.316975314,0.317404776,0.317803938,0.318173964,0.318514672,0.318826447,0.319108847
NIU,0.761838482,0.760055883,0.759190512,0.759357225,0.75465297,0.758079936,0.761212441,0.764348726,0.767473674,0.770637373,0.773690408,0.774238139,0.779386039,0.784237657,0.788928542,0.785846419,0.816031667,0.838458577,0.757215445,0.762014036,0.76397249,0.865038512,0.86190812,0.861996619,0.903147006,0.906570858,0.916441502,0.918392537,0.899998882,0.899998882,0.899998882,0.899998882,0.899998882,0.899998882,0.899998882,0.899998882,0.899998882,0.899998882,0.899998882,0.899998882,0.899998882,0.899998882,0.899998882,0.899998882,0.899998882,0.899998882,0.899998882,0.899998882,0.899998882,0.899998882,0.899998882,0.899998882,0.899998882,0.899998882,0.899998882,0.899998882,0.899998882,0.899998882,0.899998882,0.899998882,0.899998882
NLD,1,1,1,1,1,1,1,1,1,1,1,1,1,1,1,1,1,1,1,1,1,1,1,1,1,1,1,1,1,1,1,1,1,1,1,1,1,1,1,1,1,1,1,1,1,1,1,1,1,1,1,1,1,1,1,1,1,1,1,1,1
NOR,1,1,1,1,1,1,1,1,1,1,1,1,1,1,1,1,1,1,1,1,1,1,1,1,1,1,1,1,1,1,1,1,1,1,1,1,1,1,1,1,1,1,1,1,1,1,1,1,1,1,1,1,1,1,1,1,1,1,1,1,1
NPL,1,1,1,1,1,1,1,1,1,1,1,1,1,1,1,1,1,1,1,1,1,1,1,1,1,1,1,1,1,1,1,1,1,1,1,0.99999773,1,1,1,1,1,1,1,1,0.999997989,1,1,1,1,1,1,1,1,1,1,1,1,1,0.999998303,1,1
NRU,0.77234899,0.766052944,0.755477006,0.738467906,0.729850848,0.719494363,0.706956892,0.699928867,0.682345066,0.652461417,0.618638887,0.709749208,0.763497534,0.800136745,0.797234692,0.78186302,0.711502467,0.692374912,0.765614431,0.813338459,0.846915457,0.834918644,0.834344916,0.836014259,0.846774466,0.852591325,0.867909728,0.871470117,0.854347469,0.854347469,0.854347469,0.854347469,0.854347469,0.854347469,0.854347469,0.854347469,0.854347469,0.854347469,0.854347469,0.854347469,0.854347469,0.854347469,0.854347469,0.854347469,0.854347469,0.854347469,0.854347469,0.854347469,0.854347469,0.854347469,0.854347469,0.854347469,0.854347469,0.854347469,0.854347469,0.854347469,0.854347469,0.854347469,0.854347469,0.854347469,0.854347469
NZL,1,1,1,1,1,1,1,1,1,1,1,1,1,1,1,1,1,1,1,1,1,1,1,1,1,1,1,1,1,1,1,1,1,1,1,1,1,1,1,1,1,1,1,1,1,1,1,1,1,1,1,1,1,1,1,1,1,1,1,1,1
OMN,0.982533686,0.980214567,0.979006317,0.978563383,0.975272297,0.975523949,0.97435467,0.974666149,0.971360078,0.97298833,0.9742485,0.973821751,0.97712795,0.980113268,0.977840235,0.97734938,0.980121528,0.980385455,0.979861913,0.978897408,0.980176745,0.98129734,0.98176262,0.979426141,0.979026317,0.979268457,0.979066909,0.978626354,0.978072215,0.978048562,0.977996816,0.977914747,0.977812724,0.977697492,0.977575089,0.977450719,0.977328656,0.977212193,0.977104072,0.977006603,0.976921793,0.976844194,0.976769628,0.976701246,0.976641604,0.976592794,0.976552103,0.976516617,0.976487693,0.97646654,0.976454275,0.976450023,0.976451852,0.976459353,0.976472206,0.976490168,0.976514911,0.976545373,0.976577357,0.976606753,0.976629524
PAK,0.998295769,0.998450816,0.998700129,0.999039512,0.999307578,0.999515113,0.999542731,0.999566405,0.999604936,0.999590665,0.999584988,0.99949791,0.999408724,0.999338303,0.999268944,0.999183515,0.999183494,0.999185858,0.9999852,0.999985132,0.999985341,0.999648953,0.999653236,0.999666405,0.999674568,0.999687042,0.999705489,0.999720679,0.99943816,0.99913213,0.998803016,0.998446155,0.998051689,0.997619895,0.997153399,0.996656885,0.996137861,0.995604784,0.99506772,0.994538301,0.994029378,0.993537353,0.99304868,0.992563545,0.992080844,0.991599031,0.991116233,0.990630522,0.990138949,0.98963902,0.989126637,0.988605188,0.988080801,0.987553545,0.987023275,0.98648967,0.985954481,0.985419005,0.984883498,0.984347531,0.983811603
PAN,0.394774963,0.43376123,0.498126058,0.456789799,0.47981194,0.37974039,0.491711829,0.553026301,0.558512664,0.548233665,0.545978125,0.580333425,0.536939275,0.544413634,0.524129737,0.561270552,0.5785771,0.578000524,0.543932835,0.58962021,0.609522511,0.621219138,0.602675882,0.615109973,0.576002106,0.636166017,0.646255241,0.644955875,0.642471686,0.656365578,0.669360767,0.681777386,0.693615937,0.704784829,0.715219007,0.724880235,0.733794022,0.742004937,0.749522831,0.756361432,0.762536073,0.76818644,0.77346627,0.778405289,0.783030639,0.787365445,0.791415605,0.795188733,0.798701339,0.801968366,0.805001521,0.807855789,0.810576242,0.813161305,0.815611241,0.817926302,0.820119329,0.82220325,0.824176439,0.826038643,0.827789464
PCN,0,0,0,0,0,0,0,0,0,0,0,0,0,0,0,0,0,0,0,0,0,0,0,0,0,0,0,0,0,0,0,0,0,0,0,0,0,0,0,0,0,0,0,0,0,0,0,0,0,0,0,0,0,0,0,0,0,0,0,0,0
PER,0.999997523,0.999992944,0.999984592,0.999943904,0.999834341,0.999625074,0.999429224,0.999204294,0.9989263,0.998627964,0.998315974,0.997843143,0.997193884,0.996547963,0.996112254,0.995416466,0.994681842,0.994453041,0.993636653,0.993903226,0.993835469,0.993160851,0.993015862,0.992720466,0.992583094,0.992578058,0.99246092,0.991886803,0.990994227,0.990066855,0.989191157,0.988307685,0.987363197,0.986387113,0.985410204,0.984463961,0.983572745,0.98276277,0.982055032,0.981467716,0.981018312,0.980676159,0.980396393,0.980169972,0.979988728,0.979846237,0.979729857,0.97963271,0.979544342,0.97945647,0.9793608,0.979266442,0.979186993,0.979122701,0.979072448,0.979036086,0.979015882,0.979012479,0.979024689,0.979051839,0.979093381
PHL,0.576795604,0.584251865,0.610249852,0.604236121,0.604856826,0.615434648,0.605796258,0.628416818,0.655676914,0.620480242,0.629993336,0.624713635,0.631357953,0.628717557,0.627858791,0.634905798,0.620849932,0.6244358,0.637151632,0.632434023,0.653123604,0.654897581,0.662381411,0.674100883,0.684128829,0.703601732,0.718992177,0.720307951,0.711680883,0.713546285,0.715676241,0.718001558,0.720465143,0.723109516,0.725952602,0.728994834,0.732111884,0.735131467,0.737975478,0.740570945,0.742848789,0.74486135,0.746777645,0.748695477,0.750699776,0.752864624,0.755110024,0.757311872,0.759468405,0.761576216,0.763630707,0.765676429,0.767781028,0.769969535,0.772262842,0.774677711,0.777156226,0.779636788,0.782127172,0.784633478,0.787160584
PLW,0.991534856,0.990940923,0.990168046,0.989943117,0.989640324,0.99035871,0.986898803,0.988370824,0.98865349,0.988127006,0.989171896,0.98959804,0.990558853,0.990640297,0.990788016,0.990571773,0.99013735,0.990271562,0.989623252,0.989200319,0.989479578,0.989386793,0.989323453,0.989884362,0.990023624,0.990455478,0.991588277,0.991839855,0.990565133,0.990565133,0.990565133,0.990565133,0.990565133,0.990565133,0.990565133,0.990565133,0.990565133,0.990565133,0.990565133,0.990565133,0.990565133,0.990565133,0.990565133,0.990565133,0.990565133,0.990565133,0.990565133,0.990565133,0.990565133,0.990565133,0.990565133,0.990565133,0.990565133,0.990565133,0.990565133,0.990565133,0.990565133,0.990565133,0.990565133,0.990565133,0.990565133
PNG,0.289843237,0.281096305,0.277880923,0.269661597,0.286056537,0.267624471,0.282586056,0.308378992,0.32314734,0.301997829,0.320550631,0.352503328,0.360696682,0.387947327,0.407416179,0.399392929,0.387084644,0.464238873,0.403631147,0.424292977,0.402849679,0.428981835,0.415613552,0.456778741,0.45735842,0.464274644,0.495456386,0.497223271,0.473388893,0.472433446,0.47319791,0.475488867,0.478415341,0.481920834,0.485938873,0.490390513,0.495172787,0.500075198,0.504884733,0.509429785,0.513563982,0.517372487,0.521073148,0.524740402,0.528430914,0.532189168,0.535931254,0.539559596,0.543087302,0.546520643,0.549864325,0.553171739,0.556506103,0.559882489,0.563310543,0.566801413,0.570301285,0.573751927,0.577148704,0.580488445,0.583768492
POL,1,1,1,1,1,1,1,1,1,1,1,1,1,1,1,1,1,1,1,1,1,1,1,1,1,1,1,1,1,1,1,1,1,1,1,1,1,1,1,1,1,1,1,1,1,1,1,1,1,1,1,1,1,1,1,1,1,1,1,1,1
PRK,1,1,1,1,1,1,1,1,1,1,1,1,1,1,1,1,1,1,1,1,1,1,1,1,1,1,1,1,1,1,1,1,1,1,1,1,1,1,1,1,1,1,1,1,1,1,1,1,1,1,1,1,1,1,1,1,1,1,1,1,1
PRT,1,1,1,1,1,1,1,1,1,1,1,1,1,1,1,1,1,1,1,1,1,1,1,1,1,1,1,1,1,1,1,1,1,1,1,1,1,1,1,1,1,1,1,1,1,1,1,1,1,1,1,1,1,1,1,1,1,1,1,1,1
PRY,1,1,1,1,1,1,1,1,1,1,1,1,1,1,1,1,1,1,1,1,1,1,1,1,1,1,1,1,1,1,1,1,1,1,1,1,1,1,1,1,1,1,1,1,1,1,1,1,1,1,1,1,1,1,1,1,1,1,1,1,1
QAT,0.99100995,0.992076697,0.993246756,0.99320572,0.992034655,0.991718545,0.992591144,0.993925385,0.993246696,0.99330791,0.993661053,0.994976628,0.994501337,0.994636397,0.990751428,0.995020235,0.995784066,0.991050414,0.995041065,0.992853885,0.991352074,0.990081639,0.992627199,0.991327739,0.992504206,0.992405725,0.993560779,0.99329764,0.993918797,0.993975196,0.994042297,0.994120956,0.994201103,0.994280147,0.99435585,0.994426322,0.994489144,0.994542977,0.994587738,0.994623277,0.994649361,0.994668706,0.994683575,0.994693046,0.994696267,0.994692412,0.994682305,0.994667695,0.994649051,0.994626747,0.994601083,0.994572056,0.994539791,0.994504668,0.994467018,0.99442713,0.994384875,0.99434052,0.994294924,0.994248975,0.994203583
ROU,1,1,1,1,1,1,1,1,1,1,1,1,1,1,1,1,1,1,1,1,1,1,1,1,1,1,1,1,1,1,1,1,1,1,1,1,1,1,1,1,1,1,1,1,1,1,1,1,1,1,1,1,1,1,1,1,1,1,1,1,1
RUS,1,1,1,1,1,1,1,1,1,1,1,1,1,1,1,1,1,1,1,1,1,1,1,1,1,1,1,1,1,1,1,1,1,1,1,1,1,1,1,1,1,1,1,1,1,1,1,1,1,1,1,1,1,1,1,1,1,1,1,1,1
RWA,0.545437499,0.528340383,0.533888416,0.537384224,0.542953594,0.609922947,0.598849779,0.61304723,0.602585395,0.594270032,0.581693272,0.567511189,0.561455078,0.537691306,0.537210841,0.528748792,0.512879558,0.505278171,0.495692265,0.498637602,0.490183479,0.516520638,0.522818036,0.526353416,0.539198226,0.512596161,0.529274197,0.53509603,0.528808777,0.532197207,0.535574222,0.538998001,0.542414113,0.545742403,0.548919816,0.551900077,0.554671111,0.557229288,0.559557355,0.561644098,0.56348072,0.565092697,0.56654577,0.567887124,0.569155477,0.570383132,0.571568928,0.572703158,0.573799365,0.574868355,0.575920151,0.576947161,0.577940395,0.578905197,0.579845883,0.580766304,0.581663665,0.582534827,0.583382606,0.584209257,0.585016877
SAU,0.891824287,0.913459754,0.907367368,0.910691898,0.915530358,0.899604308,0.902077872,0.889311244,0.884059245,0.887095791,0.900495199,0.888671153,0.889658368,0.887293384,0.898759216,0.898475654,0.90293922,0.884241638,0.885542951,0.885806762,0.88996337,0.879605355,0.88404143,0.871638091,0.877668143,0.878155188,0.878995846,0.883766321,0.878079181,0.877957674,0.877797211,0.877598987,0.877381025,0.87714883,0.876907538,0.87666177,0.876414263,0.876171896,0.875943197,0.875734533,0.875550607,0.875386349,0.87523309,0.875089351,0.874953856,0.874825499,0.874702768,0.874585417,0.874474159,0.874369487,0.874271723,0.874180643,0.874095682,0.87401656,0.873942997,0.873874724,0.873811429,0.873752305,0.873696451,0.873643067,0.873591446
SDN,0.205098574,0.194744118,0.172527127,0.145309439,0.164715905,0.161524496,0.158900658,0.165958605,0.153501985,0.155667604,0.160735665,0.167231023,0.184803299,0.185473558,0.20456565,0.196472713,0.205840078,0.217784473,0.219810125,0.223529015,0.223503545,0.218564253,0.205806669,0.218956884,0.219119746,0.222533163,0.218112832,0.222439221,0.223429831,0.225307662,0.226689192,0.227683146,0.228551022,0.229343292,0.230096391,0.230836796,0.231545549,0.232192178,0.232779086,0.23330765,0.233778424,0.234189241,0.23455268,0.234888565,0.235213978,0.235543732,0.235875143,0.236199649,0.236521287,0.236843495,0.237169296,0.237496321,0.237820554,0.238142169,0.238461306,0.23877814,0.239091096,0.239398409,0.239700076,0.239996075,0.240286392
SEN,1,1,1,1,1,1,1,1,1,1,1,1,1,1,1,1,1,1,1,1,1,1,1,1,1,1,1,1,1,1,1,1,1,1,0.999996601,0.999996695,1,1,0.99999694,1,1,0.999997118,1,1,1,0.999997292,1,1,1,0.99999746,1,1,1,1,0.999997669,1,1,1,1,0.999997872,1
SGP,1,1,1,1,1,1,1,1,1,1,1,1,1,1,1,1,1,1,1,1,1,1,1,1,1,1,1,1,1,1,1,1,1,1,1,1,1,1,1,1,1,1,1,1,1,1,1,1,1,1,1,1,1,1,1,1,1,1,1,1,1
SGS,0,0,0,0,0,0,0,0,0,0,0,0,0,0,0,0,0,0,0,0,0,0,0,0,0,0,0,0,0,0,0,0,0,0,0,0,0,0,0,0,0,0,0,0,0,0,0,0,0,0,0,0,0,0,0,0,0,0,0,0,0
SHN,0,0,0,0,0,0,0,0,0,0,0,0,0,0,0,0,0,0,0,0,0,0,0,0,0,0,0,0,0,0,0,0,0,0,0,0,0,0,0,0,0,0,0,0,0,0,0,0,0,0,0,0,0,0,0,0,0,0,0,0,0
SLB,0.578214705,0.571281451,0.562597422,0.557345818,0.551267087,0.543971333,0.536146792,0.53267773,0.532327346,0.537171611,0.518184366,0.531634746,0.52029229,0.516963703,0.504417601,0.507862855,0.505025926,0.512903226,0.515007654,0.519826928,0.519929993,0.515612781,0.510824975,0.507094087,0.501161391,0.506791335,0.533455252,0.535791784,0.527015022,0.5271286,0.527853652,0.529178714,0.530853909,0.532774995,0.534844678,0.536984498,0.539138596,0.541271206,0.54333752,0.545297591,0.547121324,0.548844731,0.550539628,0.552217764,0.55388768,0.55555982,0.557194415,0.558762981,0.560270784,0.561723978,0.563126787,0.564499738,0.565873296,0.567255998,0.568658526,0.570086431,0.571518236,0.572929994,0.574323005,0.575698372,0.577057023
SLE,0.999999615,0.999998999,0.999998504,0.99999416,0.99998778,0.999978579,0.999965985,0.999975254,0.999971702,0.999971362,0.999977027,0.999907644,0.999736389,0.999531021,0.999273972,0.998914352,0.999007856,0.99868767,0.998450274,0.998352531,0.998256223,0.998421273,0.99846836,0.998404122,0.998307832,0.998143768,0.998220139,0.998050053,0.997581243,0.996983525,0.996303495,0.995546045,0.994665079,0.993671186,0.992561019,0.99139659,0.990181219,0.988939262,0.987728905,0.986569825,0.985518163,0.984530845,0.983579033,0.982667023,0.981753164,0.98085548,0.979954014,0.979071753,0.978167562,0.977255497,0.976298114,0.975321671,0.974340864,0.973350233,0.972352307,0.971334479,0.970321857,0.969297473,0.968253849,0.967212993,0.966159052
SLV,0.363157464,0.40913044,0.434329139,0.448036869,0.492220511,0.530633958,0.477181504,0.512303332,0.549013338,0.540438352,0.55132874,0.536978331,0.531999943,0.557313194,0.546305722,0.547661397,0.550775057,0.545135958,0.524828347,0.528157199,0.526073975,0.545584272,0.532985746,0.551603766,0.552362327,0.60791575,0.624846954,0.615950826,0.572474787,0.580255526,0.587226177,0.593858922,0.600761826,0.607709131,0.614516827,0.621014536,0.627192986,0.632935593,0.637963472,0.642023182,0.644887849,0.646795241,0.648225485,0.649301091,0.650124802,0.650808799,0.651336251,0.651617627,0.651614604,0.651296889,0.650629653,0.64973775,0.64875324,0.6476379,0.646355622,0.644869127,0.643243423,0.641523012,0.639635453,0.637518455,0.63509702
SMR,1,1,1,1,1,1,1,1,1,1,1,1,1,1,1,1,1,1,1,1,1,1,1,1,1,1,1,1,1,1,1,1,1,1,1,1,1,1,1,1,1,1,1,1,1,1,1,1,1,1,1,1,1,1,1,1,1,1,1,1,1
SOM,0.996351524,0.996473658,0.99566614,0.996009273,0.996100965,0.996219754,0.996546954,0.996377337,0.996255193,0.996060544,0.995895098,0.995783831,0.995748258,0.995635248,0.99576684,0.995770263,0.995460999,0.995134998,0.994978461,0.994875926,0.994781772,0.994704049,0.994789793,0.994632777,0.994550738,0.994489473,0.994308246,0.994225546,0.994635356,0.994499207,0.994352364,0.994180862,0.99397685,0.993761599,0.993551455,0.993358742,0.993177829,0.993003994,0.992846411,0.992712055,0.992606493,0.992529967,0.992472326,0.992424152,0.992377226,0.992324319,0.992266665,0.992208903,0.9921498,0.992088193,0.992023187,0.991955704,0.991886991,0.991816593,0.991744233,0.991669589,0.991592654,0.991514444,0.991436284,0.991359286,0.991284401
SRB,1,1,1,1,1,1,1,1,1,1,1,1,1,1,1,1,1,1,1,1,1,1,1,1,1,1,1,1,1,1,0.999998672,1,0.999998713,1,0.999998758,1,1,1,1,0.999998846,1,1,1,1,1,1,0.999998893,1,0.999998902,1,1,1,1,1,1,1,1,1,1,1,1
SSD,0.012128077,0.01119372,0.009519122,0.006288041,0.008794706,0.008686993,0.009145366,0.011074131,0.009051286,0.009733162,0.010387728,0.013276062,0.014252543,0.016496753,0.021418458,0.019943488,0.024573274,0.025540936,0.027161127,0.027634817,0.030579999,0.026854202,0.026343338,0.029437893,0.02980176,0.030478633,0.029630472,0.03224387,0.028534086,0.029128134,0.029566713,0.029882242,0.030154964,0.030402177,0.030636581,0.030867538,0.031089689,0.03129398,0.031481855,0.031654357,0.031812136,0.031954347,0.032083565,0.032204916,0.03232284,0.032441176,0.032559363,0.032675239,0.032789815,0.032903985,0.033018463,0.033132943,0.033246479,0.033358866,0.033469925,0.033579521,0.033686971,0.033791747,0.033893839,0.033993258,0.034090004
STP,1,1,1,1,1,1,1,1,1,1,1,1,1,1,1,1,1,1,1,1,1,1,1,1,1,1,1,1,0.999995204,0.999995204,0.999995204,0.999995204,0.999995204,0.999995204,0.999995204,0.999995204,0.999995204,0.999995204,0.999995204,0.999995204,0.999995204,0.999995204,0.999995204,0.999995204,0.999995204,0.999995204,0.999995204,0.999995204,0.999995204,0.999995204,0.999995204,0.999995204,0.999995204,0.999995204,0.999995204,0.999995204,0.999995204,0.999995204,0.999995204,0.999995204,0.999995204
SUR,0.590632263,0.615668213,0.599036037,0.615858141,0.620854048,0.616232284,0.607480848,0.620044951,0.629032368,0.689246758,0.72060922,0.732799759,0.688234874,0.662187257,0.656504832,0.68209324,0.691973758,0.704089088,0.704512523,0.695529393,0.732795712,0.6824564,0.714045517,0.676596351,0.672350598,0.710175769,0.71578659,0.71896388,0.741268916,0.747958264,0.754284296,0.760459432,0.766613341,0.772627745,0.778407189,0.783880008,0.789038468,0.793886243,0.79838359,0.802502012,0.806226593,0.809646378,0.812873555,0.815918526,0.818790918,0.821499631,0.824042278,0.82642352,0.828643863,0.830711704,0.832630885,0.834447997,0.83619392,0.837857261,0.839426366,0.840890899,0.842261948,0.843552602,0.84476428,0.845899728,0.84696143
SVK,1,1,1,1,1,1,1,1,1,1,1,1,1,1,1,1,1,1,1,1,1,1,1,1,1,1,1,1,1,1,1,1,1,1,1,1,1,1,1,1,1,1,1,1,1,1,1,1,1,1,1,1,1,1,1,1,1,1,1,1,1
SVN,1,1,1,1,1,1,1,1,1,1,1,1,1,1,1,1,1,1,1,1,1,1,1,1,1,1,1,1,1,1,1,1,1,1,1,1,1,1,1,1,1,1,1,1,1,1,1,1,1,1,1,1,1,1,1,1,1,1,1,1,1
SWE,1,1,1,1,1,1,1,1,1,1,1,1,1,1,1,1,1,1,1,1,1,1,1,1,1,1,1,1,1,1,1,1,1,1,1,1,1,1,1,1,1,1,1,1,1,1,1,1,1,1,1,1,1,1,1,1,1,1,1,1,1
SWZ,0.254509539,0.20610358,0.176868973,0.13235115,0.277864338,0.264401724,0.217522566,0.463002498,0.474336207,0.477268559,0.479125592,0.483088283,0.472502821,0.447159182,0.449057732,0.44123431,0.459031815,0.459045041,0.47427452,0.480079925,0.492333114,0.495397564,0.524304042,0.495651891,0.52211776,0.538571778,0.551272544,0.56191593,0.515801054,0.506193763,0.499110288,0.495607887,0.495607887,0.498120629,0.502109716,0.506652312,0.511391116,0.516432601,0.521507618,0.52631857,0.530630763,0.534397823,0.537987384,0.541576988,0.545378095,0.549528174,0.553990817,0.558649041,0.563531612,0.56866432,0.574069799,0.579710949,0.585478365,0.591342602,0.597240729,0.603166446,0.609063126,0.614961291,0.620856423,0.626744208,0.632620542
SXM,0,0,0,0,0,0,0,0,0,0,0,0,0,0,0,0,0,0,0,0,0,0,0,0,0,0,0,0,0,0,0,0,0,0,0,0,0,0,0,0,0,0,0,0,0,0,0,0,0,0,0,0,0,0,0,0,0,0,0,0,0
SYC,0.908932809,0.91016418,0.91535222,0.917519,0.949305658,0.945431569,0.953722565,0.962152593,0.971046667,0.974762018,0.974373605,0.979106197,0.972479471,0.971846321,0.981553088,0.98054884,0.981480306,0.977809684,0.979568641,0.974537438,0.970735846,0.962306746,0.970278373,0.967639589,0.971541491,0.96765248,0.966468736,0.964815796,0.968150173,0.968150173,0.968150173,0.968150173,0.968150173,0.968150173,0.968150173,0.968150173,0.968150173,0.968150173,0.968150173,0.968150173,0.968150173,0.968150173,0.968150173,0.968150173,0.968150173,0.968150173,0.968150173,0.968150173,0.968150173,0.968150173,0.968150173,0.968150173,0.968150173,0.968150173,0.968150173,0.968150173,0.968150173,0.968150173,0.968150173,0.968150173,0.968150173
SYR,1,1,1,1,1,1,1,1,1,1,1,1,1,1,1,1,1,1,1,1,1,1,1,1,1,1,1,1,0.99999806,1,1,1,1,1,1,1,1,0.999998617,0.999998656,1,1,0.999998746,0.999998769,1,1,1,1,1,1,0.999998898,0.999998914,1,0.999998945,1,1,1,1,1,1,0.999999046,1
TCA,0,0,0,0,0,0,0,0,0,0,0,0,0,0,0,0,0,0,0,0,0,0,0,0,0,0,0,0,0,0,0,0,0,0,0,0,0,0,0,0,0,0,0,0,0,0,0,0,0,0,0,0,0,0,0,0,0,0,0,0,0
TCD,0.996004463,0.995948148,0.99584416,0.995850276,0.99543386,0.995476539,0.99551456,0.995375194,0.995231841,0.995305075,0.995548772,0.995039019,0.995452594,0.995473608,0.995629855,0.995676767,0.995495333,0.995628689,0.995504982,0.995173388,0.995426415,0.993414017,0.993633669,0.992885743,0.992380312,0.996944556,0.997126851,0.997254509,0.997107539,0.997083404,0.997073117,0.997078571,0.997094718,0.997117965,0.997145154,0.99717363,0.997203289,0.997234596,0.997266278,0.9972973,0.997326821,0.997354834,0.997382075,0.997408925,0.997435707,0.997462687,0.997490081,0.99751775,0.997545444,0.99757297,0.997600185,0.997627178,0.997653998,0.997680499,0.997706569,0.997732119,0.997757228,0.997781857,0.997805793,0.997828863,0.997850928
TGO,0.913181111,0.909616569,0.91221369,0.922714328,0.929255655,0.908356291,0.91624643,0.96420457,0.921070933,0.900166334,0.931189756,0.922193132,0.913441522,0.887704187,0.888952134,0.883957861,0.891117207,0.900288673,0.917697015,0.923605394,0.926518915,0.91498015,0.924382536,0.931025445,0.939813981,0.914969406,0.91448402,0.914721643,0.918619428,0.918050379,0.917437999,0.916763853,0.916052625,0.915341744,0.914660721,0.914033338,0.913465288,0.912951469,0.912495358,0.912100147,0.911768644,0.911504186,0.911289202,0.911099669,0.910914329,0.910714799,0.910504939,0.910297042,0.910086267,0.909869096,0.909641838,0.909407479,0.909170194,0.908929734,0.908686017,0.908438603,0.908187985,0.907935744,0.907683947,0.907434501,0.907188808
THA,1,1,1,1,1,1,1,1,1,1,1,1,1,1,1,1,1,1,1,1,1,1,1,1,1,1,1,1,1,1,1,1,1,1,1,1,1,0.999999814,1,0.99999982,1,0.999999826,1,1,1,1,1,1,1,1,1,0.999999846,0.999999848,1,1,1,1,1,1,1,0.999999858
TJK,0.852738417,0.811684479,0.793313645,0.837821756,0.790445246,0.766214832,0.766351813,0.780216278,0.782775434,0.805154992,0.818083425,0.846154598,0.882683432,0.882496465,0.886512778,0.877405196,0.881145463,0.866890732,0.877805204,0.880108956,0.88026081,0.907056649,0.91515738,0.924058922,0.930477084,0.928532393,0.928637271,0.928807376,0.925747679,0.930518006,0.934675004,0.938460534,0.942078262,0.945477697,0.948623317,0.951484812,0.95410221,0.956474946,0.958539133,0.960241611,0.961537448,0.962485981,0.963256949,0.963957626,0.964680089,0.965503146,0.966394834,0.967292943,0.968223713,0.969208124,0.970265142,0.971379869,0.972525463,0.973700548,0.974902342,0.976128376,0.977357984,0.978562118,0.979723654,0.980829099,0.9818652
TKL,0,0,0,0,0,0,0,0,0,0,0,0,0,0,0,0,0,0,0,0,0,0,0,0,0,0,0,0,0,0,0,0,0,0,0,0,0,0,0,0,0,0,0,0,0,0,0,0,0,0,0,0,0,0,0,0,0,0,0,0,0
TKM,0.999999484,0.999998753,0.999995746,0.999984833,0.999970981,0.999947241,0.99993068,0.999910042,0.999879545,0.999844658,0.999785368,0.999626881,0.999447136,0.999255031,0.999046367,0.99890221,0.998752136,0.998601272,0.998498102,0.997893749,0.997897767,0.998137615,0.998115955,0.998045108,0.997961978,0.998022643,0.997894111,0.997840194,0.997801099,0.997726909,0.997639587,0.997539109,0.997425795,0.997300324,0.997165505,0.997023282,0.99687441,0.996719444,0.996560156,0.996397688,0.996232639,0.996065022,0.995894213,0.995721377,0.99554657,0.995370689,0.995193217,0.995015199,0.994837831,0.994660303,0.994485061,0.994308671,0.994130589,0.993951436,0.993770139,0.993586824,0.99340211,0.99321379,0.993021721,0.992826705,0.992628557
TLS,1,1,1,1,1,1,1,1,1,1,1,1,1,1,1,1,1,1,1,1,1,1,1,1,1,1,1,1,1,1,0.9999974,0.999982308,1,0.999997611,0.999997676,0.999988692,1,0.99999571,1,1,0.999993985,1,1,1,0.999992501,0.999994468,1,1,1,0.999991344,0.999989761,0.999994952,0.999995022,0.999996728,0.999990319,1,1,1,1,1,1
TON,0.954426512,0.95547898,0.94487312,0.948182945,0.948309716,0.953562303,0.924840147,0.941160232,0.939570239,0.942124534,0.944436767,0.944918388,0.956443285,0.963452961,0.960678213,0.958863898,0.95881421,0.95775389,0.958159209,0.964306932,0.961849075,0.956143476,0.959860054,0.964276016,0.963297527,0.964935504,0.967980611,0.969163927,0.964468196,0.964468196,0.964468196,0.964468196,0.964468196,0.964468196,0.964468196,0.964468196,0.964468196,0.964468196,0.964468196,0.964468196,0.964468196,0.964468196,0.964468196,0.964468196,0.964468196,0.964468196,0.964468196,0.964468196,0.964468196,0.964468196,0.964468196,0.964468196,0.964468196,0.964468196,0.964468196,0.964468196,0.964468196,0.964468196,0.964468196,0.964468196,0.964468196
TTO,0.969558658,0.9691358,0.971779251,0.971387556,0.967255807,0.965179404,0.966407703,0.96384546,0.962091985,0.965382984,0.966082092,0.968047349,0.968401399,0.971671534,0.969323761,0.967838337,0.968300113,0.969590711,0.969703323,0.969491246,0.970000082,0.969265358,0.969953301,0.967726482,0.967120797,0.966272573,0.965325908,0.964186741,0.964792451,0.964392413,0.96405489,0.963749458,0.963422259,0.963086936,0.962755576,0.962438808,0.962144008,0.961878161,0.961649601,0.961466056,0.961334811,0.96123492,0.961147697,0.96108298,0.961050078,0.961057882,0.96109903,0.961167162,0.961272218,0.96142402,0.961632721,0.961878982,0.96214297,0.962434307,0.962762792,0.963138593,0.963553625,0.963990953,0.96444764,0.9649207,0.965406833
TUN,1,1,1,1,1,1,1,1,1,1,1,1,1,1,1,1,1,1,1,1,1,1,1,1,1,1,1,1,0.999746147,0.99941413,0.99901257,0.998529941,0.997944495,0.997262677,0.996477326,0.995607476,0.994660907,0.993660123,0.992629406,0.991592868,0.990584522,0.989606274,0.988626208,0.987647715,0.986667768,0.985689448,0.984707517,0.983716826,0.982710397,0.981681591,0.980625417,0.979541196,0.978441828,0.977332853,0.976211521,0.975081701,0.973941762,0.972798611,0.971650714,0.970496844,0.969342562
TUR,1,1,1,1,1,1,1,1,1,1,1,1,1,1,1,1,1,1,1,1,1,1,1,1,1,1,1,1,1,1,1,1,1,1,1,1,1,1,1,1,1,1,1,1,1,1,1,1,1,1,1,1,1,1,1,1,1,1,1,1,1
TUV,0.465271591,0.443644158,0.44045051,0.443947024,0.440514294,0.439158288,0.437995314,0.434316273,0.433301113,0.429575302,0.429346012,0.427878975,0.522657157,0.521033941,0.519427713,0.517828586,0.415400507,0.51233009,0.509422935,0.505899187,0.404443534,0.401469692,0.498648789,0.497143848,0.494358427,0.503480574,0.53334581,0.538936454,0.511467679,0.511467679,0.511467679,0.511467679,0.511467679,0.511467679,0.511467679,0.511467679,0.511467679,0.511467679,0.511467679,0.511467679,0.511467679,0.511467679,0.511467679,0.511467679,0.511467679,0.511467679,0.511467679,0.511467679,0.511467679,0.511467679,0.511467679,0.511467679,0.511467679,0.511467679,0.511467679,0.511467679,0.511467679,0.511467679,0.511467679,0.511467679,0.511467679
TWN,0,0,0,0,0,0,0,0,0,0,0,0,0,0,0,0,0,0,0,0,0,0,0,0,0,0,0,0,0,0,0,0,0,0,0,0,0,0,0,0,0,0,0,0,0,0,0,0,0,0,0,0,0,0,0,0,0,0,0,0,0
TZA,1,1,1,1,1,1,1,1,1,1,1,1,1,1,1,1,1,1,1,1,1,1,1,1,1,1,1,1,0.999998943,1,0.999999004,1,1,0.999999102,1,1,1,1,1,1,1,1,1,1,1,1,0.999999377,1,0.999999404,1,1,1,1,1,1,0.999999492,1,1,1,1,0.999999548
UGA,0.857177627,0.856899675,0.855493121,0.854387312,0.848155934,0.84749269,0.844229547,0.846830882,0.851153437,0.843335728,0.842219079,0.842891789,0.842125859,0.84987243,0.847197996,0.857110782,0.84116322,0.854308843,0.873208768,0.86888959,0.872499705,0.868272884,0.869792684,0.871597405,0.871003805,0.871989544,0.876206921,0.876000141,0.876577247,0.877445033,0.878291472,0.879130792,0.87996276,0.880774399,0.881555708,0.882299112,0.8830016,0.883662169,0.884278978,0.884851215,0.885378781,0.885861318,0.886308725,0.886734118,0.887147789,0.887557789,0.887963131,0.888359895,0.888749784,0.889134235,0.889514356,0.889889967,0.890259695,0.890622853,0.890978938,0.891327621,0.891670071,0.892005989,0.892333325,0.892650559,0.892956563
UKR,1,1,1,1,1,1,1,1,1,1,1,1,1,1,1,1,1,1,1,1,1,1,1,1,1,1,1,1,1,1,1,1,1,1,1,1,1,1,1,1,1,1,1,1,1,1,1,1,1,1,1,1,1,1,1,1,1,1,1,1,1
UMI,0,0,0,0,0,0,0,0,0,0,0,0,0,0,0,0,0,0,0,0,0,0,0,0,0,0,0,0,0,0,0,0,0,0,0,0,0,0,0,0,0,0,0,0,0,0,0,0,0,0,0,0,0,0,0,0,0,0,0,0,0
URY,0.999973818,0.999974995,0.999976006,0.999974494,0.999971186,0.999967728,0.999959502,0.99994765,0.999930029,0.999912728,0.99986211,0.999580026,0.999326646,0.999483,0.999641104,0.999375053,0.999238467,0.997687042,0.996466603,0.99757706,0.998735125,0.999436217,0.999998268,0.997026752,0.991375486,0.99600156,0.995806082,0.99546602,0.994601861,0.993973953,0.993365688,0.992748426,0.992092385,0.991409159,0.990723728,0.990058624,0.989427006,0.988844034,0.988326976,0.987889145,0.987536007,0.987257337,0.987020485,0.986824661,0.986660239,0.98651789,0.986399355,0.986293781,0.986193213,0.986085463,0.98597342,0.985864022,0.985763564,0.985677187,0.985603587,0.985541434,0.985491043,0.985453133,0.985432246,0.985418063,0.985411098
USA,1,1,1,1,1,1,1,1,1,1,1,1,1,1,1,1,1,1,1,1,1,1,1,1,1,1,1,1,1,1,1,1,1,1,1,1,1,1,1,1,1,1,1,1,1,1,1,1,1,1,1,1,1,1,1,1,1,1,1,1,1
UZB,0.833332943,0.830232283,0.822989834,0.853396097,0.845822824,0.853609255,0.85812235,0.847285586,0.846874259,0.854943232,0.86748718,0.87042075,0.870512628,0.866127152,0.858612782,0.859874378,0.866723092,0.861817493,0.855254786,0.833498396,0.819244427,0.816642893,0.814358092,0.811652087,0.808093288,0.80037929,0.794143589,0.791160605,0.803542887,0.788391965,0.77508693,0.762824851,0.751031741,0.739913121,0.729603166,0.720183008,0.711607857,0.70381746,0.696828771,0.690649931,0.685285806,0.680490189,0.675960848,0.671628874,0.667436539,0.663335244,0.659334211,0.655453786,0.651668949,0.647956038,0.644292754,0.640691635,0.637179631,0.633756291,0.630420749,0.627171506,0.624038877,0.621058659,0.618236936,0.615579504,0.613092018
VAT,0,0,0,0,0,0,0,0,0,0,0,0,0,0,0,0,0,0,0,0,0,0,0,0,0,0,0,0,0,0,0,0,0,0,0,0,0,0,0,0,0,0,0,0,0,0,0,0,0,0,0,0,0,0,0,0,0,0,0,0,0
VCT,1,1,1,1,1,1,1,1,1,1,1,1,1,1,1,1,1,1,1,1,1,1,1,1,1,1,1,1,0.99999965,0.99999965,0.99999965,0.99999965,0.99999965,0.99999965,0.99999965,0.99999965,0.99999965,0.99999965,0.99999965,0.99999965,0.99999965,0.99999965,0.99999965,0.99999965,0.99999965,0.99999965,0.99999965,0.99999965,0.99999965,0.99999965,0.99999965,0.99999965,0.99999965,0.99999965,0.99999965,0.99999965,0.99999965,0.99999965,0.99999965,0.99999965,0.99999965
VEN,0.80960161,0.799442584,0.791175853,0.81800944,0.82304361,0.831411305,0.825238994,0.834897363,0.856607144,0.859855356,0.84362064,0.849394829,0.858645664,0.853712331,0.827598507,0.832492458,0.835598577,0.826190266,0.834482457,0.833895082,0.855862478,0.853568659,0.85020416,0.838159719,0.838638377,0.834653962,0.832048117,0.82788189,0.853272394,0.854086563,0.855118521,0.856501855,0.858155182,0.859931085,0.861703874,0.863368305,0.864877504,0.866255418,0.867514554,0.868664537,0.869712415,0.870737466,0.871775959,0.872774606,0.873687675,0.874475733,0.875138341,0.875701365,0.876168145,0.876541067,0.876821703,0.8770312,0.877193235,0.877312012,0.877391376,0.877434812,0.877441649,0.877411095,0.87734604,0.877249123,0.877122802
VGB,0,0,0,0,0,0,0,0,0,0,0,0,0,0,0,0,0,0,0,0,0,0,0,0,0,0,0,0,0,0,0,0,0,0,0,0,0,0,0,0,0,0,0,0,0,0,0,0,0,0,0,0,0,0,0,0,0,0,0,0,0
VNM,1,1,1,1,1,1,1,1,1,1,1,1,1,1,1,1,1,1,1,1,1,1,1,1,1,1,1,1,1,1,1,1,0.999999744,1,1,1,1,1,1,1,1,1,0.999999796,1,1,1,1,0.999999817,1,1,1,1,0.999999833,1,1,1,1,1,1,1,0.999999852
VUT,0.150407494,0.146092648,0.13287276,0.125765546,0.124349261,0.13022567,0.159798257,0.159522821,0.153103255,0.158409121,0.165223134,0.17867681,0.172050896,0.166089984,0.11957968,0.117331445,0.095752844,0.158258517,0.151287028,0.194379149,0.190050197,0.199218761,0.174578153,0.164207797,0.218918449,0.224797226,0.248436784,0.252406683,0.222751748,0.217230821,0.214105227,0.21347103,0.21482424,0.217876249,0.22233651,0.227925092,0.234426522,0.241626034,0.249284449,0.257185501,0.26515066,0.273177889,0.281351863,0.289633355,0.297995658,0.306412201,0.31488258,0.323376058,0.331838988,0.340246358,0.34857046,0.356827346,0.365027473,0.373153077,0.381200639,0.389170504,0.397011031,0.404678293,0.412148677,0.419454991,0.426569299
WSM,0.3521306,0.359844748,0.372505882,0.367746304,0.372183384,0.381806844,0.394324002,0.399800405,0.402987718,0.401297097,0.395572932,0.384688292,0.407546321,0.415339195,0.406624877,0.424435731,0.428587859,0.448225861,0.461617022,0.4611071,0.448303499,0.458920014,0.452300976,0.44681093,0.468593586,0.462137371,0.508086103,0.517052006,0.494030351,0.496729964,0.499548536,0.502450052,0.505320949,0.508140908,0.510915586,0.513624008,0.516231073,0.518726664,0.521109237,0.523357204,0.525496627,0.527585465,0.529667532,0.531757779,0.533816094,0.535862624,0.537873667,0.539852358,0.541776501,0.543634362,0.545423996,0.547186885,0.549010249,0.550850186,0.552719315,0.554607561,0.556468985,0.558282481,0.560060206,0.561764311,0.563400869
YEM,0.933593835,0.927455973,0.930920017,0.925589606,0.929543299,0.926432154,0.928859254,0.93367369,0.930975191,0.930619288,0.934547325,0.931684929,0.924175196,0.926486372,0.926332686,0.926330527,0.92897897,0.921608448,0.910616958,0.912703681,0.913807548,0.953998765,0.931237707,0.937501531,0.938192707,0.932795251,0.938511873,0.93803197,0.939569912,0.939821619,0.940036533,0.940234694,0.940466075,0.940715246,0.94096938,0.941218175,0.941458208,0.941688009,0.941902978,0.942099677,0.942275555,0.942432536,0.942577409,0.942714611,0.942847793,0.942979863,0.943111186,0.943240285,0.943366892,0.943490878,0.943612183,0.943730407,0.943845327,0.943957216,0.944066349,0.94417301,0.944277464,0.944379785,0.944479999,0.944578113,0.944674145
ZAF,1,1,1,1,1,1,1,1,1,1,1,1,1,1,1,1,1,1,1,1,1,1,1,1,1,1,1,1,1,0.999999815,1,1,1,0.999999829,1,1,0.999999839,1,1,0.999999847,1,1,0.999999852,1,1,0.999999856,1,0.999999858,1,1,1,1,1,0.999999863,1,0.999999864,0.999999865,1,1,1,1
ZMB,0.971720789,0.972451035,0.978834184,0.972984149,0.97156258,0.97339455,0.967998283,0.967589542,0.972817482,0.96923266,0.970077517,0.977564454,0.977773562,0.977440049,0.976777753,0.977036211,0.978484001,0.980035523,0.981490371,0.972400051,0.972338422,0.970829211,0.969810665,0.9698276,0.966545308,0.968763992,0.963317256,0.963219198,0.964885352,0.963621361,0.962376594,0.961140934,0.959929754,0.958750526,0.957610065,0.956514234,0.955468344,0.95447943,0.953553244,0.952693561,0.951902427,0.95117988,0.95050984,0.94987339,0.949255389,0.948643815,0.948039277,0.947447852,0.946868121,0.946298843,0.945738838,0.945189429,0.94465179,0.94412484,0.943607683,0.943099572,0.942600047,0.94211043,0.941632503,0.941167636,0.940716841
ZWE,0.556021479,0.578724164,0.577897686,0.62700998,0.622118414,0.511515715,0.4454568,0.412789217,0.38385607,0.397813823,0.383297617,0.358971878,0.396246409,0.390954754,0.376057634,0.438428087,0.478914436,0.459061531,0.392389275,0.30365806,0.358409825,0.399464373,0.353542882,0.472532965,0.508920327,0.510524193,0.509757517,0.508543876,0.452711995,0.452711995,0.452711995,0.452711995,0.452711995,0.452711995,0.452711995,0.452711995,0.452711995,0.452711995,0.452711995,0.452711995,0.452711995,0.452711995,0.452711995,0.452711995,0.452711995,0.452711995,0.452711995,0.452711995,0.452711995,0.452711995,0.452711995,0.452711995,0.452711995,0.452711995,0.452711995,0.452711995,0.452711995,0.452711995,0.452711995,0.452711995,0.452711995
