cat,IPC1,,,,,,,,,,,,,,,,,,,,,,,,,,,
clss,COV,,,,,,,,,,,,,,,,,,,,,,,,,,,
ent,KYOTOGHG,,,,,,,,,,,,,,,,,,,,,,,,,,,
family,emi,,,,,,,,,,,,,,,,,,,,,,,,,,,
gwp,AR4,,,,,,,,,,,,,,,,,,,,,,,,,,,
note,"Part of emissions covered by an (I)NDC, based on per-country, per-main-sector and per-kyoto-GHG information from countries' (I)NDCs and their corresponding HISTCR_PRIMAPHIST21 emissions.",,,,,,,,,,,,,,,,,,,,,,,,,,,
scen,HISTORY,,,,,,,,,,,,,,,,,,,,,,,,,,,
srce,PRIMAPHIST21,,,,,,,,,,,,,,,,,,,,,,,,,,,
tablename,KYOTOGHG_IPC1_COV_EMI_HISTORY_PRIMAPHIST21,,,,,,,,,,,,,,,,,,,,,,,,,,,
tpe,EMI,,,,,,,,,,,,,,,,,,,,,,,,,,,
unit,MtCO2eq,,,,,,,,,,,,,,,,,,,,,,,,,,,
ISO3,1990,1991,1992,1993,1994,1995,1996,1997,1998,1999,2000,2001,2002,2003,2004,2005,2006,2007,2008,2009,2010,2011,2012,2013,2014,2015,2016,2017
ABW,0,0,0,0,0,0,0,0,0,0,0,0,0,0,0,0,0,0,0,0,0,0,0,0,0,0,0,0
AFG,2.948262,2.776265,1.669731,1.630958,1.579048,1.608337,1.603891,1.521135,1.471036,1.26584,1.243051,1.274078,1.519939,1.656654,1.42668,1.83991,2.187592,2.85537,4.817823,7.425557,9.131549,12.941242,11.465841,10.716465,11.660093,12.180621,13.754639,14.179467
AGO,38.46069,40.49723,42.64351,42.06259,35.72291,47.15925,52.21957,47.71869,47.46363,45.48483,39.21532,37.7331,39.62996,35.71831,45.26229,45.54931,46.36841,48.33015,49.24231,50.78088,55.05105,56.21751,59.12824,53.74895,54.91632,56.28529,56.95116,57.02013
AIA,0,0,0,0,0,0,0,0,0,0,0,0,0,0,0,0,0,0,0,0,0,0,0,0,0,0,0,0
ALB,3.0719,4.9233,3.0984,2.9956,3.3009,3.1792,3.0944,3.2704,3.9979,4.3288,2.9887,3.3729,3.4789,3.6497,3.8972,3.8364,3.7506,3.9265,3.9848,4.3209,4.4621,4.9056,4.3096,4.4252,5.2204,4.5284,4.7457,4.8399
AND,0.4064428,0.4142466,0.4216925,0.4317904,0.4334061,0.4604301,0.4906151,0.5018614,0.5288907,0.5520474,0.563406,0.564474,0.5715827,0.5738451,0.5999025,0.6149794,0.582969,0.5759857,0.5760552,0.5515877,0.5510811,0.5205919,0.5195469,0.5093066,0.4951654,0.4960143,0.5019231,0.5039519
ANT,0,0,0,0,0,0,0,0,0,0,0,0,0,0,0,0,0,0,0,0,0,0,0,0,0,0,0,0
ARE,52.6898,57.9152,59.2027,66.26,72.4684,72.9045,65.2162,67.6346,88.2897,87.0335,121.9453,118.0794,107.442,136.5656,149.6934,159.4815,159.6844,163.3895,176.5281,180.4505,168.5847,168.8613,176.12654,168.87528,198.31007,214.20216,221.08842,216.9711002
ARG,106.76282,115.81569,119.91166,120.05383,125.6077,121.77011,132.2239,135.8218,140.9488,142.9967,146.5434,136.3311,129.048,136.8454,149.1692,155.4756,165.5271,178.4934,182.7546,178.012,183.9823,192.5647,192.4823,195.9499,195.9461,199.5721,199.2208,197.4814
ARM,23.102972,21.510785,26.337398,11.22751,11.203423,11.890236,8.385349,8.577062,7.171164,5.156977,3.69663,3.719947,3.30217,3.704926,3.857373,4.557485,4.611756,5.410395,6.081622,5.153296,5.149644,5.954366,6.77539,6.544551,6.600332,7.218113,7.293394,7.172376
ATA,0,0,0,0,0,0,0,0,0,0,0,0,0,0,0,0,0,0,0,0,0,0,0,0,0,0,0,0
ATG,0.2875227,0.2728305,0.2692205,0.2763229,0.2727798,0.2802944,0.2988643,0.3131643,0.3236538,0.3356569,0.352361,0.3561823,0.3778472,0.4111617,0.4297192,0.4370843,0.4519666,0.4778039,0.4885802,0.5173361,0.5315908,0.5230754,0.5340987,0.533859,0.5482719,0.5598848,0.5760676,0.5732105
AUS,294.0111,296.5811,303.1553,305.9799,306.6539,318.8391,326.2136,337.2544,350.6435,355.5577,364.2922,371.4783,374.6015,380.071,393.5043,399.6354,405.9678,413.8059,419.4494,424.7289,420.1376,416.7319,422.2387,414.4511,408.6865,420.3031,432.0953,435.6491
AUT,53.39135,56.95864,52.32125,52.58019,52.21923,54.76406,59.02248,57.76824,57.64457,56.22322,55.68442,59.89994,61.18231,66.81616,66.81756,67.49432,64.47481,61.18956,60.1045,57.03944,59.72389,57.518,55.48137,55.67401,51.8316,53.52759,54.37933,56.35468
AZE,66.6956,61.42921,53.32932,45.24974,40.2191,43.043039,35.582936,34.119173,33.257928,32.901597,33.788745,34.215494,34.23116,35.850893,37.531339,40.57167,44.607889,37.82598,48.13609,42.63404,42.20175,42.91889,44.64062,48.45459,52.04986,56.48343,56.97491,56.93278
BDI,0.920525,0.960625,0.964671,0.999217,1.04918,1.04227,1.08674,1.14828,1.18086,0.939097,0.979443,1.28343,1.36415,1.35909,1.58433,1.60658,1.70806,1.7362,1.78573,1.82961,1.90483,1.96338,1.9979,2.18871,2.43036,2.52565,2.5965,2.70027
BEL,105.0028,108.33406,106.00828,105.98099,107.75379,108.11093,112.49037,106.63277,110.95092,105.19254,106.06201,106.55016,106.33485,107.53369,107.89505,105.69251,104.12081,102.25574,102.01055,95.16562,99.2981,89.67266,88.73206,88.29825,82.52406,86.3377,84.68322,83.94237
BEN,1.399856,1.523128,1.593952,1.781662,1.955791,1.978891,1.973318,1.986528,1.981039,2.408831,2.319551,2.568608,2.845561,3.140686,3.322065,3.23921,4.175594,4.80602,4.85753,5.15644,5.63633,5.79605,6.02657,6.36541,6.91617,7.06103,7.5077,7.86366
BES,0,0,0,0,0,0,0,0,0,0,0,0,0,0,0,0,0,0,0,0,0,0,0,0,0,0,0,0
BFA,1.75914,1.83242,1.89917,1.92523,1.98255,1.91888,2.02263,2.2127,2.30258,1.89401,2.05021,2.16781,2.02978,2.14143,2.66363,3.16252,3.71396,4.37689,4.82055,4.87675,5.0034,5.34053,5.74398,6.57296,6.65936,6.81646,7.21237,7.56707
BGD,12.462183,12.817987,14.277239,14.003311,15.260785,19.314949,21.157602,22.794271,22.528184,23.891696,26.31367,30.88329,32.35479,34.54106,36.80332,38.77845,43.05012,43.99463,46.88566,50.30599,55.80114,58.88997,62.89147,64.47088,69.06468,81.40827,82.65037,86.35417
BGR,71.52163,57.32292,54.56248,55.70931,52.04652,51.7616,52.74991,50.54351,49.50206,43.43177,41.63817,45.14311,42.88364,46.83494,45.23874,46.06066,46.95517,50.95089,49.8095,44.17209,46.20984,51.37288,46.69812,40.62761,42.91778,45.48175,42.35574,44.61106
BHR,14.313329,13.571076,12.737974,16.627979,16.775567,16.828789,17.728788,19.509736,20.705868,20.387356,21.099143,16.453741,18.342861,19.157824,20.691037,22.766307,22.561621,30.730864,33.877709,32.221279,33.172879,32.528043,30.50112,35.652874,35.788646,29.174519,28.842392,28.916065
BHS,1.999857,1.828959,1.831268,1.738452,1.730073,1.726594,1.722535,1.417645,1.733643,1.734432,1.723839,1.624968,1.630905,1.576549,1.783927,1.800798,1.726614,1.753379,1.557687,1.695725,1.70685,1.935578,2.041989,2.867806,2.479935,2.531764,2.604093,2.591122
BIH,25.23675,23.58617,7.801534,4.025554,4.196754,3.838774,6.051734,8.519694,12.135534,12.200494,12.774154,13.26587,13.80661,13.87441,14.67997,15.11771,16.06154,15.96253,17.88743,18.4475,18.96549,21.0418,19.47508,19.14416,21.15489,19.74235,20.61278,20.99341
BLR,98.42251,91.72109,85.3403,74.16109,62.06934,55.32879,56.64642,59.70189,56.16162,53.77786,52.60172,53.23213,52.2578,53.11998,58.49819,59.38663,63.98603,61.40493,63.41499,59.07114,62.88123,59.89667,60.7607,62.86985,61.89636,58.18932,60.42545,62.3534
BLZ,0.3203256,0.3688786,0.3651043,0.3868591,0.3830308,0.3869023,0.3173365,0.400939,0.382668,0.360838,0.41069,0.464785,0.449781,0.449974,0.409964,0.439778,0.461817,0.494642,0.453668,0.602912,0.54998,0.620283,0.495588,0.532305,0.514267,0.64033,0.667452,0.662895
BOL,6.270493,6.793138,7.71293,9.192629,10.150868,9.605604,9.570521,10.378144,9.7049,8.434296,8.272697,7.434525,9.559712,10.309169,10.56063,11.75566,14.32991,11.96342,12.86424,13.29532,14.57819,15.53893,18.12577,17.90582,19.17211,17.94484,18.82108,19.10002
BRA,189.2556,195.1451,198.5043,203.242,212.296,227.4807,243.8022,259.4032,269.6656,281.5937,288.6552,298.9617,297.5379,292.4287,308.4668,319.0243,323.0602,336.51,355.9249,344.6274,377.1591,391.744,424.4445,454.3475,477.2675,460.3164,429.3025,436.9349
BRB,0.9924574,1.1249211,0.9086875,1.1021838,0.7274851,0.8082176,0.8119669,0.8279556,1.0311754,1.109045,1.0855213,1.1233273,1.103399,1.135448,1.1575576,1.2095188,1.2283558,1.2572485,1.5092097,1.5316337,1.401806,1.468337,1.431725,1.4118802,1.2338304,1.2645796,1.3016298,1.29688
BRN,9.854,9.8456,9.7969,9.0803,8.9562,9.1736,9.1122,9.3246,9.5003,8.4181,9.4066,9.5046,9.0689,9.64,9.7391,9.6099,10.2294,13.6285,15.2611,13.1192,13.13,14.8154,14.6176,13.2042,14.5625,14.823,16.0614,16.4082
BTN,0.267472,0.27198,0.32783,0.296542,0.319008,0.405381,0.508059,0.583115,0.58244,0.588025,0.617711,0.606817,0.634706,0.598306,0.526212,0.613717,0.614822,0.634979,0.657662,0.635932,0.723615,0.809732,0.902752,0.987142,1.017912,0.933791,0.962411,0.991041
BVT,0,0,0,0,0,0,0,0,0,0,0,0,0,0,0,0,0,0,0,0,0,0,0,0,0,0,0,0
BWA,3.15858,3.099556,3.301913,3.720201,3.56008,3.574457,3.236521,3.290495,3.888051,3.724661,4.33545,4.415295,4.544205,4.347449,4.396044,4.614331,4.654333,4.716659,5.014469,4.216877,5.160167,4.531949,4.77314,5.602646,7.408517,7.577089,7.74215,8.208421
CAF,0.515977,0.526196,0.562055,0.568252,0.583031,0.564113,0.525402,0.555497,0.559527,0.505305,0.526512,0.511248,0.511527,0.508018,0.594276,0.639248,0.669108,0.714799,0.732262,0.744275,0.782624,0.81145,0.832406,0.869249,0.884814,0.962579,0.994414,1.015489
CAN,480.2724,470.2674,487.6784,488.6763,505.8334,519.7265,538.2089,553.669,563.9065,578.5982,600.9189,593.6452,595.6818,608.971,604.6971,595.4579,586.8026,611.2799,592.7037,560.5341,570.255,576.9722,579.0392,590.5525,595.3438,593.3713,576.5872,584.6089
CHE,41.84726,44.23293,44.27103,42.10042,40.98999,41.89997,42.79632,41.87392,43.45746,43.21002,42.20105,43.61693,42.01548,43.2087,43.57396,44.01269,43.62254,41.57293,42.96358,41.85339,43.22139,39.1476,40.53611,41.45365,37.40547,37.07126,37.46088,36.46827
CHL,33.85141,31.41532,32.25534,33.97252,37.47019,40.58991,46.28879,52.6483,52.79733,56.18345,52.77514,48.03778,49.79343,50.32613,53.93715,55.83847,58.40583,64.94168,66.2721,62.84498,68.74243,75.60679,77.57272,80.0929,82.4505,84.8082,87.1658,86.1324
CHN,2347.0388,2449.366,2535.4963,2680.2974,2853.889,3083.5849,3217.8912,3252.3596,3082.1612,3068.6631,3178.1277,3223.5203,3558.735,4207.1668,4857.6224,5471.61,5994.1086,6402.9666,6872.124,7170.8051,7833.2527,8604.317,8837.688,8951.7294,8952.2092,8912.4408,8865.1193,8977.6643
CIV,6.81538,6.41153,6.02788,7.34649,6.45236,9.03982,10.80686,10.6135,10.10385,9.61965,10.19991,11.43395,11.85617,8.99192,11.68153,12.11511,11.62859,11.58572,11.67808,10.42007,11.17999,12.36632,14.47186,15.50419,15.88144,16.42699,17.32714,18.06698
CMR,11.71399,11.16836,13.85137,15.23112,40.6001,39.0302,35.12253,31.16209,29.27813,27.16438,24.87409,23.68013,22.11175,21.86714,22.6229,22.83357,23.11127,24.70762,25.11676,26.48411,23.85239,21.55231,21.53284,22.05027,21.83274,22.07672,21.81489,21.32616
COD,7.37876,6.48296,6.47464,6.36793,10.72717,10.70646,11.45674,11.08672,10.106,8.96404,9.29152,9.7314,9.99603,10.89266,10.57982,10.88619,11.10969,11.87523,12.1013,11.8782,12.2307,12.8707,12.856,14.5185,15.8455,14.4167,14.7003,14.8912
COG,8.892418,8.709707,9.01043,9.112228,9.452358,9.951158,11.819605,12.368658,11.696318,10.93985,10.495197,9.689007,6.583207,7.846075,7.971057,9.475351,10.397043,8.991338,8.904715,10.081247,10.724415,9.575634,10.007326,10.119516,9.79417,9.368323,9.310277,9.172331
COK,0.036716421,0.036723558,0.036736589,0.040406415,0.040410108,0.040398229,0.047800418,0.047771024,0.047762575,0.047774651,0.04782186,0.033144224,0.029444305,0.033111518,0.05511862,0.062476634,0.066171145,0.06614503,0.069835205,0.06983809,0.06985249,0.069858555,0.06985872,0.069863486,0.06986966,0.073075835,0.083008009,0.085603174
COL,48.57403,51.00762,54.75275,55.89393,55.79063,57.75676,58.5934,63.3937,63.2736,57.6789,59.7683,57.59074,56.4715,58.11468,58.97622,61.62987,70.20124,68.86884,68.24,75.3094,73.8547,71.5548,75.0055,83.4944,84.139,85.3485,92.2236,88.772
COM,0.0776414,0.08184,0.0821562,0.0863282,0.0871905,0.0912947,0.0949871,0.1001034,0.1070946,0.1123661,0.1257125,0.1356209,0.1331456,0.1577196,0.1894683,0.1894895,0.2126159,0.1687663,0.1767449,0.2045268,0.2366631,0.2131369,0.2216597,0.2648619,0.2478061,0.2603193,0.2688336,0.2773448
CPV,0.1012967,0.1052997,0.1120185,0.1157204,0.1229968,0.1303138,0.1523912,0.1571253,0.1679185,0.1948485,0.2314963,0.2494724,0.290739,0.3249077,0.3541922,0.4677173,0.498547,0.5331688,0.4991501,0.554742,0.5887977,0.6481934,0.5384734,0.5356269,0.5248515,0.7379762,0.7903608,0.8316954
CRI,2.559974,2.891926,3.328732,3.413252,4.617136,4.284508,4.192444,4.374609,4.627416,4.826933,4.822995,5.025283,5.550687,5.863333,5.989685,5.711605,6.221892,6.78445,6.88823,6.6377,6.73306,6.82493,6.85264,6.71618,6.86788,8.25497,8.61227,8.56476
CUB,33.95891,30.62177,32.22783,30.62993,33.40278,26.8989,28.2225,27.86358,26.85838,27.81444,28.72614,27.73236,27.78358,27.36935,26.84666,27.57719,29.08035,28.50904,31.96677,31.46852,38.56361,36.08158,36.18611,35.748536,35.86238,36.567425,37.53777,37.402514
CUW,0,0,0,0,0,0,0,0,0,0,0,0,0,0,0,0,0,0,0,0,0,0,0,0,0,0,0,0
CYP,3.972233,4.505596,4.834303,5.012515,5.235052,5.141819,5.438581,5.560574,5.910999,6.169808,6.383512,6.278015,6.437536,6.831742,6.962946,7.140833,7.323916,7.650683,7.814341,7.728702,7.497849,7.204419,6.718443,5.796584,5.95921,6.082069,6.480879,6.619647
CZE,161.31559,148.33489,142.9634,137.68693,129.7842,129.38776,131.98037,126.74974,120.70205,113.6118,122.17045,122.45586,119.13299,121.63391,121.40008,120.60825,120.71969,121.58335,116.56545,110.96678,112.46308,110.01494,106.00516,100.67729,97.66229,98.77143,100.1338,98.93675
DEU,1036.6084,999.6325,950.9184,941.8414,919.4731,918.08,939.0527,907.6607,897.9835,873.4804,870.3463,890.8093,874.4403,869.6412,852.7983,832.1981,841.7036,815.4403,820.0237,761.9494,801.2378,778.1923,784.5679,801.8335,761.9768,767.0918,770.9129,765.6618
DJI,0.430105,0.433381,0.41818,0.416209,0.379182,0.38295,0.386074,0.414289,0.379482,0.376581,0.408719,0.482382,0.487291,0.518686,0.5313706,0.5453672,0.5440183,0.634643,0.695712,0.66205,0.723098,0.683411,0.727328,0.772101,0.795368,0.832905,0.837321,0.886338
DMA,0.06971382,0.0697191,0.06972547,0.0738557,0.07829857,0.09334195,0.08286798,0.08921688,0.08369278,0.0867741,0.10831875,0.1205984,0.11591465,0.11402694,0.11409015,0.12217657,0.11845683,0.15955432,0.13703069,0.13686561,0.144125,0.1336593,0.1411203,0.1374549,0.1412559,0.144247,0.1484081,0.1476992
DNK,53.71696,64.3661,58.52199,60.70128,64.69917,61.67157,75.17144,65.70092,61.6453,59.24827,54.88528,56.7089,56.18684,61.487,55.89501,52.2083,60.11992,55.301,52.05142,49.98082,50.64716,45.2877,40.70451,42.47082,38.18684,35.874,37.49402,35.34232
DOM,8.85707,10.345233,11.933003,13.60907,15.08643,17.66563,17.54494,16.77696,16.12797,16.80114,18.46838,17.67238,18.22672,17.71991,14.49278,14.11602,13.99231,14.10706,13.19011,12.28266,11.99165,12.23726,12.77444,12.36286,12.30409,12.57696,12.94183,12.92301
DZA,144.50225,148.25245,179.9318,176.79347,175.78056,188.24811,186.48122,163.16257,175.02586,157.41937,152.79269,140.92889,143.22125,153.15939,144.8416,164.43551,160.30194,163.81339,166.35812,169.64793,168.21444,168.03547,177.36439,181.60858,190.48485,195.01412,192.7606,192.02657
ECU,31.0157,28.45684,33.87836,36.94576,25.14609,33.75292,35.19611,27.84127,30.345,28.35743,26.10998,28.75636,30.04574,32.48194,34.74727,36.26763,34.61373,37.57442,39.35207,42.08823,43.19905,44.63205,43.73649,46.42421,49.47921,48.32151,46.24061,45.2103
EGY,83.8897,82.4711,82.5428,93.4795,84.0323,91.4244,95.665,97.9656,106.29186,106.99117,116.9877,107.26321,110.3272,132.78368,137.78508,157.07123,166.85079,175.28363,185.18307,190.06527,186.33345,200.98817,195.05576,193.809268,183.029256,187.434944,195.494933,197.961721
ERI,1.219585,1.174026,1.232303,1.304806,1.310796,1.392467,1.493994,1.354407,0.879853,0.918162,0.913306,0.95131,0.935098,1.067437,1.128477,1.136703,0.94222,0.974085,0.819427,0.930437,0.950983,0.975411,1.018709,1.034317,1.054413,1.092439,1.097335,1.146831
ESP,215.4238,226.3819,235.774,228.177,237.8864,251.4098,239.0579,251.1557,258.314,280.8665,292.2128,292.0506,311.6774,316.2617,331.4416,344.9154,334.7448,343.421,315.2446,280.3484,265.7624,269.4353,265.735,239.2738,239.2342,254.4685,243.8495,258.9149
EST,37.43793,34.32143,24.86229,19.422463,20.330397,18.66621,19.392273,18.88761,17.0787,15.782998,15.592643,15.993497,15.73419,17.516453,17.701061,17.621504,16.514076,20.63142,18.359242,15.524639,19.35324,19.99682,18.50748,20.17591,19.70798,16.92166,18.56376,19.63839
ETH,8.69498,8.51643,9.0875,9.63458,10.8241,11.5488,11.971,30.2473,30.6832,31.178,31.9462,33.14,33.7331,34.4865,38.8475,22.132,23.8473,25.7237,27.4572,28.7845,33.2959,36.3236,35.6956,37.0504,33.0812,33.1698,32.63305,32.93821
FIN,53.65992,52.35439,51.81344,53.81022,59.2937,56.33703,61.55081,59.91062,56.57264,55.96317,54.13419,59.58455,62.21913,69.77514,65.86834,54.13627,65.22071,63.2269,54.91257,53.00589,60.65612,53.06281,47.84199,48.49541,44.66171,40.95411,43.73265,41.36484
FJI,0.77001,0.63067,0.70401,0.70767,0.70034,0.71867,0.78101,0.74801,0.72234,0.73701,0.79201,1.012,0.83601,0.99001,1.2943,1.0267,1.1477,1.0853,0.82501,0.73701,1.1403,1.0047,0.98634,1.0597,1.2016,1.2567,1.4279,1.4726
FRA,386.2601,412.7412,404.1663,385.1469,376.942,384.8862,400.1275,391.4233,410.2449,405.9295,398.3001,405.4396,400.3603,405.9475,405.2776,408.872,397.2868,387.0692,382.3418,368.1511,374.2994,349.9005,352.9475,353.9306,323.0694,329.7346,332.6521,334.9051
FSM,0.088683,0.094372,0.099001,0.099001,0.10267,0.10633,0.10633,0.11,0.11733,0.11,0.12467,0.16867,0.143,0.143,0.143,0.121,0.121,0.13933,0.11733,0.16133,0.11367,0.121,0.13567,0.143,0.15033,0.15724,0.17866,0.18424
GAB,26.792121,21.132078,21.511346,21.644617,20.026548,20.905143,21.552714,19.022586,19.93779,17.632457,16.086511,16.387731,15.785191,17.686209,16.168533,15.598751,13.236957,11.828348,12.466568,12.259945,12.799456,11.983528,11.938448,11.318839,10.609967,9.810994,9.281721,8.649548
GBR,618.8778,628.5576,612.3801,597.8629,584.0164,576.2477,595.0122,569.9784,571.7592,561.9729,567.7246,576.7199,559.7049,566.9784,566.9867,563.7262,561.5406,551.824,538.7436,493.2769,509.3102,467.4757,485.6553,472.9141,433.6619,417.4796,395.9674,383.1576
GEO,37.234218,29.99949,19.145069,11.965363,8.651919,6.661405,9.463029,9.646011,8.240259,6.806206,6.0292546,5.2908867,4.9519687,5.4460703,5.9339933,5.4710846,7.939708,8.310225,7.727964,6.894934,7.771934,9.815897,10.537277,9.518168,10.674779,8.998511,9.335944,9.498677
GHA,4.325384,3.965764,4.570851,4.96071,5.2101,5.60167,5.93431,6.07102,6.563349,7.26048,7.45135,8.43179,8.84183,9.52997,9.71416,10.25339,11.76084,11.66052,11.25824,10.14749,12.58204,14.17437,14.56139,17.13109,17.27409,17.4299,18.4792,19.3589
GIN,2.18992,2.24866,1.93666,1.98533,2.09638,2.47019,2.62111,2.2708,2.35177,2.89504,2.98699,3.10173,3.15341,3.30692,3.57005,3.66696,3.77525,3.86576,3.93828,4.16588,4.60198,4.76564,4.60749,4.4415,4.59604,5.46788,5.75582,5.99637
GMB,0.2467988,0.2534304,0.2584937,0.2672394,0.267524,0.277236,0.277137,0.282172,0.296986,0.320497,0.347288,0.359131,0.395976,0.398674,0.440577,0.448834,0.462329,0.514324,0.536106,0.551589,0.609345,0.632615,0.638576,0.634191,0.722967,0.771754,0.81981,0.859157
GNB,0.234961,0.240286,0.24331,0.248274,0.25769,0.255768,0.255672,0.27823,0.24718,0.272622,0.228765,0.233811,0.237005,0.279771,0.302559,0.317301,0.322414,0.341177,0.344344,0.354327,0.362094,0.372574,0.380844,0.391767,0.410617,0.474596,0.502826,0.525815
GNQ,0.1192714,0.2049525,0.2336143,0.1819422,4.434668,4.458245,4.401022,5.713649,6.157708,6.322408,5.771953,9.361747,9.986244,11.575388,11.594553,11.230745,11.097879,11.435694,11.020365,10.412241,10.706865,11.811353,8.529737,10.67841,10.819407,11.500303,11.5593,11.463397
GRC,77.00229,77.13697,79.15247,78.83401,81.02567,81.08121,83.24642,87.78598,92.4623,91.9099,96.72449,99.17719,98.97227,102.88969,103.48145,107.26327,105.9341,108.09111,105.21632,100.31227,93.12153,91.93919,88.15529,77.79981,74.3527,71.05067,66.84925,70.17249
GRD,0.1085334,0.1122284,0.1195507,0.1231383,0.1455446,0.1528396,0.1568312,0.1717008,0.1785036,0.1969732,0.201753,0.2035158,0.2150263,0.227328,0.217171,0.230067,0.244831,0.253,0.267183,0.266697,0.273257,0.267574,0.285913,0.321564,0.259972,0.26582,0.273738,0.273086
GTM,4.78143,5.83317,7.7258,8.07067,10.42754,10.31235,9.03911,9.68571,10.46451,10.28351,10.65829,11.22426,11.55,11.12571,11.68703,12.41097,12.53028,12.58463,11.49391,12.46961,12.17811,12.35194,12.47759,13.95083,18.30907,16.24701,16.92396,16.8903
GUY,1.439,1.439,1.439,1.439,1.439,1.465,1.5341,1.6801,1.7691,1.7181,1.6881,2.0941,1.6571,1.6594,1.6591,1.4651,1.3138,1.592,1.5892,1.5954,1.7505,1.8156,2.0321,1.9728,2.0475,2.0406,2.1434,2.1655
HKG,0,0,0,0,0,0,0,0,0,0,0,0,0,0,0,0,0,0,0,0,0,0,0,0,0,0,0,0
HND,2.766558,2.857082,3.260995,3.00084,3.547321,4.040723,4.014292,4.23176,4.8244,4.715406,4.851468,5.536165,6.052288,6.632678,7.25021,7.45937,6.80678,8.5633,8.47424,7.68409,7.89338,8.88497,8.87729,8.98669,9.41334,10.2671,10.69555,10.64121
HRV,21.92299,16.3202,15.41682,16.18466,15.16983,16.04898,16.69548,17.54123,18.35899,18.90727,18.26754,19.29779,20.3985,21.80046,21.25648,21.61683,21.68434,22.92061,21.73818,20.57408,19.75623,19.49515,18.07011,17.31389,16.37323,16.61334,16.97599,17.3588
HTI,1.851644,1.855493,1.718217,1.679349,1.406315,2.017789,2.242874,2.440478,2.324108,2.431603,2.324577,2.498399,2.616748,2.467549,2.733275,4.76091,4.90561,5.24467,5.42142,5.38671,5.26192,5.69521,5.89273,6.35793,7.05268,7.34994,7.67029,7.89495
HUN,68.18304,66.73841,59.63068,60.41985,57.86814,57.13815,59.00672,58.11952,57.80667,58.21292,54.66602,56.58544,55.39458,58.37421,56.45951,55.96168,55.20474,53.69815,53.03204,48.43022,48.77031,47.01923,43.76812,41.31322,40.87592,43.33864,44.45211,46.15022
IDN,218.8868,244.8496,260.8056,275.5097,275.573,285.5445,301.8404,316.3964,327.434,322.5529,322.3733,346.6084,354.0901,382.5997,384.8661,381.3465,390.4134,407.245,396.0894,410.0074,457.7539,512.1155,545.2276,500.6527,535.8238,540.9883,542.7913,565.7143
IND,642.3458,678.0119,720.5435,743.7009,787.2943,837.9527,906.2089,942.4739,961.1891,1025.5515,1062.4794,1049.1897,1048.2048,1077.8642,1126.1513,1169.0816,1229.0163,1297.4066,1429.5187,1573.4875,1543.0199,1643.9944,1787.9548,1797.275,1984.3573,2045.3332,2126.2154,2203.2352
IOT,0,0,0,0,0,0,0,0,0,0,0,0,0,0,0,0,0,0,0,0,0,0,0,0,0,0,0,0
IRL,31.15233,32.00329,31.88029,32.15144,33.06027,33.93824,35.53032,36.62808,38.85588,40.29308,42.58012,44.71159,43.45717,44.12437,44.26313,46.20039,46.17465,45.64989,45.79163,41.31939,41.386,37.36564,37.45726,36.55987,35.87719,37.48394,38.85488,37.73558
IRN,317.6823,338.5115,338.1686,331.5487,374.7041,371.1507,372.5146,359.5726,380.5298,449.4633,440.618,461.6151,465.7334,498.5124,527.9262,556.1742,601.5689,607.6539,630.091,643.5628,660.2386,676.0025,692.1066,711.9835,746.4433,748.7803,761.1944,793.4605
IRQ,42.7024,43.1461,58.1099,62.3596,70.331,73.29,68.6956,67.4563,71.3686,69.7846,69.4473,82.3431,83.8464,90.1605,112.828,112.0177,97.0172,59.9102,89.9222,101.0469,108.197,129.3868,147.724,159.5088,161.9471,163.1069,184.3605,187.8432
ISL,1.866732,1.7809623,1.9235042,2.0355361,1.9748133,2.0686829,2.1247647,2.1685382,2.1620684,2.2272157,2.2104534,2.0954493,2.2033853,2.1940847,2.2948098,2.1844422,2.2538279,2.4019758,2.2595139,2.177362,2.0569767,1.9224941,1.8806469,1.8443718,1.8594508,1.8769429,1.8576032,1.9074821
ISR,35.28636,35.42084,41.20079,43.20139,46.37987,48.33966,50.69109,53.57478,55.03468,53.7961,59.14317,62.80693,59.05664,62.40194,62.851,63.02764,64.27213,67.09863,67.07295,64.40537,66.05696,68.01072,72.68891,66.75474,64.90841,66.87591,66.38319,67.36026
ITA,425.2338,425.5307,422.8406,418.9577,414.1141,439.3596,434.771,439.5461,451.07,455.3089,459.097,463.5574,464.528,477.4973,479.5518,479.6755,473.7057,463.8068,455.0799,409.1198,418.6149,405.1745,387.5934,360.6488,345.1749,352.8321,350.2845,345.8519
JAM,7.626292,7.877838,7.786396,8.088796,8.283521,9.235309,9.75045,10.180576,9.773364,10.07165,10.653102,10.919485,10.553702,10.992359,10.913788,10.731131,11.816904,10.07254,10.557398,8.057649,7.482166,8.061884,7.666302,8.380258,7.718639,7.879919,8.100589,8.07367
JOR,9.687387,9.367522,10.939005,10.577294,11.909211,12.168767,12.877608,13.323553,13.847066,13.917067,14.984755,15.396264,16.285602,17.096969,18.945808,20.988517,21.232277,22.076225,21.245906,22.119392,21.286222,22.446321,24.80241,24.687422,26.778589,20.465057,20.031934,19.941601
JPN,1091.9509,1102.1888,1110.6067,1104.5466,1155.2769,1167.3682,1178.1769,1173.4244,1139.4191,1175.981,1197.9972,1185.7333,1217.3536,1226.1383,1221.8213,1228.5067,1205.6456,1241.7866,1174.1876,1112.5868,1162.5488,1213.2406,1253.7043,1261.0511,1211.8807,1172.9795,1155.3768,1137.0312
KAZ,317.1273,306.729,281.0244,248.83087,212.4024,197.26943,185.19272,176.68031,175.26297,144.06404,177.00366,136.23766,152.95277,172.19374,179.46729,191.3777,214.59664,221.088,224.51956,219.86828,248.73852,239.73226,247.3079,252.1676,266.9758,270.5225,273.3518,288.8387
KEN,11.06356,10.41377,11.21732,12.21126,12.61395,13.68618,15.06019,14.15968,15.56715,15.61911,15.9248,15.74227,15.13638,14.48771,15.91408,17.58259,19.42173,20.27411,21.36535,24.27786,24.62695,25.99332,25.03314,25.85989,27.29038,28.30397,28.50886,29.80264
KGZ,21.278963,18.236983,15.13688,12.035839,9.007764,5.869933,5.922443,6.292697,5.457235,5.086291,5.117913,5.029428,5.55931,5.947539,6.477152,6.854501,6.799266,7.665113,8.677984,7.974539,7.166496,8.443377,10.992094,10.955298,10.79475,10.932802,11.109655,11.012007
KHM,1.678193,1.7261,1.781344,1.826408,1.880046,2.91328,3.02197,3.0138,3.73921,3.7465,3.80563,4.07453,4.40265,4.64571,4.18892,4.48102,4.64603,4.97913,5.05077,6.84118,7.32918,7.65147,7.89899,7.66743,8.64452,8.98371,9.90089,10.18748
KIR,0.013917,0.013917,0.016237,0.018556,0.018556,0.018738,0.021244,0.0167,0.019195,0.019316,0.019423,0.01708,0.026947,0.027065,0.029659,0.03123,0.062782,0.067717,0.063784,0.046775,0.072289,0.072289,0.072289,0.072289,0.080848,0.084561,0.09608,0.099084
KNA,0.10634,0.10634,0.11,0.11367,0.12101,0.12834,0.13201,0.14301,0.15034,0.16134,0.17234,0.17601,0.19801,0.19805,0.21271,0.19804,0.20168,0.21638,0.21637,0.2237,0.22001,0.23103,0.22003,0.22371,0.23104,0.23593,0.24278,0.24146
KOR,256.67754,271.72546,284.99504,315.1564,332.65086,357.8097,389.2772,413.2555,353.3062,384.0646,415.5517,429.5809,450.972,458.5801,466.4377,478.1832,481.0118,498.0248,512.4338,519.4639,570.1398,601.6226,607.3272,615.7783,608.5476,619.9016,625.838,641.3559
KWT,65.712333,501.781734,39.365039,56.457236,68.061148,79.504711,74.56452,80.33827,72.51935,72.24071,72.97388,75.61123,75.55447,81.26312,84.77496,94.62513,96.74247,96.62932,103.19387,105.67897,108.03241,110.50067,123.06149,118.65448,108.93489,116.64081,117.69092,116.86833
LAO,0.459443,0.481758,0.511939,0.508295,0.537219,0.721472,0.91937,1.05931,1.136906,1.389984,1.42916,1.375559,1.570204,1.518172,1.785887,1.806103,1.914822,1.365551,1.383705,1.422232,1.699709,1.663715,1.623536,1.525631,1.466482,1.515352,1.637153,1.679503
LBN,8.353094,8.647653,10.343193,10.969964,11.818466,12.553804,12.600977,14.803491,15.334668,15.305401,13.891253,14.823333,14.727878,16.446622,14.861915,14.211046,13.116141,11.811173,15.528059,18.972457,18.008889,18.325525,20.002535,20.811418,22.549435,15.994822,15.664219,15.601506
LBR,0.881733,0.687075,0.668919,0.671261,0.649695,0.649348,0.679923,0.757954,0.834793,0.918137,0.997085,1.106193,1.127273,1.20619,1.376851,1.512634,1.584603,1.50415,1.478,1.46878,1.77599,1.89886,2.01927,2.01906,1.9805,2.22234,2.33643,2.435
LBY,0,0,0,0,0,0,0,0,0,0,0,0,0,0,0,0,0,0,0,0,0,0,0,0,0,0,0,0
LCA,0.16948086,0.17702809,0.21110737,0.23344341,0.27154567,0.32499541,0.34061112,0.32179171,0.32172199,0.3339182,0.347119,0.3844917,0.3497628,0.3882902,0.3880604,0.4030841,0.4140199,0.445075,0.4680592,0.4644078,0.4958486,0.5023781,0.502379,0.502524,0.5090901,0.519866,0.5348819,0.532218
LIE,0.2011471,0.2087124,0.2094982,0.2176637,0.2036832,0.2069285,0.2088804,0.2214156,0.2323613,0.2295057,0.2198612,0.2175594,0.2228411,0.2321314,0.2319402,0.2315559,0.23370683,0.20331883,0.2221938,0.208006,0.1934259,0.1792906,0.1878694,0.1950638,0.16337987,0.16124241,0.15115656,0.15746887
LKA,5.00363,5.31993,6.14705,6.05504,6.39547,6.79326,7.99875,8.55231,8.77915,9.50715,11.21489,11.3609,11.98095,11.92171,13.07643,12.85742,12.67612,13.02079,12.87783,13.72895,14.02996,15.65562,16.61227,16.12096,19.05975,23.54074,26.46742,28.26921
LSO,1.639634,1.705206,1.773373,1.823974,1.868663,1.896644,1.934304,1.979296,2.013622,2.086843,2.124481,2.156534,2.179822,2.211214,2.30964,2.346692,2.373227,2.411941,2.471013,2.572857,2.643669,2.708487,2.781602,2.835355,2.882604,2.953453,3.023002,3.201141
LTU,33.15959,35.2314,19.93308,16.06662,15.10325,14.12432,14.6074,14.16004,14.85108,12.44857,10.91396,11.55246,11.63359,11.62238,12.30959,13.18466,13.27804,13.49597,13.37729,12.18689,13.17344,12.307,12.33725,11.73491,11.35433,11.31614,11.65862,11.62965
LUX,10.301252,11.006074,10.832023,11.00051,10.284781,8.25111,8.358541,7.824662,7.103972,7.523347,8.086826,8.641486,9.412727,9.938969,11.266973,11.552455,11.333484,10.735864,10.662077,10.184396,10.736669,10.612633,10.410184,9.87247,9.388225,8.895988,8.614247,8.778084
LVA,19.32574,17.83699,14.47134,12.36749,10.70263,9.46815,9.54576,8.98417,8.57825,7.9456,7.34048,7.74772,7.75838,7.94175,7.97152,8.07329,8.50798,8.84351,8.38446,7.67323,8.46941,7.59963,7.2928,7.23773,7.06935,7.19343,7.2704,7.25021
MAC,0,0,0,0,0,0,0,0,0,0,0,0,0,0,0,0,0,0,0,0,0,0,0,0,0,0,0,0
MAR,23.01154,23.56052,24.34399,26.41674,27.83153,28.66495,29.52573,30.14312,30.44554,31.82092,32.49441,35.21234,35.47071,34.81498,40.58329,43.35028,44.85172,47.03103,48.79786,48.12828,51.82741,53.74111,57.60106,54.40979,55.96015,56.43342,56.90408,59.81114
MCO,0.1035221,0.104005,0.1095602,0.1080693,0.1080604,0.1049377,0.1080163,0.1064912,0.1050007,0.1057017,0.1029394,0.1038614,0.103495,0.0999747,0.0946429,0.0931682,0.0862062,0.0871414,0.08528871,0.08135946,0.07981739,0.07724259,0.08065903,0.08158843,0.07669368,0.07979574,0.07850261,0.0770168
MDA,36.61063,32.9698,26.14062,18.17312,15.147376,12.157563,12.129216,10.936598,9.652657,8.190465,7.490932,8.094799,7.799755,8.498964,9.22697,9.45085,8.56071,8.85445,9.33431,10.11384,10.39711,10.74876,10.29577,9.29469,9.93526,10.35152,10.45579,10.26373
MDG,1.75637,1.885564,1.936818,2.01252,2.307753,2.329783,2.486993,2.751854,2.917322,3.141511,3.19045,3.07671,2.64985,3.03565,3.65882,3.73152,4.82804,5.02056,4.09618,4.10331,4.44262,4.8748,5.25824,6.08661,6.15905,6.41779,6.49883,6.81908
MDV,0.1747962,0.1564296,0.2331098,0.2006307,0.2018497,0.2571616,0.2986275,0.3394733,0.3105279,0.432856,0.4535345,0.4646046,0.5970079,0.5094188,0.6707058,0.6049405,0.7627628,0.7848633,0.8475782,0.8881159,0.9399856,0.991591,1.1164285,1.0962654,1.3381152,1.2589649,1.3156147,1.3723644
MEX,307.1351,318.5091,319.7317,322.7629,340.3576,333.2487,361.0169,391.1123,415.8514,396.2256,401.8851,393.9593,409.0862,407.7229,410.0015,423.0784,445.1073,482.7451,560.9528,526.0697,498.543,494.2657,476.7043,484.4512,489.648,491.3196,518.6458,527.2993
MHL,0.05942977,0.06305269,0.06086682,0.06859939,0.07248682,0.07252973,0.07258034,0.07263817,0.07655664,0.07277317,0.08555342,0.09125995,0.09721064,0.09927306,0.10552577,0.10322664,0.1133812,0.1239233,0.126046,0.1326184,0.1347697,0.1338366,0.1342644,0.1346923,0.1499101,0.1567578,0.1770957,0.1827135
MKD,9.2043,8.5023,7.8411,8.3784,8.1755,8.2741,7.9578,8.6126,9.3224,9.1155,8.6373,8.7881,9.2063,8.6042,8.303,9.0462,8.1483,8.6567,8.7319,8.8402,8.9482,9.0562,9.1646,8.1651,7.7048,7.4053,7.2484,7.7649
MLI,0.9036797,0.9358745,0.9530567,0.9768057,1.0601506,1.0743924,1.273287,1.511502,2.174587,2.4175,2.64599,2.80538,2.94584,3.07512,3.37096,3.53571,3.75801,4.03385,4.34766,3.76729,4.3551,4.62648,4.49894,4.72565,5.90068,6.01586,6.41864,6.75942
MLT,1.9500155,2.1194997,2.3139452,2.3269919,2.4934264,2.4854541,2.4443759,2.4900471,2.4940657,2.5411764,2.5354754,2.435155,2.4293684,2.6364406,2.5487935,2.6052408,2.6124595,2.6923208,2.7687401,2.5386845,2.5402926,2.6192575,2.7787021,2.4386165,2.4265346,1.7172869,1.4142872,1.6178862
MMR,10.30893,9.90148,10.7635,10.55687,11.16623,11.83763,11.95023,12.45398,13.21135,14.35295,16.01784,14.78344,15.37974,16.79756,19.97692,19.68288,21.08438,21.48552,18.10851,18.28989,20.83886,22.62795,19.14065,21.92437,30.85569,32.07412,35.31954,36.35777
MNE,2.521806,2.572067,1.979998,1.756285,1.562714,0.930354,1.963855,1.968825,2.384216,2.449135,2.545176,2.130435,2.675886,2.54066,2.526487,2.30631,2.433047,2.296979,3.012384,2.033451,2.753168,2.905661,2.800304,2.517055,2.417087,2.56886,2.670856,2.720139
MNG,11.140803,12.93465,11.273384,10.451444,9.132918,8.958849,7.325887,7.128354,7.23945,7.210163,7.565798,7.584659,8.109601,8.007531,8.166852,9.887642,11.675241,12.081058,12.078489,12.650657,13.44492,15.06348,16.62049,18.08096,17.61692,18.24602,20.60783,21.30884
MOZ,3.18035,3.17391,3.19129,3.29561,3.25207,3.3436,3.23421,3.32417,3.38603,3.48553,3.71358,3.99456,3.9741,4.34867,4.88489,5.18787,5.48902,5.81936,5.94559,6.24141,6.55224,7.21833,8.14803,8.48844,13.00563,13.56571,13.6603,14.38189
MRT,0.945319,0.884793,0.899701,0.975611,1.072985,1.129469,1.182926,1.234707,1.193221,1.233576,1.227676,1.281916,1.402219,1.45553,1.665367,1.748222,2.169617,2.434256,2.374814,2.664751,2.793525,2.923238,2.982274,3.141025,3.159635,3.567735,3.813145,4.014855
MSR,0,0,0,0,0,0,0,0,0,0,0,0,0,0,0,0,0,0,0,0,0,0,0,0,0,0,0,0
MUS,1.386,1.4451,1.6188,1.6848,1.5389,1.7369,1.7955,1.7941,1.9106,2.0987,2.2873,2.4749,2.4928,2.6601,2.6598,2.8205,3.4431,3.5493,3.6767,3.6676,3.9183,3.9691,4.0627,4.2153,4.3824,4.6064,4.7632,4.92
MWI,1.467734,1.51856,1.534648,1.608147,1.65259,1.613049,1.622245,1.66115,1.68155,1.71073,1.67778,1.66526,1.6812,1.74323,2.05209,2.02574,2.06424,2.0662,2.25044,2.17831,2.45034,2.5207,2.47463,2.61829,2.66294,2.76348,2.80023,2.92297
MYS,63.30996,75.13299,81.12144,93.02112,98.53344,105.75721,123.50604,141.80363,133.08614,144.91997,157.64246,164.68768,171.05125,184.09182,199.17259,224.63033,220.71118,233.65372,240.25788,230.06184,258.55206,241.43252,241.49119,260.03951,266.98112,279.26172,276.24362,278.34322
NAM,0.967157,1.052814,1.145374,1.360599,1.526677,1.572678,1.66909,1.724196,1.866178,2.006865,2.049795,2.230749,2.279955,2.570913,2.638221,2.78717,2.941997,3.025755,2.872446,2.957232,3.077832,2.924623,3.163933,2.992453,3.393663,3.462084,3.541408,3.758832
NER,1.187,1.36552,1.56762,1.8483,2.05126,2.30001,2.69592,2.98512,3.38529,3.65178,3.13218,2.408183,3.02005,3.14386,3.50247,3.25082,3.16543,3.22511,3.39901,3.82029,4.36535,4.70142,5.95124,6.28568,6.78644,5.84861,6.18527,6.46184
NGA,243.1652,251.5957,261.0458,264.7479,245.8911,253.2167,277.0917,243.07,205.299,186.2615,222.4486,232.3796,216.6615,242.1786,241.1217,238.6627,222.6817,213.1941,208.5189,183.4128,203.4024,209.082,210.4932,194.9779,189.9645,203.7522,204.9235,204.8217
NIC,1.9507,1.8847,2.255,2.1744,2.387,2.618,2.695,2.9554,3.234,3.4504,3.498,3.707,3.762,3.9674,4.1654,4.0554,4.202,4.3414,4.158,4.2314,4.235,4.532,4.312,4.2277,4.5137,5.3291,5.5594,5.5177
NIU,0.004438086,0.004436472,0.004434809,0.004432874,0.004430539,0.004499893,0.004571462,0.004643041,0.00471463,0.004786328,0.004857936,0.005002353,0.005146769,0.005288823,0.005433239,0.005577656,0.006748317,0.008160091,0.004874582,0.005084762,0.005084762,0.010146012,0.010146296,0.010146581,0.015200866,0.01589715,0.018058434,0.018621719
NLD,159.31237,167.75367,167.61178,167.91442,168.29029,170.00856,179.9573,171.73285,172.47313,166.91442,167.77611,173.47121,172.90206,176.47582,177.68948,173.71696,169.10233,169.46706,173.01936,167.96341,179.6649,166.39575,163.16596,162.98532,155.96655,163.38618,163.4295,161.05412
NOR,29.77536,28.88054,29.93061,31.00863,32.5488,32.97171,36.07452,36.04614,36.17069,37.00354,36.41858,38.29528,37.93334,39.30821,39.10652,38.70894,39.61554,41.14048,39.90763,39.89161,41.42869,40.58275,40.11766,39.96923,39.90959,40.20605,39.25704,38.40189
NPL,2.57498,2.94444,3.30812,3.46861,3.73274,4.11076,4.62187,5.0064,4.49773,5.52604,5.50706,5.77885,5.22112,5.49339,5.38743,5.86356,5.39164,5.4948,6.37729,6.90887,7.55946,7.72526,7.74841,8.53198,9.93255,10.29263,11.2785,11.58158
NRU,0.032094,0.032094,0.03115,0.029262,0.028318,0.02597,0.023592,0.021945,0.019414,0.016275,0.013289,0.020551,0.027813,0.035075,0.03354,0.029544,0.019545,0.017241,0.024022,0.030803,0.037584,0.034452,0.034452,0.037584,0.040716,0.042586,0.048388,0.049901
NZL,23.78939,24.20824,26.1061,25.55242,25.86772,25.81709,27.37149,29.35868,27.81693,29.23614,30.03191,32.04776,32.07183,33.52259,33.08964,34.58146,34.75702,33.4509,34.84717,32.13042,32.20761,31.29219,32.82972,32.15787,32.33901,32.41203,31.11598,32.88472
OMN,35.488947,33.815665,33.885047,34.796704,31.511215,33.127915,32.124393,33.280351,30.81969,35.080227,36.669465,37.626388,43.350968,52.183836,47.0945,48.926706,57.858505,60.897024,59.97511,58.28625,64.43243,71.29168,76.37248,80.23457,80.05407,82.98067,83.92577,83.65907
PAK,79.0164,79.1276,84.3293,90.2294,97.19,97.3039,107.4337,107.7793,111.2413,114.3692,124.2324,126.6201,128.7794,134.2172,147.2811,151.6981,159.3797,170.7311,168.5559,168.7689,171.3597,172.5537,173.6522,175.3777,177.2866,185.219,201.0085,214.2542
PAN,2.6144,3.091,4.1177,3.6557,4.0297,2.6767,4.301,5.2947,5.5771,5.2911,5.3167,6.5964,5.4964,5.7091,5.28,6.3141,6.8457,6.6734,6.4534,7.7624,8.4151,9.2181,8.9614,9.5371,7.7074,9.696,10.1151,10.0392
PCN,0,0,0,0,0,0,0,0,0,0,0,0,0,0,0,0,0,0,0,0,0,0,0,0,0,0,0,0
PER,20.8477,20.06449,20.17128,23.0298,22.38793,22.43451,22.68015,25.16844,25.22187,26.67461,27.4156,24.79315,25.04649,24.53111,29.74324,34.90326,32.58376,40.561635,38.5348,49.059203,55.729169,48.12771,52.53785,53.89305,58.50821,64.36167,68.69603,65.81653
PHL,45.5431,47.13811,51.92911,51.66753,56.04529,61.0634,61.45608,69.27551,68.2137,68.17544,72.67529,72.66976,72.71927,72.66741,75.05251,75.07629,69.34065,73.94829,80.53985,79.29161,87.18561,88.33372,92.51688,99.13682,104.7993,113.78979,124.02377,132.87815
PLW,0.234691775,0.23469295,0.234698025,0.234699575,0.234700725,0.234697675,0.23472035,0.238379125,0.2383752,0.2420379,0.249398925,0.253055325,0.249383075,0.253042225,0.253043625,0.260391275,0.264060725,0.26039163,0.25305865,0.245728275,0.2530643,0.253065725,0.253065175,0.256737033,0.260408812,0.272360591,0.30945237,0.319134149
PNG,2.1522,2.0755,2.0645,2.006,2.1942,2.0673,2.1948,2.6209,3.5697,2.566,2.955,3.3467,3.675,4.1034,4.71,5.0117,5.0934,6.6107,5.5834,5.279,4.7211,5.2839,5.0308,6.3237,6.4453,6.7203,7.5953,7.8158
POL,389.574,385.9277,377.2123,378.3569,371.1621,372.7032,387.3373,377.9028,347.7649,339.815,326.8115,327.5058,320.1544,332.3433,334.2155,333.8825,346.1206,343.549,337.6848,325.8139,343.5615,340.316,334.453,329.9816,315.9272,320.0982,330.4198,343.3686
PRK,185.43559,180.16852,159.38038,149.19973,139.13837,121.92183,101.61088,91.80485,78.81106,78.16675,74.78182,79.91328,79.29814,81.05994,83.15536,87.38578,88.68399,73.9771,81.67439,81.20365,76.88271,57.46152,58.45372,45.24154,49.87632,51.6616,57.11078,58.56347
PRT,41.67355,43.39146,47.90217,46.50967,47.20423,50.68727,48.0065,50.59657,54.95202,62.30199,60.9574,60.957,64.4879,59.3108,61.56179,63.95918,59.55658,56.44199,54.47254,53.22935,48.75384,48.05659,46.59964,44.44868,43.96089,48.23786,47.11759,51.20315
PRY,3.44551,3.4889,3.84346,4.10921,4.5306,5.01032,4.71696,5.08356,5.19128,4.96731,4.12607,4.37129,4.67832,4.92534,5.06529,4.86444,5.45984,6.03858,6.35799,6.0032,6.50948,6.63787,6.81131,7.35626,7.68169,7.82332,8.18515,8.33578
QAT,25.5401,31.089,39.905,43.4268,41.9627,42.2759,45.3554,59.1063,52.768,53.4873,57.7367,62.7817,62.7513,65.5661,69.2916,77.0068,91.7485,94.8942,101.2614,108.7443,121.9471,139.0234,155.4648,139.5624,164.9793,181.5835,183.4983,189.2883
ROU,176.82185,148.55316,142.15371,133.24243,132.48326,135.46162,139.49847,139.88943,122.63101,106.29555,100.85982,104.98494,106.55595,108.74977,104.61349,102.97115,105.10654,105.68392,105.5169,91.78711,86.09137,91.17202,88.64004,79.89922,79.1607,78.75262,76.40513,75.54489
RUS,2593.0206,2472.1251,2041.7074,1943.4258,1725.2037,1689.0076,1662.3949,1558.7931,1549.5257,1565.5121,1534.573,1577.3086,1556.8527,1597.6373,1607.1728,1625.3115,1673.7529,1669.68,1700.3424,1603.1738,1687.8721,1743.8129,1759.838,1683.904,1677.4009,1679.387,1679.0742,1717.1583
RWA,0.878028,0.830858,0.856238,0.852183,0.850612,1.077166,1.121785,1.31743,1.33065,1.42271,1.201352,1.21149,1.20259,1.23886,1.382076,1.420131,1.466553,1.501223,1.519987,1.583129,1.63636,1.73803,1.82345,1.899114,1.966688,2.030373,2.046507,2.126681
SAU,185.1337,244.7124,254.136,271.2891,287.7081,231.6735,253.0239,222.652,213.5745,224.6338,286.3243,286.6619,310.2836,320.2323,375.2888,382.019,413.4133,374.9972,414.2335,437.0156,483.3424,463.3096,512.9472,491.7821,542.0733,557.224,567.2865,563.2836
SDN,10.32009,10.09393,9.69585,8.56257,10.65349,10.68704,10.86115,11.84096,11.17625,11.75402,12.73105,13.66198,15.83107,16.44968,18.74258,18.35233,19.33594,21.24771,21.60632,22.38234,22.44493,21.50108,20.87911,22.61436,22.61569,23.32792,23.21385,24.21248
SEN,3.921709,4.153977,4.166003,4.296758,4.556871,4.193078,4.409451,3.930238,4.063031,4.360495,4.309971,4.620267,4.761589,5.203733,5.110393,5.536612,4.506959,5.009697,4.994056,4.511273,7.276855,7.640907,7.217915,7.472198,8.033635,8.246772,8.765708,9.181545
SGP,20.03106,20.43441,21.89156,22.94209,27.6153,21.6446,26.9208,34.61756,31.52848,35.85739,38.58371,39.41047,37.95592,25.52571,23.56596,25.1493,25.59292,16.9831,30.07201,46.06546,46.11191,46.22516,47.62177,72.35435,73.27369,77.73013,83.32596,87.8231
SGS,0,0,0,0,0,0,0,0,0,0,0,0,0,0,0,0,0,0,0,0,0,0,0,0,0,0,0,0
SHN,0,0,0,0,0,0,0,0,0,0,0,0,0,0,0,0,0,0,0,0,0,0,0,0,0,0,0,0
SLB,0.14667,0.14667,0.143,0.143,0.13933,0.143,0.143,0.143,0.143,0.15033,0.15033,0.15767,0.15767,0.16133,0.16133,0.16133,0.165,0.17967,0.187,0.19434,0.198,0.198,0.198,0.20167,0.20167,0.21093,0.23966,0.24716
SLE,1.139003,1.195521,1.085298,1.074556,1.062454,0.948651,0.993012,1.035662,1.049152,1.071235,1.143843,1.284453,1.300923,1.35065,1.514652,1.452936,1.62052,1.536458,1.588856,1.61854,1.70027,1.89703,2.02617,2.26667,2.39805,2.27052,2.3775,2.46928
SLV,2.597304,3.25107,3.557953,3.818679,4.62392,5.043407,4.556884,5.435608,5.757987,5.66721,5.697735,5.852579,5.869464,6.359486,6.242698,6.41078,6.7229,6.754472,6.327428,6.188019,6.062832,6.235817,6.222503,5.917063,6.053056,7.635749,7.937043,7.861226
SMR,0.17338565,0.17824632,0.17894644,0.1793574,0.1800073,0.1929914,0.1936529,0.1986645,0.2055701,0.2089074,0.2152861,0.2163248,0.218775,0.2273642,0.2308169,0.2330415,0.2319139,0.2305776,0.2257574,0.2052426,0.2100414,0.2083694,0.1965981,0.1770833,0.1646922,0.1870912,0.1838801,0.180689
SOM,1.61275,1.61501,1.67182,1.64603,1.61152,1.55898,1.58196,1.64449,1.66331,1.7268,1.79274,1.87166,1.9851,2.03931,2.42803,2.54224,2.60187,2.67956,2.76679,2.82857,2.92493,2.9787,3.00724,3.21815,3.3173,3.44449,3.53477,3.67484
SRB,58.35138,37.01709,45.70661,40.38874,38.81259,40.6992,46.84124,50.30087,52.90765,36.95723,41.02145,43.58113,46.57597,49.8471,53.96298,50.79649,54.71927,52.98513,52.58859,46.69126,46.92113,50.47019,45.15537,45.97699,38.7029,49.08392,51.31833,52.27724
SSD,0.49347,0.46177,0.40859,0.27826,0.40333,0.40287,0.41775,0.52136,0.45571,0.49838,0.57114,0.64313,0.81363,0.9066,1.1672,1.1503,1.2633,1.4873,1.5468,1.6132,1.607,1.5009,1.4621,1.6281,1.6867,1.7668,1.7563,1.8678
STP,0.05359499,0.0541145,0.0539324,0.0540514,0.05314637,0.05333341,0.05311371,0.05379545,0.05312412,0.05367452,0.0654284,0.0671208,0.0747999,0.0846871,0.0914478,0.0965526,0.1012017,0.1032592,0.1050122,0.1128459,0.1209276,0.1251425,0.1363564,0.1389949,0.1399814,0.1578278,0.1631853,0.1643717
SUR,1.7825794,2.0653172,2.0790302,2.05266,2.0546001,2.0733351,2.087965,2.1084261,2.112048,2.135463,2.217956,2.390895,1.583704,1.555328,1.577298,1.614176,1.768415,1.785555,1.964528,2.031234,2.432269,1.992721,2.260179,1.913474,1.988047,2.344421,2.460794,2.486869
SVK,56.27265,49.89294,45.71038,41.78836,39.38218,38.97252,38.65081,38.51381,38.04354,37.36985,36.44491,38.43348,36.00283,36.85579,36.41808,36.96779,36.04648,34.43571,35.01498,32.4136,32.91746,32.45992,29.9419,29.83673,27.39754,28.24777,28.4883,29.44773
SVN,14.65072,13.76497,13.76709,14.24338,14.43362,15.11431,15.80691,16.13454,15.8487,15.16377,15.24768,16.10987,16.22119,15.95595,16.29818,16.53711,16.70811,16.82875,17.849,16.26059,16.32203,16.33131,15.76854,15.03727,13.25066,13.39949,14.24344,14.00005
SWE,53.20032,53.6536,53.78738,53.68605,55.83807,55.12206,59.28935,54.28116,54.93841,52.23916,50.54433,51.82973,52.22049,52.59544,51.24077,48.91185,50.48159,48.84986,46.98687,44.45411,48.62437,44.00025,41.54301,40.52467,39.09359,38.20032,37.3628,36.88971
SWZ,0.52196,0.421291,0.357857,0.225352,0.582709,0.552758,0.437156,1.305626,1.320716,1.358091,1.312939,1.277043,1.253185,1.169532,1.19691,1.169072,1.172053,1.243722,1.268241,1.221298,1.223505,1.235109,1.397725,1.28914,1.408633,1.443727,1.47812,1.565524
SXM,0,0,0,0,0,0,0,0,0,0,0,0,0,0,0,0,0,0,0,0,0,0,0,0,0,0,0,0
SYC,0.164934,0.190164,0.18765,0.198922,0.214723,0.21212,0.247385,0.358127,0.444287,0.522204,0.595803,0.659143,0.570188,0.585168,0.775587,0.728569,0.771275,0.687035,0.747864,0.579504,0.499902,0.398158,0.496446,0.469321,0.564407,0.506532,0.493847,0.481173
SYR,52.6342,61.50459,65.15755,71.21038,72.70265,65.23929,64.41502,59.92608,67.0647,67.39924,65.17857,59.00964,47.29374,62.02534,57.78704,56.92739,59.19535,71.74322,72.17896,67.59564,67.12087,61.90954,48.04219,38.50705,32.06701,47.45566,45.60085,44.50415
TCA,0,0,0,0,0,0,0,0,0,0,0,0,0,0,0,0,0,0,0,0,0,0,0,0,0,0,0,0
TCD,0.769813,0.70251,0.754188,0.77326,0.843249,0.833006,0.866585,0.91411,0.95131,1.00316,1.04782,1.09067,1.13943,1.89464,2.47777,2.61845,2.69779,3.08938,3.1875,3.14074,3.19498,3.27489,3.27281,3.90248,4.09355,4.32749,4.52351,4.6973
TGO,1.006057,1.090314,1.301527,1.289851,1.589475,1.95047,2.286898,2.290402,2.30301,2.708887,2.60151,2.454637,2.57263,2.852349,2.801096,2.795258,2.743114,2.726681,3.040128,4.35887,4.207653,4.06571,3.85188,4.10624,4.3906,4.84186,5.0882,5.29306
THA,98.8782,109.3376,117.1474,128.8257,142.0091,161.0296,178.269,185.8967,171.5142,182.751,188.2699,200.4144,212.9199,229.9365,248.6006,252.514,256.866,262.5598,266.0922,279.4433,298.8707,293.3578,312.8229,315.3065,332.922,342.917,350.329,356.0513
TJK,17.418713,16.910379,14.232835,12.2299391,6.7450307,4.597417,3.0308403,3.1785251,2.2514999,2.3783025,2.2297837,2.4624999,2.1801723,2.3306448,2.6908296,1.9818495,2.7899349,1.8425648,1.9021395,1.4725072,1.347213,1.2557458,1.5965924,1.8206792,2.5122005,1.9682377,1.991376,1.9561083
TKL,0,0,0,0,0,0,0,0,0,0,0,0,0,0,0,0,0,0,0,0,0,0,0,0,0,0,0,0
TKM,52.142633,52.134186,36.580093,38.753111,34.822444,35.546219,37.617041,28.942695,32.421888,43.531636,52.447314,53.887067,57.850161,63.154745,61.44723,65.939529,68.036939,70.440227,73.724533,56.462357,63.485399,73.427893,78.463857,80.793219,82.650616,91.371313,90.29711,93.25861
TLS,0.09241348,0.11524652,0.12946339,0.12992526,0.19854996,0.21602609,0.2551581,0.3225791,0.3691566,0.681828,0.8906551,0.5661567,0.5204342,0.5086627,1.3183257,0.82228,0.9475078,1.4030565,1.3828191,1.5643677,1.429902,1.6328312,1.6104906,1.9325893,2.0413258,2.0299322,2.1276587,2.2254852
TON,0.07764557,0.0960535,0.07049999,0.08519836,0.09258051,0.09625937,0.07841608,0.10020305,0.0891411,0.11123558,0.09684769,0.08942837,0.10387591,0.11853963,0.11129834,0.11519249,0.13008537,0.11531197,0.12285595,0.13392996,0.11941968,0.10471146,0.1084363,0.11579896,0.12319372,0.12881848,0.14612324,0.150678
TTO,21.505277,21.693839,24.088665,22.458314,21.500932,19.91292,24.427781,21.73622,22.351269,26.396403,29.173043,32.082118,35.081466,40.936857,43.130457,48.925322,55.451443,58.942004,57.828045,58.358259,61.68717,60.114697,58.708319,63.033438,63.582487,63.577835,63.210683,62.375832
TUN,12.99869,15.28643,15.85263,17.56643,16.8163,16.2514,17.53898,17.94758,19.09934,19.40161,20.37239,21.34172,21.22491,21.58214,22.46469,22.95074,23.43541,24.52577,25.52811,25.64824,28.17187,27.12677,27.9991,28.69261,29.16432,25.50733,24.76683,26.07324
TUR,143.7712,146.8051,152.7471,158.6171,155.7192,168.708,185.6377,198.4682,198.9343,196.6069,218.3136,200.7929,207.2521,222.2604,228.5896,246.2653,263.1298,292.2112,289.9693,294.5808,287.9455,310.3968,321.7694,309.0219,327.194,342.2623,360.9545,381.112
TUV,0.0073334,0.0073334,0.0073334,0.0073334,0.0073334,0.0073334,0.0073334,0.0073334,0.0073334,0.0073334,0.0073334,0.0073334,0.011,0.011,0.011,0.011,0.0073334,0.011,0.011,0.011,0.0073334,0.0073334,0.011,0.011,0.011,0.011505,0.013073,0.013481
TWN,0,0,0,0,0,0,0,0,0,0,0,0,0,0,0,0,0,0,0,0,0,0,0,0,0,0,0,0
TZA,5.82823,6.04042,6.04415,6.41522,6.45015,7.51818,7.44606,6.99393,7.0465,7.51848,8.25192,9.1776,9.98089,10.45898,11.3709,12.82852,13.6378,13.56438,13.90408,13.79624,15.02024,16.17111,17.66173,20.16208,20.62645,20.42302,21.26179,22.10056
UGA,4.05717,4.13793,4.3369,4.38638,4.42659,4.49799,4.59432,4.82366,5.07664,5.28957,5.5489,5.74292,5.7925,5.93341,6.66689,7.19088,7.62803,8.05893,8.247,8.60827,9.26215,9.60537,9.39637,10.36652,10.83621,11.028,11.41569,11.80328
UKR,759.8205,696.1185,647.6003,580.0465,483.8607,467.7774,418.6073,402.685,393.7772,364.8731,343.2411,350.5455,330.0891,330.1303,333.9971,336.5133,343.0527,344.1765,327.3084,288.3602,300.089,310.1565,303.2937,291.136,254.4116,217.1871,229.8168,221.4949
UMI,0,0,0,0,0,0,0,0,0,0,0,0,0,0,0,0,0,0,0,0,0,0,0,0,0,0,0,0
URY,3.945443,4.523846,5.156551,4.42563,3.909727,4.50002,5.341511,5.395411,5.489753,6.579571,5.105114,4.67331,4.182448,4.102025,5.318403,5.481184,6.32968,5.638023,7.77071,7.48711,6.07937,7.42659,8.50017,7.38687,6.53586,8.29605,8.71681,8.82398
USA,5366.508,5325.8271,5423.7433,5518.1945,5612.2956,5658.2482,5842.7873,5912.0642,5954.3083,6025.3201,6191.4866,6112.0213,6143.6118,6197.2194,6301.6714,6327.6025,6243.508,6310.6237,6136.8052,5730.4381,5913.5304,5769.8179,5555.9681,5712.0975,5753.0321,5600.9246,5481.1026,5440.1706
UZB,159.87942,161.81034,155.26022,188.57833,168.96942,171.52174,177.05756,165.89893,159.56009,169.0406,187.65182,190.99435,195.86814,192.60937,188.22536,186.80849,204.1349,203.28457,215.69359,190.29688,179.847546,183.220677,183.82113,186.698064,189.480765,186.570966,188.005367,192.584568
VAT,0,0,0,0,0,0,0,0,0,0,0,0,0,0,0,0,0,0,0,0,0,0,0,0,0,0,0,0
VCT,0.08216598,0.07165415,0.07413997,0.08579673,0.09590802,0.10278958,0.10688118,0.10781971,0.14403963,0.16536287,0.15793056,0.188994,0.19284242,0.20153418,0.22106019,0.22111648,0.22093044,0.22849626,0.22833495,0.31135818,0.22039766,0.19972424,0.25407457,0.21085656,0.21100616,0.21551576,0.22177536,0.22074496
VEN,144.3121,138.0247,129.3814,151.2783,158.272,168.9645,158.8014,172.3358,207.4439,208.3453,188.5116,205.5044,222.9601,219.1434,183.377,197.2971,198.8127,190.6795,209.9988,210.2823,220.2298,210.5805,235.5165,214.2932,215.5991,205.7417,195.9959,189.3185
VGB,0,0,0,0,0,0,0,0,0,0,0,0,0,0,0,0,0,0,0,0,0,0,0,0,0,0,0,0
VNM,22.40761,22.37486,22.03983,23.6447,26.3028,29.66575,35.54581,45.38796,47.92065,49.43974,54.01853,61.82293,70.52118,79.21324,94.20899,101.90397,106.69058,107.96611,120.94378,130.02107,142.77186,152.64093,144.5414,149.8777,169.43213,194.43724,206.24165,208.30766
VUT,0.066001,0.066001,0.062334,0.062334,0.062334,0.066001,0.084334,0.084334,0.080667,0.084334,0.084334,0.088001,0.084334,0.084334,0.058667,0.058667,0.047667,0.099001,0.095334,0.121,0.121,0.132,0.11367,0.10633,0.154,0.16107,0.18302,0.18874
WSM,0.10267,0.10633,0.11,0.11,0.11367,0.11733,0.12467,0.12833,0.132,0.13567,0.143,0.14667,0.14667,0.154,0.15033,0.16133,0.165,0.17233,0.17967,0.187,0.187,0.20167,0.198,0.198,0.22145,0.23162,0.26317,0.2714
YEM,9.442049,9.050726,9.823846,8.570492,9.971614,11.030893,11.801509,15.061064,14.246571,16.587929,18.129093,18.719132,17.348039,18.793826,19.593252,20.663058,22.099683,22.218018,21.95764,23.93049,22.442546,22.507243,24.004387,32.623376,29.613136,26.561796,26.190756,26.213715
ZAF,284.3875,296.3813,274.3788,292.1392,309.2622,329.6262,331.7106,351.6903,344.91,342.8869,344.429,343.3495,354.1917,377.6148,395.7661,388.7619,395.0212,423.5208,423.4967,415.3618,423.647,436.8259,417.5324,429.7979,432.6553,420.3737,422.374,412.9328
ZMB,4.72976,4.80107,4.92822,5.02557,5.04659,4.84501,4.56623,5.16054,5.20153,4.82763,4.88564,5.13201,5.28362,5.42701,5.53755,5.75462,5.79008,5.52793,5.86883,6.15462,6.31823,6.68329,7.31823,7.53966,7.98827,8.24238,8.29,8.61571
ZWE,15.40715,15.65029,16.58376,15.96103,17.15106,17.04743,18.72735,19.92814,21.98411,27.7637,27.0084,23.1093,20.57024,17.05348,13.70921,13.53006,11.027593,10.494686,8.144411,5.794914,7.991623,9.74178,7.705885,11.49709293,11.78879313,12.3212949,12.15059667,12.92679845
