cat,IPC5
clss,NOTCOV
ent,KYOTOGHG
gwp,AR4
note,"Part of emissions not-covered by an (I)NDC, based on per-country, per-main-sector and per-kyoto-GHG information from countries' (I)NDCs and their corresponding HISTCR_PRIMAPHIST21 emissions."
scen,HISTORY
srce,PRIMAPHIST21
tablename,KYOTOGHG_IPC5_NOTCOV_EMI_HISTORY_PRIMAPHIST21
tpe,EMI
unit,MtCO2eq
ISO3,1990,1991,1992,1993,1994,1995,1996,1997,1998,1999,2000,2001,2002,2003,2004,2005,2006,2007,2008,2009,2010,2011,2012,2013,2014,2015,2016,2017
ABW,0.0027148000000000003,0.0027416,0.002977,0.0032452,0.0032661,0.0034031999999999995,0.00076824,0.00086152,0.0012161,0.0012924000000000002,0.0016628,0.0016599,0.0015407,0.0015198,0.0014572,0.0014125,0.0014006,0.0015049000000000002,0.0015019,0.0015675,0.0016748000000000002,0.001633,0.0016479,0.0016429000000000005,0.0016591999999999998,0.0016754,0.0016917000000000002,0.001708
AFG,0.0,0.0,0.0,0.0,0.0,0.0,0.0,0.0,0.0,0.0,0.0,0.0,0.0,0.0,0.0,0.0,0.0,0.0,0.0,0.0,0.0,0.0,0.0,0.0,0.0,0.0,0.0,0.0
AGO,0.0,0.0,0.0,0.0,0.0,0.0,0.0,0.0,0.0,0.0,0.0,0.0,0.0,0.0,0.0,0.0,0.0,0.0,0.0,0.0,0.0,0.0,0.0,0.0,0.0,0.0,0.0,0.0
AIA,8.7999e-05,0.00010934,0.00011378,0.00013184,0.00017239,0.00022365,0.00021632,0.00017704,0.00014656,0.00013356,0.00016968,0.00016426,0.00010555,0.00012319,0.00010886,0.0001057,0.00010129,8.972799999999999e-05,0.000111,0.00014888,0.00017928,0.0001912,0.00019155,0.00015485,0.00015696,0.00015906,0.00016116,0.00016327
ALB,0.038144,0.027952,0.018983,0.018476,0.019817,0.018416,0.01791,0.014572,0.018297,0.032244,0.032512,0.03284,0.036445,0.035936,0.040349,0.039068,0.034032,0.033233,0.035203,0.028316,0.027401,0.029618,0.028092,0.032059,0.032037,0.032014999999999995,0.031992,0.03197
AND,0.0021513,0.0022849,0.0022918,0.002258,0.002221,0.0022348000000000003,0.0021854,0.002062,0.0020502,0.001898,0.0018137,0.0018292,0.0018039,0.0018452,0.001866,0.0018872,0.0018698,0.0018476,0.0018139,0.0017284000000000002,0.0017273,0.0016315,0.0015679,0.0016471,0.0016265,0.0016059000000000002,0.0015853,0.0015646
ANT,0.024034,0.025264,0.026406,0.021422,0.025548,0.025676,0.024889,0.040862,0.041494,0.040316000000000005,0.040641,0.040677,0.039479,0.039509,0.040126,0.041348,0.041377,0.044414,0.04442,0.039551,0.034061,0.043788,0.043487,0.041644,0.041727,0.04181,0.041893,0.041976
ARE,0.34631,0.38481,0.37643,0.39428,0.41792,0.43618,0.47203,0.45734,0.46068,0.4663100000000001,0.47918,0.47099,0.53133,0.56182,0.5746600000000001,0.5766600000000001,0.59216,0.61939,0.67673,0.69738,0.71597,0.72623,0.78937,0.78217,0.80545,0.82873,0.8520200000000001,0.8753
ARG,0.0,0.0,0.0,0.0,0.0,0.0,0.0,0.0,0.0,0.0,0.0,0.0,0.0,0.0,0.0,0.0,0.0,0.0,0.0,0.0,0.0,0.0,0.0,0.0,0.0,0.0,0.0,0.0
ARM,0.08215900000000001,0.087436,0.050407,0.025276,0.0083351,0.0090115,0.0065798,0.0081622,0.008460200000000001,0.0081056,0.012436,0.01202,0.010212,0.010886,0.011312,0.013559,0.014015,0.021754,0.024543,0.020499,0.020845,0.023742,0.0235,0.025512,0.026735,0.027958,0.029181,0.030404
ATA,0.0,0.0,0.0,0.0,0.0,0.0,0.0,0.0,0.0,0.0,0.0,0.0,0.0,0.0,0.0,0.0,0.0,0.0,0.0,0.0,0.0,0.0,0.0,0.0,0.0,0.0,0.0,0.0
ATG,0.0,0.0,0.0,0.0,0.0,0.0,0.0,0.0,0.0,0.0,0.0,0.0,0.0,0.0,0.0,0.0,0.0,0.0,0.0,0.0,0.0,0.0,0.0,0.0,0.0,0.0,0.0,0.0
AUS,0.0,0.0,0.0,0.0,0.0,0.0,0.0,0.0,0.0,0.0,0.0,0.0,0.0,0.0,0.0,0.0,0.0,0.0,0.0,0.0,0.0,0.0,0.0,0.0,0.0,0.0,0.0,0.0
AUT,0.0,0.0,0.0,0.0,0.0,0.0,0.0,0.0,0.0,0.0,0.0,0.0,0.0,0.0,0.0,0.0,0.0,0.0,0.0,0.0,0.0,0.0,0.0,0.0,0.0,0.0,0.0,0.0
AZE,0.0,0.0,0.0,0.0,0.0,0.0,0.0,0.0,0.0,0.0,0.0,0.0,0.0,0.0,0.0,0.0,0.0,0.0,0.0,0.0,0.0,0.0,0.0,0.0,0.0,0.0,0.0,0.0
BDI,0.044223,0.045594,0.047144,0.048693,0.054355,0.054385,0.057484,0.061448,0.062908,0.050183,0.051822,0.07342699999999999,0.078374,0.08195,0.079596,0.081354,0.085347,0.086867,0.08934,0.091754,0.094615,0.097386,0.097774,0.10484,0.10792,0.111,0.11408,0.11717
BEL,0.0,0.0,0.0,0.0,0.0,0.0,0.0,0.0,0.0,0.0,0.0,0.0,0.0,0.0,0.0,0.0,0.0,0.0,0.0,0.0,0.0,0.0,0.0,0.0,0.0,0.0,0.0,0.0
BEN,0.037161,0.037757,0.038412,0.039515,0.040379000000000005,0.041005,0.049647,0.051703,0.052329,0.052061,0.044581,0.047054,0.050898,0.054176,0.055755999999999986,0.059064,0.06943400000000001,0.079864,0.081354,0.08671799999999999,0.093572,0.097148,0.10013,0.10157,0.10573,0.10989000000000003,0.11405,0.11821
BES,0.0,0.0,0.0,0.0,0.0,0.0,0.0,0.0,0.0,0.0,0.0,0.0,0.0,0.0,0.0,0.0,0.0,0.0,0.0,0.0,0.0,0.0,0.0,0.0,0.0,0.0,0.0,0.0
BFA,0.0,0.0,0.0,0.0,0.0,0.0,0.0,0.0,0.0,0.0,0.0,0.0,0.0,0.0,0.0,0.0,0.0,0.0,0.0,0.0,0.0,0.0,0.0,0.0,0.0,0.0,0.0,0.0
BGD,0.24704,0.24734,0.26224000000000003,0.2676,0.27446,0.30068,0.29293,0.31618,0.32214,0.32303000000000004,0.33614,0.36952,0.37906,0.3871,0.40498,0.44074,0.46935,0.51405,0.5676899999999999,0.6147699999999999,0.6711,0.68212,0.69106,0.71467,0.74424,0.7738,0.8033600000000001,0.8329200000000001
BGR,0.0,0.0,0.0,0.0,0.0,0.0,0.0,0.0,0.0,0.0,0.0,0.0,0.0,0.0,0.0,0.0,0.0,0.0,0.0,0.0,0.0,0.0,0.0,0.0,0.0,0.0,0.0,0.0
BHR,0.045326,0.045058,0.048574,0.048306,0.049438,0.04911,0.050213,0.04911,0.052508000000000006,0.051763,0.052508000000000006,0.053878,0.057425,0.060822,0.054892,0.056888,0.063295,0.063712,0.055994,0.052805999999999985,0.051077,0.049855,0.049408,0.054130999999999985,0.054007000000000006,0.053883000000000014,0.053759,0.053635
BHS,0.0,0.0,0.0,0.0,0.0,0.0,0.0,0.0,0.0,0.0,0.0,0.0,0.0,0.0,0.0,0.0,0.0,0.0,0.0,0.0,0.0,0.0,0.0,0.0,0.0,0.0,0.0,0.0
BIH,0.0,0.0,0.0,0.0,0.0,0.0,0.0,0.0,0.0,0.0,0.0,0.0,0.0,0.0,0.0,0.0,0.0,0.0,0.0,0.0,0.0,0.0,0.0,0.0,0.0,0.0,0.0,0.0
BLR,0.0,0.0,0.0,0.0,0.0,0.0,0.0,0.0,0.0,0.0,0.0,0.0,0.0,0.0,0.0,0.0,0.0,0.0,0.0,0.0,0.0,0.0,0.0,0.0,0.0,0.0,0.0,0.0
BLZ,0.0048604,0.005358,0.0051792,0.0049528,0.0051882,0.0057097,0.005519,0.0074887,0.0088625,0.0085973,0.011068,0.013309,0.01023,0.010171,0.010803,0.010636,0.010805,0.011005,0.011318,0.011598,0.012036,0.01327,0.013303,0.012907,0.013129,0.01335,0.013572,0.013793
BOL,0.063325,0.059123,0.060762,0.063176,0.066037,0.072861,0.07080499999999999,0.067467,0.06982100000000001,0.060852,0.058795000000000014,0.057335,0.058319,0.061388,0.07926799999999999,0.08254600000000001,0.091099,0.10013,0.1192,0.12605,0.12546,0.13917000000000002,0.15347,0.1475,0.15441,0.16132,0.16823,0.17515
BRA,0.0,0.0,0.0,0.0,0.0,0.0,0.0,0.0,0.0,0.0,0.0,0.0,0.0,0.0,0.0,0.0,0.0,0.0,0.0,0.0,0.0,0.0,0.0,0.0,0.0,0.0,0.0,0.0
BRB,0.0,0.0,0.0,0.0,0.0,0.0,0.0,0.0,0.0,0.0,0.0,0.0,0.0,0.0,0.0,0.0,0.0,0.0,0.0,0.0,0.0,0.0,0.0,0.0,0.0,0.0,0.0,0.0
BRN,0.012368,0.01322,0.014584,0.015583,0.016961,0.01816,0.019844,0.02204,0.02155,0.021078,0.021384,0.021151,0.021465,0.023034,0.022866,0.021587,0.030807,0.030056,0.030372000000000007,0.025652,0.022264,0.023137,0.023584,0.02679,0.027139,0.027488,0.027837,0.028186000000000006
BTN,0.0,0.0,0.0,0.0,0.0,0.0,0.0,0.0,0.0,0.0,0.0,0.0,0.0,0.0,0.0,0.0,0.0,0.0,0.0,0.0,0.0,0.0,0.0,0.0,0.0,0.0,0.0,0.0
BVT,0.0,0.0,0.0,0.0,0.0,0.0,0.0,0.0,0.0,0.0,0.0,0.0,0.0,0.0,0.0,0.0,0.0,0.0,0.0,0.0,0.0,0.0,0.0,0.0,0.0,0.0,0.0,0.0
BWA,0.035253,0.034151,0.039187,0.039425,0.038829,0.040677,0.038263,0.040647,0.047978,0.051345,0.052120000000000014,0.052597000000000005,0.052508000000000006,0.05209,0.051763,0.054087,0.055041,0.054206,0.059332,0.056411,0.060017,0.060345,0.062371,0.061599,0.062447,0.063295,0.064144,0.064992
CAF,0.0,0.0,0.0,0.0,0.0,0.0,0.0,0.0,0.0,0.0,0.0,0.0,0.0,0.0,0.0,0.0,0.0,0.0,0.0,0.0,0.0,0.0,0.0,0.0,0.0,0.0,0.0,0.0
CAN,0.0,0.0,0.0,0.0,0.0,0.0,0.0,0.0,0.0,0.0,0.0,0.0,0.0,0.0,0.0,0.0,0.0,0.0,0.0,0.0,0.0,0.0,0.0,0.0,0.0,0.0,0.0,0.0
CHE,0.0,0.0,0.0,0.0,0.0,0.0,0.0,0.0,0.0,0.0,0.0,0.0,0.0,0.0,0.0,0.0,0.0,0.0,0.0,0.0,0.0,0.0,0.0,0.0,0.0,0.0,0.0,0.0
CHL,0.0,0.0,0.0,0.0,0.0,0.0,0.0,0.0,0.0,0.0,0.0,0.0,0.0,0.0,0.0,0.0,0.0,0.0,0.0,0.0,0.0,0.0,0.0,0.0,0.0,0.0,0.0,0.0
CHN,14.9983,15.5765,16.2917,18.1929,18.4462,19.7485,20.9911,19.6531,20.0882,19.4505,21.3159,21.3547,22.3649,24.9724,28.0031,30.3155,32.5535,34.3773,33.7962,35.021,36.2547,39.8664,41.0912,42.4321,44.0625,45.69300000000001,47.3235,48.9539
CIV,0.0,0.0,0.0,0.0,0.0,0.0,0.0,0.0,0.0,0.0,0.0,0.0,0.0,0.0,0.0,0.0,0.0,0.0,0.0,0.0,0.0,0.0,0.0,0.0,0.0,0.0,0.0,0.0
CMR,0.0,0.0,0.0,0.0,0.0,0.0,0.0,0.0,0.0,0.0,0.0,0.0,0.0,0.0,0.0,0.0,0.0,0.0,0.0,0.0,0.0,0.0,0.0,0.0,0.0,0.0,0.0,0.0
COD,0.25658000000000003,0.26224000000000003,0.26939,0.27654,0.28548,0.29442,0.30336,0.3123,0.32244,0.33018000000000003,0.40409,0.4172,0.42972,0.4467,0.4419300000000001,0.4598100000000001,0.4759100000000001,0.49349,0.51405,0.52895,0.5384899999999999,0.56084,0.5605399999999999,0.59163,0.60788,0.6241300000000001,0.6403800000000001,0.65663
COG,0.0,0.0,0.0,0.0,0.0,0.0,0.0,0.0,0.0,0.0,0.0,0.0,0.0,0.0,0.0,0.0,0.0,0.0,0.0,0.0,0.0,0.0,0.0,0.0,0.0,0.0,0.0,0.0
COK,0.00025929,0.0003539,0.00048285,0.00050389,0.00053685,0.00036909,0.0010377,0.00077096,0.00070802,0.0008459,0.00066105,0.00057726,0.00032729,0.00031841,0.0002598,0.00033522,0.00042009,0.00034616,0.00038573,0.00037676,0.00034672,0.00033793,0.00032598,0.00021802,0.00019051,0.00016299,0.00013547,0.00010796
COL,0.0,0.0,0.0,0.0,0.0,0.0,0.0,0.0,0.0,0.0,0.0,0.0,0.0,0.0,0.0,0.0,0.0,0.0,0.0,0.0,0.0,0.0,0.0,0.0,0.0,0.0,0.0,0.0
COM,0.0,0.0,0.0,0.0,0.0,0.0,0.0,0.0,0.0,0.0,0.0,0.0,0.0,0.0,0.0,0.0,0.0,0.0,0.0,0.0,0.0,0.0,0.0,0.0,0.0,0.0,0.0,0.0
CPV,0.0011443,0.0012158,0.001186,0.0011831,0.0011056,0.0011801,0.0012486,0.001347,0.0013142000000000002,0.0014185,0.0018893,0.0017493,0.0018059,0.0018774,0.0016837,0.0018178,0.001639,0.0017344,0.001794,0.0018357,0.0019221,0.0019906,0.0020175,0.0020088000000000003,0.0020391,0.0020695,0.0020998,0.0021302
CRI,0.0,0.0,0.0,0.0,0.0,0.0,0.0,0.0,0.0,0.0,0.0,0.0,0.0,0.0,0.0,0.0,0.0,0.0,0.0,0.0,0.0,0.0,0.0,0.0,0.0,0.0,0.0,0.0
CUB,0.37131,0.30396,0.26403000000000004,0.21098000000000006,0.21665,0.20681,0.22797,0.24317,0.22559,0.23244,0.23214,0.23125,0.21247,0.19251,0.18685,0.17543,0.16932,0.16938,0.16143,0.20106,0.1839,0.18151,0.18765,0.16334,0.15922999999999998,0.15512,0.15102000000000002,0.14691
CUW,0.0,0.0,0.0,0.0,0.0,0.0,0.0,0.0,0.0,0.0,0.0,0.0,0.0,0.0,0.0,0.0,0.0,0.0,0.0,0.0,0.0,0.0,0.0,0.0,0.0,0.0,0.0,0.0
CYP,0.0,0.0,0.0,0.0,0.0,0.0,0.0,0.0,0.0,0.0,0.0,0.0,0.0,0.0,0.0,0.0,0.0,0.0,0.0,0.0,0.0,0.0,0.0,0.0,0.0,0.0,0.0,0.0
CZE,0.0,0.0,0.0,0.0,0.0,0.0,0.0,0.0,0.0,0.0,0.0,0.0,0.0,0.0,0.0,0.0,0.0,0.0,0.0,0.0,0.0,0.0,0.0,0.0,0.0,0.0,0.0,0.0
DEU,0.0,0.0,0.0,0.0,0.0,0.0,0.0,0.0,0.0,0.0,0.0,0.0,0.0,0.0,0.0,0.0,0.0,0.0,0.0,0.0,0.0,0.0,0.0,0.0,0.0,0.0,0.0,0.0
DJI,0.0,0.0,0.0,0.0,0.0,0.0,0.0,0.0,0.0,0.0,0.0,0.0,0.0,0.0,0.0,0.0,0.0,0.0,0.0,0.0,0.0,0.0,0.0,0.0,0.0,0.0,0.0,0.0
DMA,0.0011694,0.0012349,0.0012614,0.0012218,0.001375,0.0015293,0.0015907,0.0016488,0.0021098,0.0020902,0.0021581,0.0023688000000000003,0.0023262,0.0023882,0.0025992,0.0025947,0.0026892,0.0028256,0.0028623,0.0029368000000000003,0.0030503,0.0033501,0.0033805,0.0033847,0.0034767,0.0035687,0.0036607,0.0037527
DNK,0.0,0.0,0.0,0.0,0.0,0.0,0.0,0.0,0.0,0.0,0.0,0.0,0.0,0.0,0.0,0.0,0.0,0.0,0.0,0.0,0.0,0.0,0.0,0.0,0.0,0.0,0.0,0.0
DOM,0.0,0.0,0.0,0.0,0.0,0.0,0.0,0.0,0.0,0.0,0.0,0.0,0.0,0.0,0.0,0.0,0.0,0.0,0.0,0.0,0.0,0.0,0.0,0.0,0.0,0.0,0.0,0.0
DZA,0.0,0.0,0.0,0.0,0.0,0.0,0.0,0.0,0.0,0.0,0.0,0.0,0.0,0.0,0.0,0.0,0.0,0.0,0.0,0.0,0.0,0.0,0.0,0.0,0.0,0.0,0.0,0.0
ECU,0.0,0.0,0.0,0.0,0.0,0.0,0.0,0.0,0.0,0.0,0.0,0.0,0.0,0.0,0.0,0.0,0.0,0.0,0.0,0.0,0.0,0.0,0.0,0.0,0.0,0.0,0.0,0.0
EGY,0.0,0.0,0.0,0.0,0.0,0.0,0.0,0.0,0.0,0.0,0.0,0.0,0.0,0.0,0.0,0.0,0.0,0.0,0.0,0.0,0.0,0.0,0.0,0.0,0.0,0.0,0.0,0.0
ERI,0.0097923,0.010099,0.017700999999999998,0.021069,0.02235,0.023691,0.025211,0.025866000000000004,0.018476,0.019638,0.020324,0.021694,0.021724,0.022261000000000003,0.019966,0.019281,0.018238,0.018536,0.017493,0.018297,0.019251,0.020383,0.020532,0.019112,0.019034,0.018955,0.018877,0.018798
ESP,0.0,0.0,0.0,0.0,0.0,0.0,0.0,0.0,0.0,0.0,0.0,0.0,0.0,0.0,0.0,0.0,0.0,0.0,0.0,0.0,0.0,0.0,0.0,0.0,0.0,0.0,0.0,0.0
EST,0.0,0.0,0.0,0.0,0.0,0.0,0.0,0.0,0.0,0.0,0.0,0.0,0.0,0.0,0.0,0.0,0.0,0.0,0.0,0.0,0.0,0.0,0.0,0.0,0.0,0.0,0.0,0.0
ETH,0.0,0.0,0.0,0.0,0.0,0.0,0.0,0.0,0.0,0.0,0.0,0.0,0.0,0.0,0.0,0.0,0.0,0.0,0.0,0.0,0.0,0.0,0.0,0.0,0.0,0.0,0.0,0.0
FIN,0.0,0.0,0.0,0.0,0.0,0.0,0.0,0.0,0.0,0.0,0.0,0.0,0.0,0.0,0.0,0.0,0.0,0.0,0.0,0.0,0.0,0.0,0.0,0.0,0.0,0.0,0.0,0.0
FJI,0.008531700000000001,0.0076586,0.006627500000000001,0.007148999999999998,0.0060583,0.0074589,0.0081682,0.007006,0.0069762,0.0071282,0.005656,0.0063504,0.0085794,0.010668,0.011714,0.012042,0.012632,0.012057,0.012006,0.012471,0.013052,0.013988,0.014206,0.015413,0.01601,0.016607,0.017204,0.017800999999999997
FRA,0.0,0.0,0.0,0.0,0.0,0.0,0.0,0.0,0.0,0.0,0.0,0.0,0.0,0.0,0.0,0.0,0.0,0.0,0.0,0.0,0.0,0.0,0.0,0.0,0.0,0.0,0.0,0.0
FSM,8.8002e-06,9.0814e-06,9.3678e-06,9.6534e-06,9.6668e-06,2.5623e-05,2.5716e-05,2.5808e-05,2.5907e-05,2.5974e-05,2.6209e-05,2.6138000000000006e-05,2.6288000000000006e-05,2.6332e-05,2.6304e-05,2.6306e-05,2.6306e-05,2.6597e-05,2.6596e-05,2.8802e-05,2.9271e-05,2.974e-05,3.0209e-05,3.0677e-05,3.1146e-05,3.1615e-05,3.2084e-05,3.2553000000000005e-05
GAB,0.0,0.0,0.0,0.0,0.0,0.0,0.0,0.0,0.0,0.0,0.0,0.0,0.0,0.0,0.0,0.0,0.0,0.0,0.0,0.0,0.0,0.0,0.0,0.0,0.0,0.0,0.0,0.0
GBR,0.0,0.0,0.0,0.0,0.0,0.0,0.0,0.0,0.0,0.0,0.0,0.0,0.0,0.0,0.0,0.0,0.0,0.0,0.0,0.0,0.0,0.0,0.0,0.0,0.0,0.0,0.0,0.0
GEO,0.0,0.0,0.0,0.0,0.0,0.0,0.0,0.0,0.0,0.0,0.0,0.0,0.0,0.0,0.0,0.0,0.0,0.0,0.0,0.0,0.0,0.0,0.0,0.0,0.0,0.0,0.0,0.0
GHA,0.0,0.0,0.0,0.0,0.0,0.0,0.0,0.0,0.0,0.0,0.0,0.0,0.0,0.0,0.0,0.0,0.0,0.0,0.0,0.0,0.0,0.0,0.0,0.0,0.0,0.0,0.0,0.0
GIN,0.08716499999999999,0.08782100000000001,0.070388,0.070864,0.07259299999999999,0.09685,0.098757,0.076646,0.077718,0.10487,0.10737,0.11181,0.11098,0.11312,0.10758,0.10677,0.1071,0.10764,0.10975,0.11264,0.11652,0.12009,0.12039,0.12107,0.12259,0.1241,0.12562,0.12713
GMB,0.0,0.0,0.0,0.0,0.0,0.0,0.0,0.0,0.0,0.0,0.0,0.0,0.0,0.0,0.0,0.0,0.0,0.0,0.0,0.0,0.0,0.0,0.0,0.0,0.0,0.0,0.0,0.0
GNB,0.0064964,0.0068749,0.006711,0.0068987,0.0063832,0.006481499999999999,0.0066484,0.0070090000000000005,0.006940399999999999,0.0071997,0.007599,0.0077778,0.0077778,0.008046,0.0070328000000000005,0.0069732,0.0071222,0.007360600000000002,0.007599,0.0078076,0.0081354,0.0084036,0.008493,0.008162899999999999,0.008231,0.0082991,0.008367200000000002,0.0084354
GNQ,0.0,0.0,0.0,0.0,0.0,0.0,0.0,0.0,0.0,0.0,0.0,0.0,0.0,0.0,0.0,0.0,0.0,0.0,0.0,0.0,0.0,0.0,0.0,0.0,0.0,0.0,0.0,0.0
GRC,0.0,0.0,0.0,0.0,0.0,0.0,0.0,0.0,0.0,0.0,0.0,0.0,0.0,0.0,0.0,0.0,0.0,0.0,0.0,0.0,0.0,0.0,0.0,0.0,0.0,0.0,0.0,0.0
GRD,0.002055,0.0021691,0.0022627,0.0022833000000000003,0.0027136,0.0027342,0.0030658,0.0036353,0.0041485,0.0040024,0.0047799,0.0054415,0.00551,0.0054504,0.0058706,0.0060881,0.0064755,0.006630500000000001,0.006654300000000001,0.006839100000000001,0.007295,0.0079268,0.0079566,0.0082075,0.008474500000000001,0.0087416,0.0090086,0.0092756
GTM,0.0,0.0,0.0,0.0,0.0,0.0,0.0,0.0,0.0,0.0,0.0,0.0,0.0,0.0,0.0,0.0,0.0,0.0,0.0,0.0,0.0,0.0,0.0,0.0,0.0,0.0,0.0,0.0
GUY,0.015672,0.017975,0.02061,0.020747,0.02224,0.022112,0.023608,0.025139,0.03244,0.031743,0.036833,0.037515,0.036848,0.035668,0.036332,0.035691,0.034771,0.035969,0.035891,0.036517,0.037158,0.041669,0.041678,0.03982,0.040242,0.040663,0.041085,0.041506
HKG,0.25875,0.29038,0.32408000000000003,0.35378000000000004,0.32086,0.31502,0.29146,0.26811,0.37235,0.42355,0.35483000000000003,0.33397,0.29977,0.31584,0.26801,0.26858000000000004,0.26225,0.27066,0.25823,0.29127,0.25843,0.28023000000000003,0.27907,0.23429,0.22576,0.21724,0.20872,0.2002
HND,0.0,0.0,0.0,0.0,0.0,0.0,0.0,0.0,0.0,0.0,0.0,0.0,0.0,0.0,0.0,0.0,0.0,0.0,0.0,0.0,0.0,0.0,0.0,0.0,0.0,0.0,0.0,0.0
HRV,0.0,0.0,0.0,0.0,0.0,0.0,0.0,0.0,0.0,0.0,0.0,0.0,0.0,0.0,0.0,0.0,0.0,0.0,0.0,0.0,0.0,0.0,0.0,0.0,0.0,0.0,0.0,0.0
HTI,0.04169,0.040826,0.040945,0.035998,0.030098000000000007,0.042316,0.051018,0.056769000000000014,0.054951,0.052597000000000005,0.051971,0.052716,0.06168600000000001,0.05817000000000001,0.061537,0.06258,0.06377200000000001,0.062878,0.068838,0.07241399999999999,0.063176,0.08105599999999999,0.081354,0.07827,0.08014,0.082009,0.083879,0.085749
HUN,0.0,0.0,0.0,0.0,0.0,0.0,0.0,0.0,0.0,0.0,0.0,0.0,0.0,0.0,0.0,0.0,0.0,0.0,0.0,0.0,0.0,0.0,0.0,0.0,0.0,0.0,0.0,0.0
IDN,0.0,0.0,0.0,0.0,0.0,0.0,0.0,0.0,0.0,0.0,0.0,0.0,0.0,0.0,0.0,0.0,0.0,0.0,0.0,0.0,0.0,0.0,0.0,0.0,0.0,0.0,0.0,0.0
IND,7.4202,7.7301,8.0043,8.1056,8.3321,8.8178,8.791,9.0294,9.1188,9.4764,9.7744,9.8042,10.0128,10.2214,10.579,10.7578,11.324000000000002,11.8604,12.5458,13.4696,14.1252,15.2874,15.9728,15.3615,15.8289,16.2963,16.7638,17.2312
IOT,0.0,0.0,0.0,0.0,0.0,0.0,0.0,0.0,0.0,0.0,0.0,0.0,0.0,0.0,0.0,0.0,0.0,0.0,0.0,0.0,0.0,0.0,0.0,0.0,0.0,0.0,0.0,0.0
IRL,0.0,0.0,0.0,0.0,0.0,0.0,0.0,0.0,0.0,0.0,0.0,0.0,0.0,0.0,0.0,0.0,0.0,0.0,0.0,0.0,0.0,0.0,0.0,0.0,0.0,0.0,0.0,0.0
IRN,0.0,0.0,0.0,0.0,0.0,0.0,0.0,0.0,0.0,0.0,0.0,0.0,0.0,0.0,0.0,0.0,0.0,0.0,0.0,0.0,0.0,0.0,0.0,0.0,0.0,0.0,0.0,0.0
IRQ,0.46339,0.41982,0.60023,0.7154699999999999,0.7827,0.76467,0.7526,0.8656,0.6745800000000001,0.5606899999999999,0.6424,0.6883199999999999,0.72977,0.68191,0.7756,0.7636,0.5828300000000001,0.67595,0.71967,0.86521,0.97723,1.0547,1.1026,0.99796,1.0269,1.0559,1.0848,1.1138
ISL,0.0,0.0,0.0,0.0,0.0,0.0,0.0,0.0,0.0,0.0,0.0,0.0,0.0,0.0,0.0,0.0,0.0,0.0,0.0,0.0,0.0,0.0,0.0,0.0,0.0,0.0,0.0,0.0
ISR,0.0,0.0,0.0,0.0,0.0,0.0,0.0,0.0,0.0,0.0,0.0,0.0,0.0,0.0,0.0,0.0,0.0,0.0,0.0,0.0,0.0,0.0,0.0,0.0,0.0,0.0,0.0,0.0
ITA,0.0,0.0,0.0,0.0,0.0,0.0,0.0,0.0,0.0,0.0,0.0,0.0,0.0,0.0,0.0,0.0,0.0,0.0,0.0,0.0,0.0,0.0,0.0,0.0,0.0,0.0,0.0,0.0
JAM,0.047591,0.046756,0.079536,0.10055,0.093423,0.11983,0.12263,0.13169,0.13634000000000002,0.1389,0.14042000000000002,0.13893,0.14063,0.1456,0.1203,0.11857,0.11303,0.11181,0.11157,0.093214,0.094168,0.094973,0.094943,0.08728999999999999,0.08325700000000001,0.079223,0.07518999999999999,0.071156
JOR,0.0,0.0,0.0,0.0,0.0,0.0,0.0,0.0,0.0,0.0,0.0,0.0,0.0,0.0,0.0,0.0,0.0,0.0,0.0,0.0,0.0,0.0,0.0,0.0,0.0,0.0,0.0,0.0
JPN,0.0,0.0,0.0,0.0,0.0,0.0,0.0,0.0,0.0,0.0,0.0,0.0,0.0,0.0,0.0,0.0,0.0,0.0,0.0,0.0,0.0,0.0,0.0,0.0,0.0,0.0,0.0,0.0
KAZ,0.0,0.0,0.0,0.0,0.0,0.0,0.0,0.0,0.0,0.0,0.0,0.0,0.0,0.0,0.0,0.0,0.0,0.0,0.0,0.0,0.0,0.0,0.0,0.0,0.0,0.0,0.0,0.0
KEN,0.0,0.0,0.0,0.0,0.0,0.0,0.0,0.0,0.0,0.0,0.0,0.0,0.0,0.0,0.0,0.0,0.0,0.0,0.0,0.0,0.0,0.0,0.0,0.0,0.0,0.0,0.0,0.0
KGZ,0.0,0.0,0.0,0.0,0.0,0.0,0.0,0.0,0.0,0.0,0.0,0.0,0.0,0.0,0.0,0.0,0.0,0.0,0.0,0.0,0.0,0.0,0.0,0.0,0.0,0.0,0.0,0.0
KHM,0.030903,0.030932,0.030754000000000007,0.030903,0.033346,0.070507,0.074202,0.077182,0.089698,0.089698,0.090294,0.094466,0.10758,0.11026,0.096552,0.10043,0.1046,0.11175,0.11354000000000003,0.13619,0.13201,0.13708,0.13976,0.13995,0.14365999999999998,0.14737,0.15108,0.15479
KIR,0.000255,0.00029419,0.00024975,0.00025404,0.00023655,0.00027088,0.00029055,0.00027237,0.00027178,0.00025896,0.00034866,0.00037459,0.00039455,0.00043627,0.00044849,0.00042763,0.0004023,0.00035551,0.00035879,0.00037876,0.00041184,0.00044134,0.00045117,0.00045169,0.00046014,0.0004686,0.00047706,0.00048551
KNA,0.0010683,0.0012312999999999998,0.0012981,0.0013425000000000002,0.0016277000000000002,0.0015889,0.0018327000000000005,0.0018816,0.0021834,0.0020145,0.0022335,0.0021849,0.0021224,0.0022377,0.0024043000000000003,0.0023828000000000005,0.0023783000000000003,0.0025065,0.002595,0.0026471,0.0028221,0.003188,0.0032181,0.0030747,0.0031497,0.0032247,0.0032998000000000003,0.0033748000000000003
KOR,0.0,0.0,0.0,0.0,0.0,0.0,0.0,0.0,0.0,0.0,0.0,0.0,0.0,0.0,0.0,0.0,0.0,0.0,0.0,0.0,0.0,0.0,0.0,0.0,0.0,0.0,0.0,0.0
KWT,0.14304,0.05994,0.14295,0.15323,0.17245,0.17034000000000002,0.16372,0.16301,0.19075,0.21128,0.21951,0.22991,0.24308,0.24186,0.24823,0.28641,0.29231,0.28507,0.29189,0.32649,0.28793,0.29246,0.30324,0.3285,0.33664,0.34478000000000003,0.35293,0.36107
LAO,0.019549,0.019728,0.020234,0.019817,0.02086,0.02837,0.033704000000000005,0.03427,0.034926,0.035075,0.039902,0.040677,0.040677,0.041571,0.042316,0.042763,0.042525,0.040498,0.04172,0.044015,0.046935,0.049289,0.050213,0.049121,0.049985,0.05085,0.051714,0.052578
LBN,0.0,0.0,0.0,0.0,0.0,0.0,0.0,0.0,0.0,0.0,0.0,0.0,0.0,0.0,0.0,0.0,0.0,0.0,0.0,0.0,0.0,0.0,0.0,0.0,0.0,0.0,0.0,0.0
LBR,0.030545,0.027565,0.026254000000000003,0.024674,0.023423,0.022976,0.024853,0.028966,0.032393,0.036892,0.042197000000000005,0.044998,0.04622,0.048246,0.047918,0.048991,0.050422,0.05221,0.054594,0.056203,0.058079999999999986,0.059749,0.059928,0.06326,0.065009,0.066758,0.068507,0.070255
LBY,0.17707,0.1782,0.18229,0.20166,0.24442,0.26847,0.28313,0.28227,0.28837,0.30658,0.31281,0.32115,0.33349,0.34586,0.34517,0.36928,0.3691,0.36267,0.36597,0.44691,0.48842,0.31671,0.36475,0.41672,0.42433,0.43194,0.4395600000000001,0.44717
LCA,0.0,0.0,0.0,0.0,0.0,0.0,0.0,0.0,0.0,0.0,0.0,0.0,0.0,0.0,0.0,0.0,0.0,0.0,0.0,0.0,0.0,0.0,0.0,0.0,0.0,0.0,0.0,0.0
LIE,0.0,0.0,0.0,0.0,0.0,0.0,0.0,0.0,0.0,0.0,0.0,0.0,0.0,0.0,0.0,0.0,0.0,0.0,0.0,0.0,0.0,0.0,0.0,0.0,0.0,0.0,0.0,0.0
LKA,0.13827,0.14095,0.15734,0.15138,0.1496,0.15079,0.19608,0.20055,0.20026,0.21963,0.26045,0.25509,0.26135,0.2825,0.29979,0.31737,0.28668000000000005,0.30962,0.29442,0.30009,0.32452,0.33883,0.33912,0.35249,0.36081,0.36912,0.37744,0.38575
LSO,0.0,0.0,0.0,0.0,0.0,0.0,0.0,0.0,0.0,0.0,0.0,0.0,0.0,0.0,0.0,0.0,0.0,0.0,0.0,0.0,0.0,0.0,0.0,0.0,0.0,0.0,0.0,0.0
LTU,0.0,0.0,0.0,0.0,0.0,0.0,0.0,0.0,0.0,0.0,0.0,0.0,0.0,0.0,0.0,0.0,0.0,0.0,0.0,0.0,0.0,0.0,0.0,0.0,0.0,0.0,0.0,0.0
LUX,0.0,0.0,0.0,0.0,0.0,0.0,0.0,0.0,0.0,0.0,0.0,0.0,0.0,0.0,0.0,0.0,0.0,0.0,0.0,0.0,0.0,0.0,0.0,0.0,0.0,0.0,0.0,0.0
LVA,0.0,0.0,0.0,0.0,0.0,0.0,0.0,0.0,0.0,0.0,0.0,0.0,0.0,0.0,0.0,0.0,0.0,0.0,0.0,0.0,0.0,0.0,0.0,0.0,0.0,0.0,0.0,0.0
MAC,0.0040856,0.0039783,0.0039515,0.0044670000000000005,0.004026,0.0049826,0.006174600000000001,0.0068898,0.008269499999999999,0.008442299999999998,0.0078583,0.0088536,0.0086301,0.009095,0.010737,0.010585,0.0097744,0.009398899999999998,0.0095598,0.0097833,0.010597,0.011413,0.011661,0.011399,0.011618,0.011837,0.012056,0.012276
MAR,0.0,0.0,0.0,0.0,0.0,0.0,0.0,0.0,0.0,0.0,0.0,0.0,0.0,0.0,0.0,0.0,0.0,0.0,0.0,0.0,0.0,0.0,0.0,0.0,0.0,0.0,0.0,0.0
MCO,0.0,0.0,0.0,0.0,0.0,0.0,0.0,0.0,0.0,0.0,0.0,0.0,0.0,0.0,0.0,0.0,0.0,0.0,0.0,0.0,0.0,0.0,0.0,0.0,0.0,0.0,0.0,0.0
MDA,0.0,0.0,0.0,0.0,0.0,0.0,0.0,0.0,0.0,0.0,0.0,0.0,0.0,0.0,0.0,0.0,0.0,0.0,0.0,0.0,0.0,0.0,0.0,0.0,0.0,0.0,0.0,0.0
MDG,0.0,0.0,0.0,0.0,0.0,0.0,0.0,0.0,0.0,0.0,0.0,0.0,0.0,0.0,0.0,0.0,0.0,0.0,0.0,0.0,0.0,0.0,0.0,0.0,0.0,0.0,0.0,0.0
MDV,0.00078344,0.00078463,0.00076586,0.00092291,0.001543,0.0023423000000000003,0.0024585,0.0021933000000000005,0.0024645,0.0026611,0.0032878,0.003871,0.0054015,0.0067676,0.007413600000000002,0.0078249,0.008770100000000001,0.0092261,0.0094913,0.010025,0.011404,0.012337,0.01276,0.013691,0.014455,0.015219,0.015982,0.016746
MEX,0.0,0.0,0.0,0.0,0.0,0.0,0.0,0.0,0.0,0.0,0.0,0.0,0.0,0.0,0.0,0.0,0.0,0.0,0.0,0.0,0.0,0.0,0.0,0.0,0.0,0.0,0.0,0.0
MHL,0.0,0.0,0.0,0.0,0.0,0.0,0.0,0.0,0.0,0.0,0.0,0.0,0.0,0.0,0.0,0.0,0.0,0.0,0.0,0.0,0.0,0.0,0.0,0.0,0.0,0.0,0.0,0.0
MKD,0.049855,0.046875,0.046637,0.062729,0.049426,0.046968,0.064612,0.058524,0.053816,0.051092,0.04911,0.045829,0.046399,0.048455,0.046339,0.047322,0.047531,0.050004,0.048216,0.044342,0.041988,0.043925,0.043568,0.043009,0.042485,0.041962,0.041438,0.040915
MLI,0.0,0.0,0.0,0.0,0.0,0.0,0.0,0.0,0.0,0.0,0.0,0.0,0.0,0.0,0.0,0.0,0.0,0.0,0.0,0.0,0.0,0.0,0.0,0.0,0.0,0.0,0.0,0.0
MLT,0.0,0.0,0.0,0.0,0.0,0.0,0.0,0.0,0.0,0.0,0.0,0.0,0.0,0.0,0.0,0.0,0.0,0.0,0.0,0.0,0.0,0.0,0.0,0.0,0.0,0.0,0.0,0.0
MMR,0.23065,0.22618,0.22976,0.23095,0.24734,0.26194,0.26254,0.25986,0.27118000000000003,0.27416,0.28459,0.27774,0.28787,0.30605,0.30932,0.31737,0.30932,0.31528,0.29234,0.29174,0.30098,0.30456,0.30634,0.31369,0.31582,0.31796,0.3201,0.32223
MNE,0.0,0.0,0.0,0.0,0.0,0.0,0.0,0.0,0.0,0.0,0.0,0.0,0.0,0.0,0.0,0.0,0.0,0.0,0.0,0.0,0.0,0.0,0.0,0.0,0.0,0.0,0.0,0.0
MNG,0.0,0.0,0.0,0.0,0.0,0.0,0.0,0.0,0.0,0.0,0.0,0.0,0.0,0.0,0.0,0.0,0.0,0.0,0.0,0.0,0.0,0.0,0.0,0.0,0.0,0.0,0.0,0.0
MOZ,0.12069,0.11863,0.12218,0.12635,0.12516,0.12784,0.13052,0.13291,0.13529000000000002,0.13708,0.13827,0.14006,0.14364000000000002,0.15019000000000002,0.15347,0.15377000000000002,0.15824000000000002,0.16627999999999998,0.16956,0.17642,0.18208,0.19132,0.19012,0.19301,0.19725,0.2015,0.20574,0.20998000000000006
MRT,0.0,0.0,0.0,0.0,0.0,0.0,0.0,0.0,0.0,0.0,0.0,0.0,0.0,0.0,0.0,0.0,0.0,0.0,0.0,0.0,0.0,0.0,0.0,0.0,0.0,0.0,0.0,0.0
MSR,0.0,0.0,0.0,0.0,0.0,0.0,0.0,0.0,0.0,0.0,0.0,0.0,0.0,0.0,0.0,0.0,0.0,0.0,0.0,0.0,0.0,0.0,0.0,0.0,0.0,0.0,0.0,0.0
MUS,0.023095,0.025121,0.026224,0.025628,0.01484,0.016628,0.017105000000000002,0.018685,0.019132,0.020443,0.026224,0.031916,0.028191,0.02974,0.032512,0.033464999999999995,0.034896,0.035015,0.036237,0.036684,0.038144,0.039455,0.039664,0.042787,0.044121,0.045455,0.046789,0.048123
MWI,0.0,0.0,0.0,0.0,0.0,0.0,0.0,0.0,0.0,0.0,0.0,0.0,0.0,0.0,0.0,0.0,0.0,0.0,0.0,0.0,0.0,0.0,0.0,0.0,0.0,0.0,0.0,0.0
MYS,0.0,0.0,0.0,0.0,0.0,0.0,0.0,0.0,0.0,0.0,0.0,0.0,0.0,0.0,0.0,0.0,0.0,0.0,0.0,0.0,0.0,0.0,0.0,0.0,0.0,0.0,0.0,0.0
NAM,0.0,0.0,0.0,0.0,0.0,0.0,0.0,0.0,0.0,0.0,0.0,0.0,0.0,0.0,0.0,0.0,0.0,0.0,0.0,0.0,0.0,0.0,0.0,0.0,0.0,0.0,0.0,0.0
NER,0.054892,0.05685800000000001,0.060345,0.06106,0.066514,0.06702000000000001,0.069464,0.07443999999999999,0.076646,0.08105599999999999,0.084453,0.052925,0.091128,0.094526,0.088417,0.089162,0.091397,0.094645,0.097595,0.10013,0.1043,0.10728,0.10788,0.11039000000000003,0.11284,0.11529,0.11774,0.1202
NGA,1.5794,1.6599,1.7612,1.7582,1.7403,1.785,1.8565,1.9847,1.9668,2.0502,2.1426,2.2678,2.3333,2.3482,2.2499,2.3631,2.3482,2.3721,2.4823,2.527,2.6403,2.7207,2.7565,2.7618,2.8107,2.8595,2.9083,2.9571
NIC,0.042912,0.045058,0.04762,0.048693,0.05209,0.055488,0.058766,0.06562,0.07101299999999999,0.07911900000000001,0.084245,0.085109,0.087463,0.087493,0.087344,0.085377,0.088119,0.091695,0.08937,0.090056,0.093959,0.093661,0.096373,0.097304,0.098547,0.099789,0.10103,0.10228
NIU,9.9665e-07,9.9996e-07,9.968700000000002e-07,9.8119e-07,9.931200000000002e-07,9.8532e-07,1.0089e-06,1.0161e-06,1.0221e-06,1.0236e-06,1.0306e-06,1.0901e-06,1.0937e-06,1.0936e-06,1.0933e-06,1.12e-06,1.1333e-06,1.1767e-06,1.1929e-06,1.1859e-06,1.2002e-06,1.2145e-06,1.2287e-06,1.243e-06,1.2573e-06,1.2716e-06,1.2859e-06,1.3002e-06
NLD,0.0,0.0,0.0,0.0,0.0,0.0,0.0,0.0,0.0,0.0,0.0,0.0,0.0,0.0,0.0,0.0,0.0,0.0,0.0,0.0,0.0,0.0,0.0,0.0,0.0,0.0,0.0,0.0
NOR,0.0,0.0,0.0,0.0,0.0,0.0,0.0,0.0,0.0,0.0,0.0,0.0,0.0,0.0,0.0,0.0,0.0,0.0,0.0,0.0,0.0,0.0,0.0,0.0,0.0,0.0,0.0,0.0
NPL,0.0,0.0,0.0,0.0,0.0,0.0,0.0,0.0,0.0,0.0,0.0,0.0,0.0,0.0,0.0,0.0,0.0,0.0,0.0,0.0,0.0,0.0,0.0,0.0,0.0,0.0,0.0,0.0
NRU,6.680899999999999e-07,6.9464e-07,7.3077e-07,7.523300000000002e-07,7.593000000000002e-07,7.7584e-07,7.772399999999998e-07,7.8706e-07,7.940899999999998e-07,7.9771e-07,8.0622e-07,8.032300000000002e-07,8.0643e-07,8.0899e-07,8.0507e-07,8.0508e-07,8.042799999999998e-07,8.0389e-07,8.045999999999998e-07,8.1732e-07,8.199899999999998e-07,8.2266e-07,8.253399999999998e-07,8.2801e-07,8.3068e-07,8.3336e-07,8.360299999999998e-07,8.387e-07
NZL,0.0,0.0,0.0,0.0,0.0,0.0,0.0,0.0,0.0,0.0,0.0,0.0,0.0,0.0,0.0,0.0,0.0,0.0,0.0,0.0,0.0,0.0,0.0,0.0,0.0,0.0,0.0,0.0
OMN,0.060872,0.079149,0.08111,0.08116,0.080079,0.087889,0.086366,0.08248899999999999,0.084128,0.091489,0.095092,0.099496,0.11089,0.11574,0.11714,0.12585,0.16074000000000002,0.19206,0.21086,0.23307,0.25023,0.28486,0.28903,0.28978000000000004,0.3055,0.32121,0.33693,0.35265
PAK,0.0,0.0,0.0,0.0,0.0,0.0,0.0,0.0,0.0,0.0,0.0,0.0,0.0,0.0,0.0,0.0,0.0,0.0,0.0,0.0,0.0,0.0,0.0,0.0,0.0,0.0,0.0,0.0
PAN,0.036207,0.039664,0.046846,0.047859,0.049796,0.050243,0.050481,0.053372,0.067974,0.06103,0.061984,0.075305,0.06311599999999999,0.07181799999999999,0.064875,0.08177100000000001,0.08743300000000001,0.080698,0.079953,0.08996599999999999,0.09393,0.095956,0.10049,0.099744,0.10241,0.10507,0.10774,0.11041
PCN,0.0,0.0,0.0,0.0,0.0,0.0,0.0,0.0,0.0,0.0,0.0,0.0,0.0,0.0,0.0,0.0,0.0,0.0,0.0,0.0,0.0,0.0,0.0,0.0,0.0,0.0,0.0,0.0
PER,0.0,0.0,0.0,0.0,0.0,0.0,0.0,0.0,0.0,0.0,0.0,0.0,0.0,0.0,0.0,0.0,0.0,0.0,0.0,0.0,0.0,0.0,0.0,0.0,0.0,0.0,0.0,0.0
PHL,0.63176,0.6472600000000001,0.6937399999999999,0.72533,0.79566,0.92648,0.98698,1.0504,1.0481,0.9533,0.835,0.89013,0.81652,0.79477,0.8174100000000001,0.76795,0.69345,0.68898,0.70149,0.6997,0.74232,0.7053699999999999,0.70924,0.6261899999999999,0.6056,0.58502,0.56443,0.54384
PLW,0.00028962,0.0003989,0.00054287,0.00056692,0.00060583,0.00041412,0.0011756,0.00087293,0.00080099,0.00095688,0.00074896,0.00065319,0.00037012,0.00035823,0.00029398,0.00037822,0.00047522,0.00039202,0.00043463,0.0004256000000000001,0.00038955,0.00038075,0.00036582,0.00024443,0.00021312,0.0001818,0.00015049,0.00011917
PNG,0.039604,0.039276,0.03868,0.039843,0.035641,0.046667,0.048842,0.050779000000000005,0.052925,0.051375,0.056918,0.06168600000000001,0.074798,0.082784,0.089787,0.09244,0.093691,0.093751,0.091754,0.095271,0.097893,0.10397,0.10493,0.11423,0.11814,0.12206,0.12597,0.12988
POL,0.0,0.0,0.0,0.0,0.0,0.0,0.0,0.0,0.0,0.0,0.0,0.0,0.0,0.0,0.0,0.0,0.0,0.0,0.0,0.0,0.0,0.0,0.0,0.0,0.0,0.0,0.0,0.0
PRK,0.0,0.0,0.0,0.0,0.0,0.0,0.0,0.0,0.0,0.0,0.0,0.0,0.0,0.0,0.0,0.0,0.0,0.0,0.0,0.0,0.0,0.0,0.0,0.0,0.0,0.0,0.0,0.0
PRT,0.0,0.0,0.0,0.0,0.0,0.0,0.0,0.0,0.0,0.0,0.0,0.0,0.0,0.0,0.0,0.0,0.0,0.0,0.0,0.0,0.0,0.0,0.0,0.0,0.0,0.0,0.0,0.0
PRY,0.0,0.0,0.0,0.0,0.0,0.0,0.0,0.0,0.0,0.0,0.0,0.0,0.0,0.0,0.0,0.0,0.0,0.0,0.0,0.0,0.0,0.0,0.0,0.0,0.0,0.0,0.0,0.0
QAT,0.06556000000000001,0.067139,0.06916599999999999,0.07295,0.077122,0.081265,0.083142,0.091099,0.093602,0.090056,0.088983,0.090622,0.1164,0.11649,0.12337,0.13687,0.15192,0.18851,0.22007,0.2308,0.23968000000000006,0.19382,0.22627,0.24952,0.26148000000000005,0.27344,0.2854,0.29736
ROU,0.0,0.0,0.0,0.0,0.0,0.0,0.0,0.0,0.0,0.0,0.0,0.0,0.0,0.0,0.0,0.0,0.0,0.0,0.0,0.0,0.0,0.0,0.0,0.0,0.0,0.0,0.0,0.0
RUS,0.0,0.0,0.0,0.0,0.0,0.0,0.0,0.0,0.0,0.0,0.0,0.0,0.0,0.0,0.0,0.0,0.0,0.0,0.0,0.0,0.0,0.0,0.0,0.0,0.0,0.0,0.0,0.0
RWA,0.031081,0.031826,0.031975,0.030754000000000007,0.02837,0.044909,0.048783,0.062133,0.063683,0.069076,0.05358,0.055339,0.055249,0.056292,0.050422,0.050183,0.050481,0.051077,0.052239,0.053729,0.055666,0.057484,0.057901,0.051910000000000005,0.051462,0.051014,0.050566,0.050118
SAU,1.4164,1.4768,1.5921,1.7142,1.8166,1.6962,1.7788,1.7531,1.8115,1.8339,1.8416,1.7466,1.7293,1.7698,1.8252,1.8816,1.9477,2.0017,2.0854,2.2034,2.2594,2.4853,2.5705,2.4222,2.475,2.5278,2.5807,2.6335
SDN,0.14003,0.13487000000000002,0.13601,0.12766,0.15181,0.15264,0.15875999999999998,0.16903,0.16691,0.16742,0.17312,0.18623,0.19746,0.2072,0.21627,0.22479,0.25395,0.24728000000000006,0.25952,0.25775,0.24817,0.2637,0.25877,0.28436,0.29217,0.29997,0.30778,0.31559
SEN,0.0,0.0,0.0,0.0,0.0,0.0,0.0,0.0,0.0,0.0,0.0,0.0,0.0,0.0,0.0,0.0,0.0,0.0,0.0,0.0,0.0,0.0,0.0,0.0,0.0,0.0,0.0,0.0
SGP,0.0,0.0,0.0,0.0,0.0,0.0,0.0,0.0,0.0,0.0,0.0,0.0,0.0,0.0,0.0,0.0,0.0,0.0,0.0,0.0,0.0,0.0,0.0,0.0,0.0,0.0,0.0,0.0
SGS,0.0,0.0,0.0,0.0,0.0,0.0,0.0,0.0,0.0,0.0,0.0,0.0,0.0,0.0,0.0,0.0,0.0,0.0,0.0,0.0,0.0,0.0,0.0,0.0,0.0,0.0,0.0,0.0
SHN,0.00015854,8.320200000000001e-05,8.4036e-05,0.0001043,5.9898e-05,6.0762e-05,3.9723e-05,4.4193e-05,4.4611e-05,4.8783e-05,0.00014048,8.6211e-05,8.591299999999999e-05,9.1307e-05,0.00010252,0.00010771,8.980799999999999e-05,0.00010979,0.00011374,0.0001159,0.00012667,0.00013268,0.00013361,0.00013866,0.00014325,0.00014783,0.00015242,0.00015701
SLB,0.0018178,0.0018208,0.0017641999999999996,0.0018029,0.0015734000000000002,0.0019549,0.0021158,0.0020085,0.0020562,0.002089,0.0027923,0.0028757,0.003123,0.003421,0.0036833,0.0033525,0.0033585,0.0035253,0.003665400000000001,0.0037906,0.004026,0.0042435,0.004318,0.0045004,0.0046436,0.0047868,0.00493,0.0050732
SLE,0.0,0.0,0.0,0.0,0.0,0.0,0.0,0.0,0.0,0.0,0.0,0.0,0.0,0.0,0.0,0.0,0.0,0.0,0.0,0.0,0.0,0.0,0.0,0.0,0.0,0.0,0.0,0.0
SLV,0.054325,0.063087,0.068093,0.07152,0.076735,0.089162,0.082069,0.092767,0.0953,0.090443,0.092767,0.10022,0.10117,0.10209,0.09977,0.10209,0.11217,0.10364,0.095896,0.089758,0.082308,0.08457200000000001,0.085615,0.090212,0.089507,0.08880199999999999,0.08809600000000001,0.087391
SMR,0.0,0.0,0.0,0.0,0.0,0.0,0.0,0.0,0.0,0.0,0.0,0.0,0.0,0.0,0.0,0.0,0.0,0.0,0.0,0.0,0.0,0.0,0.0,0.0,0.0,0.0,0.0,0.0
SOM,0.052417999999999985,0.051196,0.055219,0.056233000000000005,0.061656,0.06106,0.063593,0.069315,0.071729,0.076765,0.081443,0.085913,0.087701,0.09092,0.088983,0.090026,0.092261,0.094794,0.098251,0.10096,0.10445,0.10725,0.10764,0.11057,0.1129,0.11523,0.11756,0.11989
SRB,0.0,0.0,0.0,0.0,0.0,0.0,0.0,0.0,0.0,0.0,0.0,0.0,0.0,0.0,0.0,0.0,0.0,0.0,0.0,0.0,0.0,0.0,0.0,0.0,0.0,0.0,0.0,0.0
SSD,0.038175,0.034991,0.033258,0.029386,0.033248,0.032422,0.033452,0.035993,0.036326,0.03731,0.03935,0.04293,0.046008,0.04878,0.051632,0.054734000000000005,0.063422,0.063538,0.068582,0.06975,0.068307,0.073335,0.072308,0.079444,0.08240499999999999,0.085366,0.088327,0.091288
STP,0.0,0.0,0.0,0.0,0.0,0.0,0.0,0.0,0.0,0.0,0.0,0.0,0.0,0.0,0.0,0.0,0.0,0.0,0.0,0.0,0.0,0.0,0.0,0.0,0.0,0.0,0.0,0.0
SUR,0.034389,0.038236,0.03849,0.031648,0.030661,0.035817,0.036147000000000006,0.034309,0.035328,0.031788,0.03534,0.037774,0.039291,0.040185000000000005,0.037962,0.038183,0.038514,0.039357,0.038704,0.039613,0.040829,0.046825,0.046831,0.044892,0.045616,0.04634,0.047064,0.047788
SVK,0.0,0.0,0.0,0.0,0.0,0.0,0.0,0.0,0.0,0.0,0.0,0.0,0.0,0.0,0.0,0.0,0.0,0.0,0.0,0.0,0.0,0.0,0.0,0.0,0.0,0.0,0.0,0.0
SVN,0.0,0.0,0.0,0.0,0.0,0.0,0.0,0.0,0.0,0.0,0.0,0.0,0.0,0.0,0.0,0.0,0.0,0.0,0.0,0.0,0.0,0.0,0.0,0.0,0.0,0.0,0.0,0.0
SWE,0.0,0.0,0.0,0.0,0.0,0.0,0.0,0.0,0.0,0.0,0.0,0.0,0.0,0.0,0.0,0.0,0.0,0.0,0.0,0.0,0.0,0.0,0.0,0.0,0.0,0.0,0.0,0.0
SWZ,0.0098638,0.0093572,0.008493,0.0084036,0.0075215,0.0076168999999999985,0.0075275,0.007894,0.008072800000000002,0.0092976,0.009983,0.010937,0.010251,0.010043,0.01043,0.0091784,0.0094466,0.010996,0.010043,0.010192,0.01046,0.010817,0.010877,0.010881,0.010983,0.011084,0.011186,0.011288
SXM,0.0,0.0,0.0,0.0,0.0,0.0,0.0,0.0,0.0,0.0,0.0,0.0,0.0,0.0,0.0,0.0,0.0,0.0,0.0,0.0,0.0,0.0,0.0,0.0,0.0,0.0,0.0,0.0
SYC,0.005492100000000001,0.0063712,0.0058229,0.005825899999999999,0.0025211,0.0027595,0.002837,0.0032422,0.0030634,0.003135,0.0043955,0.0046279,0.006106,0.006281800000000001,0.0056799,0.005742499999999999,0.0063951,0.0067586,0.0070119,0.0073785,0.0076199,0.0079536,0.0079864,0.00872,0.0090589,0.0093978,0.0097366,0.010075
SYR,0.0,0.0,0.0,0.0,0.0,0.0,0.0,0.0,0.0,0.0,0.0,0.0,0.0,0.0,0.0,0.0,0.0,0.0,0.0,0.0,0.0,0.0,0.0,0.0,0.0,0.0,0.0,0.0
TCA,8.0698e-05,0.0001153,0.00011446,0.00011625,0.00012507,0.00013955,0.00012236,0.00013645,0.00018908,0.00020881,0.00022311,0.00022743,0.0002221,0.00023301,0.00025208,0.00025297,0.00027061,0.00033525,0.00034151,0.00036356,0.00040677,0.00041005,0.00041333,0.00042773,0.00044494,0.00046216,0.00047938,0.0004966
TCD,0.038025,0.038889,0.040945,0.040856,0.048008,0.047829,0.04911,0.052984,0.054534000000000006,0.057365,0.05963,0.06261,0.06353400000000001,0.065858,0.061417999999999986,0.061865,0.062818,0.06451699999999999,0.066663,0.068451,0.07083500000000001,0.07297999999999999,0.073517,0.073413,0.074534,0.075656,0.076778,0.077899
TGO,0.023602,0.023363,0.021992,0.021575,0.025479,0.025926,0.030515,0.027982,0.031022000000000008,0.03427,0.033525,0.033227,0.034002,0.03731,0.037876,0.037786,0.038531,0.04023,0.042703,0.044134,0.045624,0.054296,0.050928,0.051018,0.052433000000000014,0.053848,0.055263,0.056678
THA,0.0,0.0,0.0,0.0,0.0,0.0,0.0,0.0,0.0,0.0,0.0,0.0,0.0,0.0,0.0,0.0,0.0,0.0,0.0,0.0,0.0,0.0,0.0,0.0,0.0,0.0,0.0,0.0
TJK,0.021599,0.019591,0.014697,0.0098045,0.005659,0.0047069,0.0042334,0.0047653,0.0049587,0.0045284,0.0040352,0.0041723,0.004166899999999999,0.0041863,0.0051131,0.0054102,0.0058149,0.0070453,0.006665699999999999,0.0063113,0.0063519,0.006447499999999999,0.0064812,0.0070524,0.0072532,0.0074541,0.007654899999999998,0.0078557
TKL,9.7381e-07,9.5035e-07,9.1974e-07,8.9245e-07,8.5955e-07,8.2959e-07,8.301299999999998e-07,8.3396e-07,8.3699e-07,8.379799999999998e-07,8.415600000000002e-07,8.404899999999998e-07,8.420399999999998e-07,8.4256e-07,8.4185e-07,8.4185e-07,8.417e-07,8.4163e-07,8.424500000000002e-07,8.421799999999998e-07,8.4241e-07,8.4265e-07,8.4289e-07,8.431200000000002e-07,8.4336e-07,8.4359e-07,8.4383e-07,8.440700000000002e-07
TKM,0.0,0.0,0.0,0.0,0.0,0.0,0.0,0.0,0.0,0.0,0.0,0.0,0.0,0.0,0.0,0.0,0.0,0.0,0.0,0.0,0.0,0.0,0.0,0.0,0.0,0.0,0.0,0.0
TLS,0.0,0.0,0.0,0.0,0.0,0.0,0.0,0.0,0.0,0.0,0.0,0.0,0.0,0.0,0.0,0.0,0.0,0.0,0.0,0.0,0.0,0.0,0.0,0.0,0.0,0.0,0.0,0.0
TON,0.0017107,0.0023484,0.0031792,0.0033295,0.003569,0.0024366999999999995,0.006897800000000001,0.0051295,0.0047099,0.0056388,0.0043964,0.0038278,0.0021745,0.002106,0.0017239,0.0022165,0.0027863,0.0023083,0.0025518,0.0024913,0.0022839,0.0022517,0.0022195,0.0014534,0.0012710999999999998,0.0010887,0.00090631,0.00072393
TTO,0.039276,0.040558,0.039664,0.037667,0.041362,0.042733,0.043568,0.045892,0.047203,0.047442000000000005,0.054325,0.053908000000000005,0.056084,0.05659,0.053133000000000014,0.06311599999999999,0.062163,0.074262,0.07369500000000001,0.070924,0.076675,0.06708,0.065947,0.076533,0.078412,0.080291,0.08217,0.084049
TUN,0.0,0.0,0.0,0.0,0.0,0.0,0.0,0.0,0.0,0.0,0.0,0.0,0.0,0.0,0.0,0.0,0.0,0.0,0.0,0.0,0.0,0.0,0.0,0.0,0.0,0.0,0.0,0.0
TUR,0.0,0.0,0.0,0.0,0.0,0.0,0.0,0.0,0.0,0.0,0.0,0.0,0.0,0.0,0.0,0.0,0.0,0.0,0.0,0.0,0.0,0.0,0.0,0.0,0.0,0.0,0.0,0.0
TUV,3.2629e-06,3.8125e-06,4.0207e-06,3.7696e-06,3.8739e-06,3.9486e-06,4.0095e-06,4.2483e-06,4.2592e-06,4.4214e-06,4.4202e-06,4.4145e-06,4.7893e-06,4.7984e-06,4.7847e-06,4.7847e-06,4.7821e-06,4.7808e-06,4.768e-06,5.0425e-06,5.1138e-06,5.1851e-06,5.2564e-06,5.3277e-06,5.399e-06,5.4703e-06,5.5416e-06,5.6128e-06
TWN,0.7250300000000001,0.7610600000000001,0.8054,0.85672,0.90771,0.99821,0.99481,1.0228,1.0914,1.152,1.218,1.2358,1.3408,1.2554,1.3197,1.3722,1.3762,1.341,1.23,1.1436,1.1959,1.1879,1.1664,1.2462,1.2468,1.2473,1.2479,1.2485
TZA,0.0,0.0,0.0,0.0,0.0,0.0,0.0,0.0,0.0,0.0,0.0,0.0,0.0,0.0,0.0,0.0,0.0,0.0,0.0,0.0,0.0,0.0,0.0,0.0,0.0,0.0,0.0,0.0
UGA,0.21337,0.21992,0.23155,0.23512,0.25479,0.24823,0.2527,0.26731,0.27327,0.28459,0.29383000000000004,0.30694,0.30962,0.31797,0.30724,0.30664,0.31052,0.31439,0.32244,0.33138,0.343,0.35224,0.35402,0.35376,0.35858,0.3634,0.36821,0.37303
UKR,0.0,0.0,0.0,0.0,0.0,0.0,0.0,0.0,0.0,0.0,0.0,0.0,0.0,0.0,0.0,0.0,0.0,0.0,0.0,0.0,0.0,0.0,0.0,0.0,0.0,0.0,0.0,0.0
UMI,0.0,0.0,0.0,0.0,0.0,0.0,0.0,0.0,0.0,0.0,0.0,0.0,0.0,0.0,0.0,0.0,0.0,0.0,0.0,0.0,0.0,0.0,0.0,0.0,0.0,0.0,0.0,0.0
URY,0.0,0.0,0.0,0.0,0.0,0.0,0.0,0.0,0.0,0.0,0.0,0.0,0.0,0.0,0.0,0.0,0.0,0.0,0.0,0.0,0.0,0.0,0.0,0.0,0.0,0.0,0.0,0.0
USA,0.0,0.0,0.0,0.0,0.0,0.0,0.0,0.0,0.0,0.0,0.0,0.0,0.0,0.0,0.0,0.0,0.0,0.0,0.0,0.0,0.0,0.0,0.0,0.0,0.0,0.0,0.0,0.0
UZB,0.26865,0.28989000000000004,0.26683,0.25896,0.24212,0.23605,0.26298,0.26528,0.29979,0.29943000000000003,0.29699000000000003,0.29487,0.29943000000000003,0.28957,0.27678,0.25714000000000004,0.26135,0.25983,0.25422,0.23339,0.22344,0.23742,0.23798,0.22157,0.21575,0.20993,0.20412,0.1983
VAT,2.6566e-05,2.6614e-05,2.755e-05,2.723e-05,2.6907e-05,2.7762e-05,2.7342e-05,2.6979e-05,2.6631e-05,2.6545e-05,2.5426e-05,2.4826e-05,2.4781e-05,2.5013000000000006e-05,2.403e-05,2.3082e-05,2.2475e-05,2.107e-05,2.0132e-05,1.8236e-05,1.801e-05,1.7892e-05,1.7568e-05,1.6604000000000002e-05,1.5882e-05,1.516e-05,1.4438e-05,1.3716e-05
VCT,0.0,0.0,0.0,0.0,0.0,0.0,0.0,0.0,0.0,0.0,0.0,0.0,0.0,0.0,0.0,0.0,0.0,0.0,0.0,0.0,0.0,0.0,0.0,0.0,0.0,0.0,0.0,0.0
VEN,0.59254,0.59877,0.58953,0.6497,0.64648,0.6657,0.6806,0.6993199999999999,0.7368600000000001,0.67405,0.70003,0.77173,0.75832,0.73788,0.76884,0.8487,0.93125,0.80669,0.97655,1.0093,1.0585,0.96403,1.0823,1.0795,1.1075,1.1356,1.1636,1.1917
VGB,0.00064696,0.00069106,0.00075901,0.00070149,0.00077093,0.00080847,0.0009393,0.00094049,0.0011052999999999998,0.0010075,0.0010612,0.0010576,0.0010189,0.0011241,0.0012269,0.0012379,0.0012325,0.0013639,0.0014212,0.0014489,0.0014948,0.0017195,0.0017227,0.0016834,0.0017335,0.0017835,0.0018336,0.0018837
VNM,0.0,0.0,0.0,0.0,0.0,0.0,0.0,0.0,0.0,0.0,0.0,0.0,0.0,0.0,0.0,0.0,0.0,0.0,0.0,0.0,0.0,0.0,0.0,0.0,0.0,0.0,0.0,0.0
VUT,0.00087135,0.00076288,0.00055458,0.00056858,0.00054713,0.00065143,0.00068629,0.0006559000000000001,0.00065977,0.00067527,0.00085377,0.00089728,0.00087135,0.00094794,0.00098847,0.00097655,0.00091724,0.00088327,0.00090741,0.00096105,0.0010659,0.0011427999999999998,0.0011777,0.0011471,0.0011744,0.0012017999999999998,0.0012291,0.0012564
WSM,0.0011673,0.0011932,0.0011682,0.0011792,0.0010579,0.0012664999999999998,0.0014155,0.0014542,0.0014662000000000002,0.0014274,0.0018208,0.0019191,0.0019906,0.0021575,0.0020681,0.0020294,0.001934,0.0016211,0.0015824,0.0016420000000000002,0.0017373000000000002,0.0018446,0.0018714000000000005,0.001847,0.0018519000000000003,0.0018569000000000003,0.0018618,0.0018667
YEM,0.074977,0.099234,0.10528,0.090085,0.095211,0.08391699999999999,0.083708,0.088715,0.096671,0.11244,0.11774,0.12811,0.12453,0.14507,0.15258,0.16429000000000002,0.15857000000000002,0.15492999999999998,0.1524,0.15016,0.14048,0.11658,0.11506,0.14858,0.15024,0.1519,0.15356,0.15522
ZAF,0.0,0.0,0.0,0.0,0.0,0.0,0.0,0.0,0.0,0.0,0.0,0.0,0.0,0.0,0.0,0.0,0.0,0.0,0.0,0.0,0.0,0.0,0.0,0.0,0.0,0.0,0.0,0.0
ZMB,0.094764,0.09983,0.10192,0.10013,0.10251,0.1049,0.10251,0.10877,0.11056,0.11175,0.11473,0.11830999999999997,0.12099,0.12427,0.12725,0.13082,0.13917000000000002,0.12993,0.1341,0.13946,0.14304,0.15079,0.15675,0.15431,0.15733,0.16035,0.16337000000000002,0.1664
ZWE,0.21873,0.21843,0.22886,0.22112,0.2083,0.21158,0.2092,0.20681,0.21039,0.23184,0.21128,0.21247,0.21009,0.20264,0.20055,0.20592,0.20115,0.19787,0.18536,0.18804,0.19221,0.19817,0.19936,0.18729,0.1853,0.18332,0.18133,0.17935
