cat,IPCM0EL,,,,,,,,,,,,,,,,,,,,,,,,,,,
clss,COV,,,,,,,,,,,,,,,,,,,,,,,,,,,
ent,KYOTOGHG,,,,,,,,,,,,,,,,,,,,,,,,,,,
family,emi,,,,,,,,,,,,,,,,,,,,,,,,,,,
gwp,AR4,,,,,,,,,,,,,,,,,,,,,,,,,,,
note,"Part of emissions covered by an (I)NDC, based on per-country, per-main-sector and per-kyoto-GHG information from countries' (I)NDCs and their corresponding HISTCR_PRIMAPHIST21 emissions.",,,,,,,,,,,,,,,,,,,,,,,,,,,
scen,HISTORY,,,,,,,,,,,,,,,,,,,,,,,,,,,
srce,PRIMAPHIST21,,,,,,,,,,,,,,,,,,,,,,,,,,,
tablename,KYOTOGHG_IPCM0EL_COV_EMI_HISTORY_PRIMAPHIST21,,,,,,,,,,,,,,,,,,,,,,,,,,,
tpe,EMI,,,,,,,,,,,,,,,,,,,,,,,,,,,
unit,MtCO2eq,,,,,,,,,,,,,,,,,,,,,,,,,,,
ISO3,1990,1991,1992,1993,1994,1995,1996,1997,1998,1999,2000,2001,2002,2003,2004,2005,2006,2007,2008,2009,2010,2011,2012,2013,2014,2015,2016,2017
ABW,0,0,0,0,0,0,0,0,0,0,0,0,0,0,0,0,0,0,0,0,0,0,0,0,0,0,0,0
AFG,12.8281607,13.0307883,12.0477527,12.1968431,12.2399125,12.82152,13.9125235,14.8752481,15.6794568,16.5713695,14.8422581,13.2859946,15.9497131,16.7076184,16.3503578,17.1656743,17.5669128,18.3722419,21.7612236,24.8840067,28.6983817,32.6810402,31.2559014,30.53449,32.0983324,31.6483196,33.5512389,34.0195882
AGO,72.26154,74.452576,76.798372,76.156024,69.874436,81.263994,82.038182,77.270062,79.960688,75.869022,70.553662,71.730492,76.19514,76.68821,86.23735,87.1496,84.65702,90.13913,89.16186,91.01528,97.05819,99.51851,100.81962,96.99173,97.02397,100.3047,100.82403,100.44727
AIA,0,0,0,0,0,0,0,0,0,0,0,0,0,0,0,0,0,0,0,0,0,0,0,0,0,0,0,0
ALB,3.8352,5.53799,3.33155,3.24467,3.50211,3.44226,3.34946,3.46534,4.18529,4.52578,3.20162,3.65472,3.83872,4.10054,4.34277,4.24251,4.15024,4.49098,4.58142,4.97499,5.22985,5.9321,5.5358,5.6955,6.4381,5.8967,6.1264,6.221
AND,0.467564421,0.476166788,0.485835229,0.49652144,0.500830129,0.529150525,0.56052946,0.57121069,0.58524833,0.60342947,0.615880195,0.615418201,0.621660047,0.624179653,0.649876853,0.664415688,0.632435045,0.626759529,0.62408831,0.601169301,0.60417644,0.575352321,0.568994629,0.561647678,0.547079439,0.54818602,0.554021141,0.556672432
ANT,0,0,0,0,0,0,0,0,0,0,0,0,0,0,0,0,0,0,0,0,0,0,0,0,0,0,0,0
ARE,57.80209238,63.47206889,64.96005463,72.25448023,78.9036086,80.249067,72.8393545,75.818925,97.750585,97.307966,131.84168,128.86017,119.706045,150.431515,165.385245,177.18081,180.92126,188.43054,207.05561,210.64692,199.584255,201.195575,207.835175,202.272995,233.397349,250.536803,258.736747,255.9331902
ARG,242.8382115,252.4019858,257.7700696,261.4620784,266.6969412,260.6655362,272.747048,274.4033597,278.8985918,280.9451261,296.9295671,293.5944862,287.0192635,304.9926093,317.2126072,326.7033979,341.3797097,355.7946967,352.1373206,341.5865676,315.8041881,325.6571575,327.468338,337.4221822,339.2946311,342.3608984,347.167044,348.1713996
ARM,24.57190409,22.94020535,27.61215761,12.2647617,12.1480194,12.9488012,9.4777,9.666482,8.250838,6.211324,4.717035,4.755994,4.452606,4.942463,5.26746,6.130619,6.23514,7.065281,7.813014,6.818795,6.920487,7.722549,8.645943,8.410206,8.509927,9.181289,9.24501,9.179852
ATA,0,0,0,0,0,0,0,0,0,0,0,0,0,0,0,0,0,0,0,0,0,0,0,0,0,0,0,0
ATG,0.393259655,0.38078338,0.378298744,0.386982159,0.385931208,0.396424224,0.41558952,0.431504737,0.443675963,0.458050169,0.477119734,0.483536619,0.507215962,0.543224665,0.564378088,0.574218031,0.590521274,0.617164597,0.62929234,0.659313143,0.653779446,0.648375449,0.660992952,0.662323176,0.6784322,0.691357223,0.710069346,0.708633269
AUS,423.171006,424.232567,428.578718,429.167921,429.279299,437.936424,445.555997,457.602593,471.374915,476.980673,487.902353,495.3852,499.284299,500.988707,518.851136,524.732582,529.405594,536.161297,540.088243,543.962757,540.346238,541.371074,543.774006,533.542486,528.080903,538.312808,549.925763,557.29556
AUT,80.45775418,83.93342308,77.13346999,77.33461177,77.57550152,81.0456447,84.4512778,84.225689,83.5247866,81.5884247,81.958427,85.952199,87.808949,93.465682,92.884131,94.260835,91.922888,89.113016,88.287517,81.4957128,86.041872,83.8025742,81.2778549,81.7033944,78.005981,80.198819,80.8728474,83.513445
AZE,77.7571105,70.49585,62.25906525,53.3244965,47.308825,49.830794,42.5270659,41.52988125,41.03829675,41.5124475,42.919995,43.7858455,44.3754995,46.5267145,48.8906485,52.6715275,57.2675545,51.2619965,61.6611565,55.9269135,55.947447,56.94459675,59.19939325,59.97126531,65.99950542,70.45187762,71.00476982,70.99124203
BDI,2.464578,2.518509,2.540718,2.541902,2.483736,2.50767,2.529413,2.621171,2.56301,2.340054,2.394496,2.741985,2.779125,2.797909,3.07662,3.145083,3.332185,3.408826,3.560415,3.729071,3.978443,4.18178,4.2521052,4.782069549,4.981983432,5.04615,4.79662,4.7939
BEL,149.1427244,151.6762132,150.310468,149.3627548,154.0318896,156.2325325,159.9459843,151.4236551,156.5184889,149.8055277,150.8291345,149.2933603,148.7061691,149.09783,150.4191448,146.5844156,144.0613604,140.5449772,140.3714798,127.5174406,134.4336864,123.6070971,120.771087,120.7776878,114.9976597,118.6342167,117.3125917,116.0868491
BEN,5.005626,5.263298,5.384872,5.591402,6.023541,5.802831,6.086998,6.300728,6.551789,6.839531,7.204961,7.184848,8.315431,8.090756,7.912165,8.94351,9.241294,10.13037,9.68157,10.16947,10.79326,11.12301,11.245925,11.7340149,12.2240571,12.3133993,13.3672516,13.9972938
BES,0,0,0,0,0,0,0,0,0,0,0,0,0,0,0,0,0,0,0,0,0,0,0,0,0,0,0,0
BFA,13.61668488,14.13160268,14.5005324,14.77618229,15.15868418,15.48027708,15.91743497,16.70724187,16.96645606,16.95174195,18.15947114,18.00179204,18.95248023,21.74816242,22.90813061,24.3537771,24.1997103,25.59680279,26.50875328,27.48742077,28.81397426,29.17929275,29.73820944,31.05413498,31.38992629,31.81392761,33.59421892,34.96922023
BGD,13.6926892,13.8994316,15.6592922,15.439603,16.785785,21.359288,23.437879,25.085757,25.033508,26.842158,29.469771,34.258999,35.676538,37.940116,40.049455,42.171494,46.167213,47.203002,50.097381,52.78006,57.521959,60.614638,64.595116,66.614697,71.123381,83.385655,84.541839,88.161123
BGR,102.3904066,83.92791418,78.49215092,78.37983117,74.29723504,75.42042572,76.00345735,72.99867154,68.76309124,61.90103775,60.66276038,63.59743861,60.47444063,65.16463584,64.01135745,64.58142445,64.99167757,69.21898018,67.32215666,58.32892287,60.98139274,66.35668161,61.42552778,55.87348509,58.84248229,62.01274288,59.39201471,61.67662314
BHR,14.313329,13.571076,12.737974,16.627979,16.775567,16.828789,17.728788,19.509736,20.705868,20.387356,21.099143,16.453741,18.342861,19.157824,20.691037,22.766307,22.561621,30.730864,33.877709,32.221279,33.172879,32.528043,30.50112,35.652874,35.788646,29.174519,28.842392,28.916065
BHS,2.48382874,2.322081055,2.334338773,2.247306488,2.248531203,2.266032818,2.28052673,1.979567142,2.316207351,2.313387763,2.303706977,2.213622592,2.223392313,2.180699334,2.409362458,2.429247579,2.3633411,2.403093121,2.228879141,2.365590662,2.381521683,2.635305201,2.746544222,3.585048441,3.199262461,3.263684881,3.346575801,3.346348821
BIH,35.0087133,32.88765278,16.04103109,11.41226637,11.38954284,10.3129393,11.9415413,14.9261153,19.21443913,19.39417812,20.58997613,20.79158613,21.37627093,21.15115343,22.54715805,22.63388405,23.79862105,23.46296105,25.16246643,25.70130442,25.90526293,27.91731193,26.20429843,25.66736071,27.39812541,26.0022101,26.7115748,27.0154405
BLR,140.6290631,132.2449476,122.4664732,108.6000477,92.82560631,84.51285731,86.53151517,90.22772034,86.99150823,83.59116569,82.0191709,82.08044458,80.8387131,83.02557373,89.80236264,91.4118664,97.33524497,94.92955839,98.8893564,94.9639529,99.4876663,97.2375196,98.259323,100.5672809,100.1058589,95.7897781,97.731277,100.4262701
BLZ,0.3582366,0.4079416,0.4045433,0.4264251,0.4232488,0.4285463,0.3599805,0.446133,0.428962,0.407982,0.459918,0.514988,0.501434,0.502551,0.464717,0.493981,0.518195,0.55122,0.509171,0.660615,0.608858,0.681336,0.558341,0.595148,0.578175,0.705302,0.733489,0.729996
BOL,16.600379,17.399048,18.67166,20.485953,21.831308,21.570064,21.599421,22.740854,22.49305,21.65208,21.853707,19.723105,21.948982,22.884159,24.15653,25.6516,28.38188,26.195154,27.12829,27.88513,30.58645,31.027791,33.943821,33.9099277,34.7357094,33.945231,35.1874626,35.6995943
BRA,609.0777,633.71134,643.4618,657.41768,677.7683,704.21046,711.15954,738.40092,757.01948,775.38156,805.48024,823.2369,841.468,867.81524,903.1932,920.13786,925.70242,929.87243,959.05684,945.17078,1009.0299,1045.83481,1075.3143,1120.13614,1148.93335,1132.083,1107.25926,1119.51291
BRB,1.282887652,1.416947955,1.189616158,1.315372461,0.953175364,1.035358667,1.059918773,1.104585076,1.347170279,1.416273282,1.397508185,1.418937388,1.409534691,1.445665291,1.479200694,1.521884897,1.533306903,1.556168006,1.804784009,1.793939612,1.653190718,1.720716721,1.666877924,1.640812075,1.459073429,1.488057232,1.524235035,1.521570838
BRN,9.854,9.8456,9.7969,9.0803,8.9562,9.1736,9.1122,9.3246,9.5003,8.4181,9.4066,9.5046,9.0689,9.64,9.7391,9.6099,10.2294,13.6285,15.2611,13.1192,13.13,14.8154,14.6176,13.2042,14.5625,14.823,16.0614,16.4082
BTN,0.994850518,1.051191298,1.070684481,1.051861866,1.06636455,1.257926032,1.355110108,1.438023286,1.439679758,1.47416672,1.45870949,1.40554016,1.45779537,1.422850728,1.362771218,1.529443658,1.514675758,1.55107643,1.527300612,1.760942334,1.877917546,2.082580518,2.159267002,2.260639092,2.324987254,2.283659327,2.397015389,2.451168562
BVT,0,0,0,0,0,0,0,0,0,0,0,0,0,0,0,0,0,0,0,0,0,0,0,0,0,0,0,0
BWA,3.15858,3.099556,3.301913,3.720201,3.56008,3.574457,3.236521,3.290495,3.888051,3.724661,4.33545,4.415295,4.544205,4.347449,4.396044,4.614331,4.654333,4.716659,5.014469,4.216877,5.160167,4.531949,4.77314,5.602646,7.408517,7.577089,7.74215,8.208421
CAF,19.34734063,19.78266486,19.92126813,20.0172204,20.2575141,21.79110094,22.6680152,24.08816747,27.36506071,25.86232898,30.38781322,30.69533343,27.47431667,38.41031587,38.50288808,38.55115829,14.67424053,14.81927377,15.05464404,8.855477304,9.271763572,9.99129234,9.478537738,9.69817227,9.637199509,9.949535747,10.55004199,10.64098822
CAN,609.0675645,600.2214258,617.0831171,619.3191984,640.8866998,657.4751511,678.5577424,693.7687238,701.1500851,714.0322664,737.1631278,726.3382891,730.6817504,747.1830457,749.1300131,736.3005484,727.6666217,750.5127701,730.1257684,687.7322577,699.38208,709.387533,717.058161,728.265052,729.2701851,728.1481141,713.8600611,721.8594961
CHE,53.28056718,55.14349267,54.90678093,52.35193845,51.35033741,52.22835428,52.86385325,51.6707921,53.32435218,53.00388648,52.38016385,53.92201504,52.29397123,53.4288,54.05637329,54.74455035,54.36452313,52.47028918,53.93609446,52.58452644,54.13938748,50.03960584,51.46416063,52.23551392,48.36773386,47.81921584,48.18616998,47.1623765
CHL,52.58983584,50.60621026,52.48545379,54.9667752,58.79147273,62.16666714,68.28016414,75.48537609,75.92453009,80.11680603,77.19838103,72.01079745,73.86711198,74.3697144,79.40466692,80.82402934,83.71710242,90.80046763,92.53620885,87.87340595,92.40994285,99.88923852,103.2673465,104.9386304,107.534484,109.682782,112.4264023,111.1780628
CHN,2517.8246,2647.5633,2768.5098,2943.9777,3155.9257,3411.836,3546.4688,3585.964,3420.2356,3426.4171,3555.9463,3635.8023,4009.8904,4723.6001,5427.4233,6088.1619,6725.8069,7234.4814,7747.4585,8155.1122,8926.6733,9823.254,10093.4759,10220.0387,10283.3583,10218.6858,10225.3365,10380.4189
CIV,14.50209793,14.31049342,14.11414491,15.5078981,15.19563959,17.91499908,19.35604857,19.53866206,18.89456955,18.37155304,19.21181424,20.99590543,22.23626632,18.99228722,20.50144841,22.7688193,21.72118049,21.49502169,21.37991318,19.91433467,21.52355586,23.21804765,25.50502914,27.50306952,27.14589072,27.79203193,29.75945313,30.53879434
CMR,26.44173963,25.84528083,28.68590202,30.18026321,55.6479744,54.16453559,49.99190679,46.66286828,45.99843947,44.27453096,43.60586215,42.53332364,40.59507513,41.93487632,41.27602781,43.2431193,42.45392109,44.08835258,43.68031407,44.66733586,42.67894735,40.37131914,40.62684092,41.77868191,41.30835344,42.02594496,42.61891648,43.37257801
COD,32.47433,31.38183,31.489343,31.275244,35.581589,35.39609,30.927365,30.1230625,30.01566,27.08171781,27.03234519,32.109043,34.44501,37.03736,38.24592,38.40488,39.98047,36.668853,38.741698,38.039904,39.36827,38.384941,38.060101,40.99193137,41.71332285,41.77051433,41.3148058,40.16319728
COG,11.50250784,11.34524305,11.66545225,11.78336546,12.12509267,12.64389391,13.61601618,14.23230142,13.62336668,12.89288995,12.29502019,11.57508543,9.007988668,11.00671691,10.98544817,12.82686347,14.01254483,12.44244919,12.17881158,13.66345596,14.77040432,13.55367571,13.90566804,14.25280618,13.77735949,13.78891181,13.79986512,13.12371943
COK,0.036716421,0.036723558,0.036736589,0.040406415,0.040410108,0.040398229,0.047800418,0.047771024,0.047762575,0.047774651,0.04782186,0.033144224,0.029444305,0.033111518,0.05511862,0.062476634,0.066171145,0.06614503,0.069835205,0.06983809,0.06985249,0.069858555,0.06985872,0.069863486,0.06986966,0.073075835,0.083008009,0.085603174
COL,100.0053159,103.3242837,108.367198,109.9990341,111.4431097,113.0649436,116.3869964,120.8502703,120.6720188,115.4761908,117.767433,116.615485,117.1490285,121.3799859,125.0653169,130.0684583,138.6200064,140.1527276,138.3157099,145.7014959,146.9670727,142.927541,148.7596235,156.8217454,159.8163244,160.7912713,168.3775193,166.6983582
COM,0.337422413,0.345473373,0.351431891,0.361914621,0.366567321,0.375631126,0.385023187,0.394710579,0.410975996,0.424265424,0.414587049,0.441882948,0.445364609,0.461308861,0.498325319,0.504214806,0.546366357,0.485097748,0.519189751,0.551169265,0.598270782,0.593597388,0.611166415,0.660420517,0.653859736,0.676859856,0.695919176,0.713272396
CPV,0.2515965,0.2648903,0.3007109,0.3077034,0.2970636,0.3308764,0.3220608,0.3420483,0.3701267,0.4048259,0.4375929,0.4614518,0.5052562,0.5407831,0.5822258,0.6958483,0.7265086,0.7616544,0.7298149,0.799017,0.8414133,0.8627916,0.7570326,0.7593743,0.7512765,0.9683327,1.0242779,1.048609
CRI,7.010403551,7.956826461,9.05309989,9.82565247,11.3916994,11.0312184,11.7653963,12.1688314,12.584648,12.357422,11.980682,11.9176781,12.3497723,12.9590487,13.0365839,13.0574271,13.3821781,14.5672595,14.9911997,14.4480025,14.7092959,15.4081491,15.1462513,15.22399853,15.15999974,16.74046094,17.56876115,17.43905135
CUB,44.31121,40.60477,42.00953,39.32713,42.03488,35.263,36.7043,36.54128,35.42918,35.89404,36.64874,35.53586,35.15008,34.58295,33.94826,34.20959,35.96075,35.48414,39.10807,38.69292,45.86561,43.64998,43.67431,43.304813,43.5861768,44.02244143,44.93267,44.561014
CUW,0,0,0,0,0,0,0,0,0,0,0,0,0,0,0,0,0,0,0,0,0,0,0,0,0,0,0,0
CYP,5.841845767,6.365061788,6.757348947,7.043439801,7.31064581,7.25147985,7.60081486,7.688659032,8.01968934,8.28845685,8.559642266,8.477337051,8.71358259,9.100751086,9.31954683,9.4858405,9.68616731,10.02544997,10.16695239,9.95972844,9.64350805,9.32650654,8.78118977,8.03695594,8.41349433,8.50279725,8.94351931,9.14999531
CZE,198.7131501,180.4246195,173.9632498,166.217738,158.7216041,157.8689416,160.9541838,156.2807532,150.133388,140.560484,150.4913178,150.4899404,146.8488258,149.9249003,150.8028814,148.6544009,149.7739911,151.5464343,146.8540185,138.3072007,140.7634121,138.7808264,134.6820435,129.7460711,127.800424,128.8052217,130.7715179,129.6764899
DEU,1259.071917,1211.90704,1161.543838,1152.447858,1132.811698,1129.713229,1149.317681,1114.281874,1089.062625,1055.220214,1054.837666,1069.464751,1046.99987,1043.997667,1027.56048,1001.668464,1010.087212,983.125676,984.053162,915.57068,952.682394,930.25832,934.159096,950.885762,911.611274,915.4342458,919.1410951,914.458651
DJI,1.152300128,1.169756333,1.156765786,1.170937235,1.144993371,1.194794167,1.229531308,1.268521347,1.249536389,1.27791143,1.315103069,1.396689205,1.402918344,1.440177279,1.459932615,1.478030051,1.471334787,1.568592219,1.633274855,1.605731588,1.670170224,1.63365286,1.756406795,1.792009833,1.901329869,1.952478905,1.958145941,2.010273976
DMA,0.098261152,0.098475032,0.098751503,0.103262233,0.108036704,0.123511284,0.113231813,0.119727212,0.11471581,0.118361929,0.140446478,0.153134128,0.148166379,0.14657967,0.146592881,0.155066301,0.151957462,0.192264352,0.169814722,0.169734343,0.177191333,0.167657034,0.175414135,0.171686035,0.175686135,0.178876336,0.183237536,0.182727736
DNK,70.93363825,81.59900494,75.57025227,77.76963677,81.66111662,78.71972155,91.9223331,82.4353394,78.4394424,76.0080425,71.6879437,73.37909,72.9048146,77.9644859,71.8177336,68.030592,75.1853248,70.6014076,66.9544175,64.1466686,64.4534585,59.3980273,54.9293436,56.2616743,52.1039694,49.47988971,51.51664003,49.4372073
DOM,13.82645054,16.00188602,17.9043275,20.03715494,21.92877542,24.91514587,25.29599631,24.96029676,24.66325721,25.28075763,27.23543807,27.26366852,28.77368897,28.35250038,26.1239788,25.9313694,26.86124469,28.21132429,27.70213359,27.16790189,27.49104248,27.93682778,28.48555038,28.57649976,29.0653312,29.75969463,30.78234707,31.04803051
DZA,162.68067,166.381945,198.9896825,196.094055,194.215145,206.66735,204.7557573,182.4394415,195.4681268,178.6683388,174.5695017,163.2292475,165.784747,176.2727563,169.9502462,189.912684,186.6681604,192.1168324,194.9142767,199.9674409,199.6219201,199.861021,210.119539,214.158884,225.015815,230.772541,228.68718,228.148708
ECU,46.40130024,43.98707082,50.42765752,54.04314579,42.80822487,51.92418279,54.16325179,47.68617979,49.03193879,46.79110779,43.24318579,47.94984479,49.15248379,51.44095179,54.62808079,55.53474979,54.29679779,56.89920679,59.37487479,62.99979379,64.52711179,66.08076079,65.18215879,68.15699579,70.08406279,67.60701879,65.49288579,64.57413279
EGY,124.2704802,126.8775815,130.5113507,143.3176865,135.141912,146.7792265,153.4017913,157.611265,167.60937,172.6302025,186.05336,179.74491,187.1471475,214.3203725,221.54283,244.93628,254.96985,266.180745,280.8315075,283.308795,284.138565,302.000975,300.719595,296.8990335,286.7504266,292.0760198,302.1053139,306.303807
ERI,1.219585,1.174026,1.232303,1.304806,1.310796,1.392467,1.493994,1.354407,0.879853,0.918162,0.913306,0.95131,0.935098,1.067437,1.128477,1.136703,0.94222,0.974085,0.819427,0.930437,0.950983,0.975411,1.018709,1.034317,1.054413,1.092439,1.097335,1.146831
ESP,294.4792856,302.8791388,311.346374,301.2949962,317.6941834,333.6849744,325.8914015,340.701894,351.535,379.2369047,395.0517426,391.3260179,409.7071178,418.3301873,433.6746792,447.8318814,439.8411047,451.445918,417.0516823,376.713872,362.456926,362.666165,355.447457,327.630659,330.285832,341.623205,330.236406,343.774176
EST,41.74849494,38.51830505,28.20151122,22.05441633,23.05950739,21.25010721,21.93801446,21.54225626,19.82942956,18.29872323,18.15876461,18.61158674,18.10503859,19.9727066,20.3227021,20.20833861,19.11829932,23.47232768,21.24468596,17.8519908,21.75818727,22.5069076,21.32165544,23.0664672,22.30211595,19.30127961,20.86373692,22.10330339
ETH,53.50764224,53.4867685,55.17328406,50.64520582,53.45479878,53.39058444,56.0031938,79.86838556,80.92704162,81.26283608,79.58602114,83.2467065,91.71183295,91.34248001,98.16902616,85.30057021,89.13346267,101.0325033,103.2975778,107.7105462,115.2410401,114.8854996,120.0747553,122.5496173,121.5860799,123.8902328,126.3321557,128.9857686
FIN,72.13820121,69.8738135,68.49897965,70.76543593,76.58072973,73.4881066,78.8362819,77.3468753,73.6407005,73.047761,71.1597437,76.5549977,79.0214864,86.5884932,82.8548698,70.8085153,82.17146,80.5068215,72.3663787,68.6638402,76.5617227,68.6576427,63.2003056,63.7334107,59.5546007,55.9261743,58.8295061,56.1012537
FJI,0.77001,0.63067,0.70401,0.70767,0.70034,0.71867,0.78101,0.74801,0.72234,0.73701,0.79201,1.012,0.83601,0.99001,1.2943,1.0267,1.1477,1.0853,0.82501,0.73701,1.1403,1.0047,0.98634,1.0597,1.2016,1.2567,1.4279,1.4726
FRA,556.109243,583.045899,571.608282,549.942456,542.83161,551.9125299,568.292671,560.674667,574.311225,566.21939,559.329172,566.073416,559.721255,563.183447,561.251255,563.35374,550.161566,540.889748,534.398792,513.702652,520.418941,494.244,494.468126,494.591717,464.9003555,469.7757098,470.9835974,474.3600074
FSM,0.08868782,0.09437694,0.09900607,0.0990062,0.1026753,0.10633538,0.10633542,0.11000543,0.11733541,0.11000539,0.12467537,0.16867536,0.14300535,0.14300534,0.14300533,0.12100531,0.12100528,0.13933525,0.11733522,0.1613352,0.11367518,0.12100517,0.13567518,0.143005143,0.150335124,0.157245106,0.178665087,0.184245069
GAB,27.52134213,21.88344622,22.27983131,22.43588337,20.81771646,21.71241858,22.30219467,19.81981275,20.75380684,18.45118293,16.90432302,17.21343814,16.67466023,18.61519432,17.15320141,16.54769253,14.26633362,12.88371671,13.50771283,13.30594295,13.87468707,13.09707019,13.04965927,12.47699736,11.71217046,10.94643356,10.47681067,9.814444769
GBR,812.449825,820.5066073,799.2240088,780.3732212,770.8371359,764.1384447,785.8378599,760.4326939,757.5667795,726.6904799,725.2768335,727.7697731,707.3010131,714.0372345,711.0954289,703.8169087,696.6285962,685.6164104,665.1576406,608.392736,622.8277422,575.5728295,592.2163894,577.9336623,537.4192386,519.7810744,494.7203023,481.9157625
GEO,46.59270202,39.00555708,26.59867909,18.0788302,14.17074838,11.90767386,14.92403666,15.21308557,13.62692902,12.47712425,11.7799716,11.0832557,11.1106522,11.7992818,12.4427413,12.7030466,14.97465,15.633001,14.91368,14.070758,13.844766,17.026798,18.327995,17.3642923,18.8834951,17.0197429,17.5294996,17.6582774
GHA,10.2785673,10.03506987,10.43190153,10.88070605,11.29277677,11.80172732,12.52394503,13.48585809,14.0743647,14.9605234,16.74524059,16.91750448,17.58966826,18.33591955,18.81425224,19.63459563,21.88647982,21.7357999,21.39107969,20.34952778,23.48894557,26.45481865,26.14517474,29.39427912,29.60056131,30.2910636,31.36156588,32.85104807
GIN,8.758413,9.050954,8.98175687,9.303235,9.734492,10.42672,9.864335,9.695121,10.6436,10.821274,11.467027,12.463473,13.787755,13.672469,13.818,15.422683,15.561395,15.779016,16.532355,16.905381,19.179173,20.39325,21.3117152,21.52143632,21.94825823,22.75468013,25.76540204,25.02523394
GMB,1.1601482,1.200381819,1.195367538,1.194776708,1.234176487,1.266753277,1.315506836,1.273225925,1.336967185,1.332234004,1.420063323,1.444356842,1.462464291,1.50805824,1.639881859,1.689775508,1.803017287,1.817162336,1.971805515,2.268666864,2.408452543,2.076637422,2.15727633,2.24145061,2.384400018,2.452651325,2.500991733,2.5899562
GNB,0.234961,0.240286,0.24331,0.248274,0.25769,0.255768,0.255672,0.27823,0.24718,0.272622,0.228765,0.233811,0.237005,0.279771,0.302559,0.317301,0.322414,0.341177,0.344344,0.354327,0.362094,0.372574,0.380844,0.391767,0.410617,0.474596,0.502826,0.525815
GNQ,0.202218717,0.290903238,0.322435763,0.273321111,4.528873042,4.555668689,4.50085322,5.817139553,6.263553507,6.431169144,5.8846151,10.05168794,10.70364208,12.31980994,12.36591539,12.02969335,11.9300169,12.27169596,11.85906683,11.2587731,11.55730107,13.02632684,9.868969916,11.97623673,12.18927833,12.94230102,13.07334361,13.0496623
GRC,103.7659621,103.8133807,105.0739593,104.6985056,107.4575467,109.8023633,112.8874336,117.8125464,123.3858747,123.5511226,126.9113139,128.005259,127.9437324,131.7242964,132.5037791,136.9481608,133.0394013,135.5798835,132.2302146,125.0803117,118.9113119,115.8970853,112.5695772,103.0178149,99.57238914,95.77750475,92.13288643,95.84389736
GRD,0.1276354,0.1314064,0.1389037,0.1426913,0.1661236,0.1736186,0.1777612,0.1928048,0.1997336,0.2183532,0.223257,0.2250458,0.2365823,0.24891,0.238804,0.251726,0.266491,0.274712,0.288921,0.288461,0.295047,0.289414,0.307798,0.343496,0.281942,0.287827,0.295783,0.295169
GTM,15.6991201,16.19721069,17.54796159,17.27233218,18.72685308,18.79603397,17.53880487,18.67538576,19.75820665,20.25159725,21.03419844,21.88969934,22.31669023,21.85876112,23.11388232,24.20804321,24.5699641,25.1186653,23.80676619,25.01201738,26.06059828,26.71573947,27.08329036,28.64630127,33.47742227,31.87913326,32.66194426,32.88495525
GUY,1.439,1.439,1.439,1.439,1.439,1.465,1.5341,1.6801,1.7691,1.7181,1.6881,2.0941,1.6571,1.6594,1.6591,1.4651,1.3138,1.592,1.5892,1.5954,1.7505,1.8156,2.0321,1.9728,2.0475,2.0406,2.1434,2.1655
HKG,0,0,0,0,0,0,0,0,0,0,0,0,0,0,0,0,0,0,0,0,0,0,0,0,0,0,0,0
HND,9.298064062,9.442660539,9.782763986,9.119341433,9.88043888,10.53209133,10.52931277,10.91063519,11.32891561,10.89218206,11.51106847,12.23356789,12.72121331,14.37804372,15.10343614,15.69443856,15.03762898,16.91622939,16.67531781,16.2090682,16.37344859,17.65583897,17.66202136,18.01829283,18.41631624,19.26804665,19.97616706,20.10499748
HRV,32.56985809,25.77683499,24.1163708,24.2241296,23.3160462,23.9007072,24.6213601,25.7228457,25.9329536,26.9811283,26.6331143,27.8359982,29.0299594,30.51199502,30.80851692,31.30630674,31.85740135,33.37386345,32.31639064,29.33121963,28.91735477,28.53133193,26.65708048,25.69884446,24.93752058,25.45747784,25.62893057,26.2975502
HTI,6.365433,6.629462,7.029527,6.852471,6.603531,7.300017,7.607582,8.08612,8.086222,8.266609,8.582447,8.843471,9.028432,8.996045,9.336471,11.490678,11.717528,12.192158,12.462724,12.567414,12.573956,13.130068,13.415607,13.9727728,14.7586973,15.1698358,15.65675333,15.98209082
HUN,94.6912349,87.916891,78.077604,78.887551,77.784878,76.161238,78.358239,76.781517,76.315871,76.722636,73.814977,75.787628,74.149485,77.146185,76.113137,75.885486,74.6684068,72.9016014,71.0892867,65.0680739,65.4248751,63.7982553,60.0857661,57.2279261,57.836413,61.1760781,61.53711589,64.1735127
IDN,368.4478959,407.5382045,429.9581734,448.8479483,427.2994998,449.467931,480.057938,506.38223,530.111876,538.324609,548.460733,580.628924,584.942781,617.713843,626.955352,628.172714,636.6148,658.314281,647.305524,670.37122,722.277256,778.519762,823.299399,781.34651,829.19111,845.171527,861.950676,888.727684
IND,753.689943,797.245535,844.641929,869.583023,919.71165,974.574694,1044.16883,1083.16461,1098.58675,1167.67143,1203.74993,1193.47375,1198.21756,1234.19242,1288.84113,1339.85674,1406.85393,1483.59222,1625.05149,1786.83874,1755.37635,1864.69178,2015.99584,2034.15481,2227.62363,2295.10036,2376.76258,2453.9902
IOT,0,0,0,0,0,0,0,0,0,0,0,0,0,0,0,0,0,0,0,0,0,0,0,0,0,0,0,0
IRL,55.68243477,56.361444,56.21141539,56.7032761,57.9851106,59.4300053,61.512176,62.8811757,65.428697,66.5873267,68.729888,70.759686,68.688497,69.079344,68.990607,70.464163,70.214233,68.978422,68.317422,62.560184,62.534639,57.8810643,58.50008393,58.36581035,58.04288862,60.20073502,62.30256602,61.8206343
IRN,382.4282,405.32642,409.89995,402.47661,446.9439975,444.68073,450.705815,439.643825,463.260788,532.21271,524.653087,547.672552,554.075935,589.914351,633.98648,661.16312,709.92286,726.84031,740.66058,754.6613,777.71936,792.245334,811.663013,836.256651,865.939259,868.260266,882.541774,915.744481
IRQ,47.9215,45.6228,59.7045,64.9921,72.2637,75.2483,70.4643,69.2672,73.3121,72.8931,72.8932,85.9365,88.5173,91.5214,114.38474,113.916,98.953,62.1945,92.8953,104.2837,112.1002,134.0491,152.3258,164.47435,167.24603,168.88331,190.10929,193.56437
ISL,3.61682513,3.399632987,3.311708363,3.395769093,3.319309587,3.44316356,3.491982333,3.66052518,3.82243948,4.045664287,4.052322713,3.948824479,4.03185138,4.009606893,4.114235193,3.972905187,4.57705452,4.87804408,5.2690918,4.96864171,4.86934463,4.60540765,4.62585422,4.6171577,4.651458,4.7307109,4.6540586,4.7674847
ISR,42.9390092,43.4063976,49.408162,51.680836,55.568284,58.190712,60.683839,63.9604876,66.3810118,65.4233604,71.00751,75.062965,71.9047399,75.9517349,77.0534956,77.9643443,79.9079375,83.39648,83.5571731,80.4748846,83.0059296,84.8728718,90.2792816,84.5001687,83.2059651,85.2272969,85.6242197,87.1511267
ITA,524.691946,525.891072,522.741787,516.692943,510.292388,539.039545,531.746816,538.377303,549.409844,554.522943,560.085952,567.070306,567.154424,581.734759,586.114981,586.924845,576.369447,566.717913,553.740513,501.411603,511.159513,497.660624,477.65678,447.963133,431.390678,439.147311,437.146895,432.660138
JAM,7.626292,7.877838,7.786396,8.088796,8.283521,9.235309,9.75045,10.180576,9.773364,10.07165,10.653102,10.919485,10.553702,10.992359,10.913788,10.731131,11.816904,10.07254,10.557398,8.057649,7.482166,8.061884,7.666302,8.380258,7.718639,7.879919,8.100589,8.07367
JOR,12.59176949,12.35125308,14.96188482,14.85654649,16.3377396,16.59198591,17.3747568,17.8214242,18.1729406,18.436021,19.56036,20.326281,22.002874,22.623851,24.547265,26.825439,27.069475,28.523799,28.038812,28.405442,27.803841,28.700491,31.6281,31.7232154,34.1421346,28.10916479,28.008064,27.926181
JPN,1275.394024,1289.274547,1301.976712,1294.41575,1358.907992,1380.195952,1392.775303,1384.980177,1336.128174,1359.661441,1379.924489,1354.31418,1378.143293,1384.046374,1376.544935,1383.714952,1362.068065,1398.156673,1325.823705,1252.753458,1306.988966,1358.219522,1401.059699,1412.236328,1364.181706,1325.509304,1309.725899,1293.536967
KAZ,388.5074248,375.3656154,346.8733775,307.4343182,257.5965884,238.2278904,219.4140389,209.8278287,206.7426739,178.6446585,214.0234283,174.5648967,193.8994872,216.6689194,225.6794559,239.6759548,266.3531305,275.7694271,279.4963843,274.0471008,305.8739588,297.4754854,304.0679276,311.554914,327.3759569,333.1341199,337.8544697,355.0889169
KEN,41.93698348,40.14128487,40.91713855,41.65740973,42.32336531,43.2127097,43.26562818,41.95786287,46.73109345,45.82503973,43.21596192,43.3642022,43.96576188,46.22952136,48.16539244,50.08963592,48.6805017,65.20499958,62.66306506,62.37028394,62.13357231,64.98486479,68.77542916,65.25966862,67.62962737,68.61638522,72.00903406,71.40139291
KGZ,29.95972119,27.06302887,23.3786491,18.81313801,14.27231613,10.71489434,10.6231801,11.61351194,10.4570616,10.04613476,10.13362732,10.09285398,10.75315596,11.25885596,12.08339194,12.50846092,12.57315588,13.63752584,14.9951398,14.94676876,14.0631647,15.52143666,18.2307946,18.59919678,18.70529295,18.89294482,19.1877987,19.19443557
KHM,1.678193,1.7261,1.781344,1.826408,1.880046,2.91328,3.02197,3.0138,3.73921,3.7465,3.80563,4.07453,4.40265,4.64571,4.18892,4.48102,4.64603,4.97913,5.05077,6.84118,7.32918,7.65147,7.89899,7.66743,8.64452,8.98371,9.90089,10.18748
KIR,0.013917,0.013917,0.016237,0.018556,0.018556,0.018738,0.021244,0.0167,0.019195,0.019316,0.019423,0.01708,0.026947,0.027065,0.029659,0.03123,0.062782,0.067717,0.063784,0.046775,0.072289,0.072289,0.072289,0.072289,0.080848,0.084561,0.09608,0.099084
KNA,0.1069769,0.10697524,0.11064399,0.11431477,0.12165566,0.12898955,0.13266245,0.14366945,0.15100848,0.16201366,0.17301821,0.17669705,0.19870215,0.1987505,0.21341588,0.19875024,0.2025696,0.21762386,0.21820322,0.22480359,0.22121995,0.23190695,0.22090323,0.22494642,0.23231807,0.23724973,0.24414138,0.24286308
KOR,316.0808244,336.6703309,357.461092,393.303733,417.276387,450.280591,484.42651,514.40283,442.5932,480.9799,516.5787,529.22667,553.64925,563.38708,572.49268,579.93947,581.66345,595.77212,609.07685,613.20522,671.22258,699.95171,706.52564,715.14819,709.442731,721.9710494,729.7600871,745.1774258
KWT,65.712333,501.781734,39.365039,56.457236,68.061148,79.504711,74.56452,80.33827,72.51935,72.24071,72.97388,75.61123,75.55447,81.26312,84.77496,94.62513,96.74247,96.62932,103.19387,105.67897,108.03241,110.50067,123.06149,118.65448,108.93489,116.64081,117.69092,116.86833
LAO,0.459443,0.481758,0.511939,0.508295,0.537219,0.721472,0.91937,1.05931,1.136906,1.389984,1.42916,1.375559,1.570204,1.518172,1.785887,1.806103,1.914822,1.365551,1.383705,1.422232,1.699709,1.663715,1.623536,1.525631,1.466482,1.515352,1.637153,1.679503
LBN,11.6426329,11.8595522,13.9789748,15.417395,15.8277004,17.7171362,18.1464644,19.2116633,20.7939649,20.2026345,19.000453,20.1349725,20.028683,22.5451512,21.4090019,20.8700358,19.0303336,18.032249,21.8444797,25.6173044,24.806536,25.476375,27.263385,26.948028,29.5993392,23.14764033,22.823048,22.866595
LBR,1.275107,1.069993,1.038651,1.030147,1.004768,1.010066,1.057332,1.162525,1.270274,1.383415,1.482984,1.609834,1.643681,1.734832,1.91498,2.066745,2.158319,2.104575,2.105338,2.123242,2.457255,2.601289,2.743739,2.750061,2.731284,2.992898,3.126771,3.245115
LBY,0,0,0,0,0,0,0,0,0,0,0,0,0,0,0,0,0,0,0,0,0,0,0,0,0,0,0,0
LCA,0.290619713,0.301085249,0.338357435,0.361173481,0.405522247,0.468216993,0.500715309,0.496257605,0.466798891,0.48347041,0.503635816,0.543091422,0.495238724,0.53804683,0.541559336,0.563243842,0.572888148,0.608647057,0.631964966,0.631299775,0.664355881,0.671579287,0.676530193,0.684029239,0.697483725,0.709086122,0.721721418,0.719902915
LIE,0.246521516,0.252599463,0.251887806,0.257848564,0.244939965,0.248280622,0.250036362,0.261896512,0.27303959,0.269844944,0.261183903,0.260961853,0.266770098,0.276975074,0.278530171,0.279640047,0.28265648,0.253414458,0.273022757,0.257797371,0.244028215,0.230340167,0.238872011,0.24640014,0.214831195,0.212199575,0.20216704,0.20818265
LKA,7.5891956,7.9355964,8.9542143,8.8288092,9.2894641,9.699639,10.9354309,11.5228499,11.7260988,12.5105977,14.2427367,14.4551286,15.0538805,15.0759254,16.3427503,16.1847422,16.0608171,16.4660691,16.411511,17.2780729,17.5348248,19.2652838,20.2381427,19.7674102,22.7094726,27.3651249,30.4688672,32.2921096
LSO,3.3280865,3.39305,3.6183653,3.639716,3.6508482,3.6113316,3.6291101,3.6332407,3.5831273,4.186321,4.1544279,4.1807648,3.982278,4.0716181,4.0901935,4.2953672,4.2604252,4.3524817,4.3263735,4.4437554,4.4990149,4.6049852,4.6742168,4.6196341,4.6422332,4.6910114,4.7304405,5.0963586
LTU,48.68499548,50.70540286,31.3553023,25.25036625,23.7729313,22.75357564,23.8134459,23.36918236,24.32103823,21.49251379,19.94126068,20.69871302,21.08747451,21.23265675,22.12434822,23.323737,23.63315317,25.75095997,24.83682259,20.4914898,21.34827087,21.90638005,21.82812753,20.60492725,20.56179947,20.82710961,20.85846373,21.05167351
LUX,12.87135937,13.52360201,13.25295065,13.40721608,12.57779234,10.1906561,10.25231355,9.59832765,8.7147334,9.18224,9.7667124,10.2617713,11.0383243,11.4794779,12.9005319,13.1427799,12.9646335,12.3786575,12.2563593,11.7011419,12.2734801,12.1583468,11.8696694,11.3407578,10.8892439,10.3976917,10.155042,10.33946
LVA,26.81037095,24.85626577,20.08603854,16.64884453,14.71261053,13.31023799,13.37097049,12.79531269,12.29771144,11.50607095,10.88658702,11.45227079,11.43227409,11.61574035,11.59772747,11.76667962,12.31567062,12.81302437,12.38255178,11.63734762,12.75257221,11.96333342,11.84714293,11.76396508,11.68675415,11.77905866,11.80554452,11.84634039
MAC,0,0,0,0,0,0,0,0,0,0,0,0,0,0,0,0,0,0,0,0,0,0,0,0,0,0,0,0
MAR,42.474408,43.389272,43.658556,44.658871,46.840855,48.4771,51.458364,54.065439,55.734546,59.238516,61.59816,67.076669,69.379951,70.442443,78.835138,83.33907,87.627119,90.690325,94.737178,95.773101,101.214782,98.844332,97.503369,105.070568,107.022624,109.342289,110.182044,115.17221
MCO,0.178860852,0.179103204,0.18300335,0.18065762,0.181881782,0.179712504,0.185385293,0.183455373,0.176179889,0.175857724,0.176131466,0.174391876,0.173591405,0.169751136,0.165172024,0.164093427,0.156195265,0.160232907,0.157364658,0.151936463,0.15387909,0.15096889,0.153331692,0.153945103,0.147463924,0.152098987,0.150850693,0.149764235
MDA,45.23890584,41.03356611,33.03168282,24.8901132,21.13455624,17.92889569,17.61953494,16.22532428,14.59368121,12.82921293,11.84262232,12.60122042,12.37704624,12.7457356,13.70741418,13.9865747,13.10957306,12.91949323,14.07486138,14.58141104,14.69386637,15.12456937,14.25156987,13.71690652,14.55113676,15.13509312,15.50583025,15.64315254
MDG,22.22776285,22.44777204,22.64112623,22.88547342,23.23504761,24.9374091,26.53062659,28.40307208,29.94646357,30.85212506,30.48860955,28.17569334,26.44716483,26.38311462,26.58223811,28.7104959,30.68140169,30.78828447,30.25431426,30.49834905,30.93410614,31.33578092,32.34195341,32.1684215,32.57315591,32.91698765,34.03780939,33.97334113
MDV,0.2003572,0.1822706,0.2600048,0.2277557,0.2300047,0.2855716,0.3282175,0.3695183,0.3417789,0.464562,0.4857205,0.4977236,0.6310839,0.5445028,0.7065478,0.6418405,0.8009728,0.8241803,0.8880312,0.9297259,0.9830536,1.035841,1.1618365,1.1421264,1.3850222,1.3069169,1.3646127,1.4224074
MEX,454.38731,463.050815,464.971579,469.835253,494.004944,485.762603,516.978802,550.236828,579.070934,556.032982,563.132965,552.641955,568.729872,570.60852,574.3883,593.38973,620.0875,664.53128,745.33831,710.36217,688.76781,690.35404,671.0737,681.80943,691.20487,695.0718,734.72923,741.718
MHL,0.09759114,0.10243964,0.10124694,0.10982091,0.11438825,0.1151118,0.11577194,0.11635268,0.12072755,0.11739134,0.13056817,0.13525186,0.13978603,0.14069145,0.14549735,0.14207542,0.15306698,0.16445879,0.17015159,0.17495408,0.17805068,0.17731899,0.17808209,0.176267874,0.191398206,0.198158348,0.21840868,0.223940011
MKD,9.2043,8.5023,7.8411,8.3784,8.1755,8.2741,7.9578,8.6126,9.3224,9.1155,8.6373,8.7881,9.2063,8.6042,8.303,9.0462,8.1483,8.6567,8.7319,8.8402,8.9482,9.0562,9.1646,8.1651,7.7048,7.4053,7.2484,7.7649
MLI,9.744436503,9.674293929,9.739422844,9.8785525,10.11950229,10.37452199,10.80725848,11.29730138,12.50287927,13.45132416,14.11392036,18.55302325,22.37613544,25.34133363,31.85199183,34.38371132,38.17650051,41.007597,46.75070149,46.04805728,54.34952777,54.69779626,55.34792375,57.31565896,58.80888359,60.34936823,67.67686391,70.54613858
MLT,2.151632757,2.328440782,2.531417307,2.556474892,2.727935664,2.728770505,2.693454343,2.753161422,2.758814709,2.809735872,2.81442799,2.72767599,2.72979569,2.94432579,2.8838702,2.9668896,3.0258886,3.125756301,3.128244151,2.924961911,2.966932591,3.040677921,3.253751841,2.916413501,2.931551501,2.245067791,1.952989101,2.209184161
MMR,10.30893,9.90148,10.7635,10.55687,11.16623,11.83763,11.95023,12.45398,13.21135,14.35295,16.01784,14.78344,15.37974,16.79756,19.97692,19.68288,21.08438,21.48552,18.10851,18.28989,20.83886,22.62795,19.14065,21.92437,30.85569,32.07412,35.31954,36.35777
MNE,6.33539648,7.09497844,5.24266059,3.59044003,2.7286903,2.41195061,3.43378368,4.87812277,5.20189253,5.45079078,6.09380718,5.84777913,6.51431317,6.02833206,5.86051488,5.27092685,5.70010508,5.85417575,5.58039523,4.22869527,5.03428352,5.36438006,4.8696134,4.468530038,4.438415497,4.683323756,4.557367203,4.618357468
MNG,23.66052408,25.20504006,23.43088745,22.21398024,21.72311673,22.59420222,21.395799,22.34915779,22.84327058,22.94388437,21.40601816,18.44687824,18.04968233,18.09666571,18.8833261,21.38937478,24.59983576,26.83198474,27.68141602,28.73793459,25.95642747,28.79379464,32.17209211,34.9908608,37.14584943,39.44142306,43.3603936,45.60263023
MOZ,5.326844,5.38769,5.498632,5.711994,5.78569,5.99496,5.98032,6.15278,6.30042,6.48282,6.80553,7.18656,7.27762,7.75706,8.40272,8.82925,9.22651,9.69732,9.93951,10.35557,10.78496,11.59981,12.64591,13.06321,17.69471,18.36919,18.57808,19.41397
MRT,4.300088841,4.37613542,4.518172599,4.702502808,5.012205016,5.002528553,5.185741761,5.309973,5.442924268,5.692481506,5.861424774,6.061982072,6.291536341,6.343195639,6.768704937,6.901852235,7.522492533,7.945129205,8.021052503,8.329864771,8.671046069,8.925793367,9.114347665,9.436336583,9.663369273,10.25412886,10.77059545,10.89872508
MSR,0,0,0,0,0,0,0,0,0,0,0,0,0,0,0,0,0,0,0,0,0,0,0,0,0,0,0,0
MUS,1.630158,1.694571,1.893757,1.969978,1.803979,2.111499,2.059,1.962954,2.0101021,2.1547001,2.3283289,2.5160202,2.5420139,2.7040821,2.6963152,2.8573722,3.479512,3.586033,3.713755,3.704927,3.955889,4.006967,4.100663,4.253794,4.420887,4.645116,4.802144,4.959172
MWI,5.367749,5.571009,5.60065,5.725898,5.361088,5.546711,5.653457,5.754059,5.973877,6.023705,6.186582,6.115715,6.51518,6.824838,7.147456,7.302576,7.6211,7.981096,8.648911,8.616443,9.610159,9.906148,10.048656,10.497065,11.18521,11.389546,11.840291,12.356322
MYS,97.31399151,110.4681627,117.97474,132.085219,139.280814,146.544187,167.527358,189.557328,183.376478,199.06027,214.22248,223.298112,231.64515,246.815521,263.199974,292.04855,291.12339,305.35893,316.58202,307.94788,336.9189,321.4149,324.68546,345.381529,355.41838,369.423631,367.630562,371.377803
NAM,10.95321995,11.27035558,11.17967691,11.114935,11.2250492,11.1441174,10.775594,10.784262,10.81917,10.86311,11.020499,11.297329,10.398936,10.860594,10.746532,11.148994,12.338645,12.916946,11.488231,13.867986,12.935858,14.198953,15.162374,10.98245,12.488494,12.5988048,12.236003,14.8002021
NER,5.674253,6.50311732,7.345023,8.353905,9.202479,10.13396,11.3046,12.248541,13.43342,14.469047,14.77229,14.398613,15.28869,15.73541,16.45852,16.61229,16.87027,17.453977,18.123434,19.230093,20.32413,20.327451,22.3213155,23.5011127,24.86564206,24.61858142,25.92291078,27.12515014
NGA,286.2428309,296.2834398,306.2176488,310.8411547,292.5726637,300.6365726,325.2831816,293.2476905,258.8707394,240.6170159,277.1316098,290.4082017,274.6154082,301.7468026,300.411197,301.9860914,286.1946858,276.0287803,273.4495747,245.5988721,270.7029665,280.5577639,286.4522613,273.9282328,270.167058,285.2605732,297.0805983,297.7481235
NIC,1.9507,1.8847,2.255,2.1744,2.387,2.618,2.695,2.9554,3.234,3.4504,3.498,3.707,3.762,3.9674,4.1654,4.0554,4.202,4.3414,4.158,4.2314,4.235,4.532,4.312,4.2277,4.5137,5.3291,5.5594,5.5177
NIU,0.004438086,0.004436472,0.004434809,0.004432874,0.004430539,0.004499893,0.004571462,0.004643041,0.00471463,0.004786328,0.004857936,0.005002353,0.005146769,0.005288823,0.005433239,0.005577656,0.006748317,0.008160091,0.004874582,0.005084762,0.005084762,0.010146012,0.010146296,0.010146581,0.015200866,0.01589715,0.018058434,0.018621719
NLD,222.1939988,229.8878732,230.5909676,231.284792,232.1859048,232.3613782,243.5079696,235.1521116,235.5975448,222.3208794,220.578738,221.2765378,219.152133,219.8702896,221.2946312,215.571667,210.4591603,209.0033519,208.4678125,202.6216834,214.601907,200.5921957,196.5390543,196.2414728,188.5717914,196.852882,196.678944,194.557012
NOR,52.20537827,49.84222707,48.23025996,50.03691801,51.9384474,52.22503008,55.2218715,55.19273336,55.46678103,56.35936078,55.77633725,57.09432511,56.04994913,56.71055718,57.25950287,56.31816212,56.27664439,57.96615577,56.4632612,54.0039437,56.34938225,55.5737498,55.0849005,54.97131589,55.07158349,55.39514792,54.5829081,53.68642005
NPL,23.1715627,23.5643884,23.6734061,24.4812538,25.1787544,26.5318921,27.4248368,28.0509215,27.9041232,29.0540249,29.2072207,29.6001965,29.1728822,29.696612,29.9381518,30.6586416,30.5584155,30.7875393,32.4087831,34.017707,35.0787038,36.1782806,36.9610304,38.0657473,39.877096,39.7336648,40.9428735,41.9242822
NRU,0.032094,0.032094,0.03115,0.029262,0.028318,0.02597,0.023592,0.021945,0.019414,0.016275,0.013289,0.020551,0.027813,0.035075,0.03354,0.029544,0.019545,0.017241,0.024022,0.030803,0.037584,0.034452,0.034452,0.037584,0.040716,0.042586,0.048388,0.049901
NZL,65.92995192,66.8059526,67.95264047,67.72685412,69.08554413,69.80298101,71.91519125,74.74960935,72.64052545,74.48384331,76.5772398,79.49682782,79.77836107,81.9557749,81.63798276,83.67503977,83.83501862,81.74335026,81.68025714,78.87104158,79.35980103,79.07148721,81.43707462,80.93562329,81.70481831,81.59679322,79.53128949,81.24965162
OMN,37.59909722,35.99882461,36.13387148,37.1438021,34.009086,35.6860633,34.7611996,35.956867,33.556037,37.800799,39.4156854,40.467492,46.369474,55.632663,50.657604,52.804331,63.140357,66.794212,66.7653953,65.682443,73.157536,80.538364,85.783066,89.345674,89.77793,93.197286,94.463054,94.62011
PAK,187.94,189.85708,197.69311,207.42428,217.13047,221.40828,235.74879,239.198,246.12874,253.89359,265.88189,271.12991,276.94878,290.96795,308.5469,318.85107,336.13449,353.15189,359.408789,367.205146,368.067904,376.455332,378.771889,391.272018,398.601305,411.874591,434.932378,455.655965
PAN,2.6144,3.091,4.1177,3.6557,4.0297,2.6767,4.301,5.2947,5.5771,5.2911,5.3167,6.5964,5.4964,5.7091,5.28,6.3141,6.8457,6.6734,6.4534,7.7624,8.4151,9.2181,8.9614,9.5371,7.7074,9.696,10.1151,10.0392
PCN,0,0,0,0,0,0,0,0,0,0,0,0,0,0,0,0,0,0,0,0,0,0,0,0,0,0,0,0
PER,53.57912125,54.62068263,54.135904,63.136504,60.335184,61.668964,67.019544,70.424761,66.757883,66.924517,69.134102,66.670696,67.270484,68.155412,76.39922,81.902168,77.965546,84.227049,81.630532,93.137253,99.934417,92.323175,96.693433,98.783368,102.86888,108.724393,112.854205,110.223548
PHL,61.59537906,63.78923508,68.8135635,69.3948825,74.7493645,80.620721,82.0620079,91.1191339,89.5592899,89.7495519,94.3460859,93.2260419,95.5628359,95.6612329,98.3283329,99.5842169,93.7763729,97.8996179,104.8246897,104.2996755,112.8205172,114.4323308,119.7411944,127.4994223,134.1741312,144.5538501,155.4705655,164.6315897
PLW,0.234691775,0.23469295,0.234698025,0.234699575,0.234700725,0.234697675,0.23472035,0.238379125,0.2383752,0.2420379,0.249398925,0.253055325,0.249383075,0.253042225,0.253043625,0.260391275,0.264060725,0.26039163,0.25305865,0.245728275,0.2530643,0.253065725,0.253065175,0.256737033,0.260408812,0.272360591,0.30945237,0.319134149
PNG,2.1522,2.0755,2.0645,2.006,2.1942,2.0673,2.1948,2.6209,3.5697,2.566,2.955,3.3467,3.675,4.1034,4.71,5.0117,5.0934,6.6107,5.5834,5.279,4.7211,5.2839,5.0308,6.3237,6.4453,6.7203,7.5953,7.8158
POL,483.9310997,470.2611195,457.2353622,456.256942,450.138016,452.744838,465.636691,457.205239,424.992124,414.150962,402.690583,401.266872,391.250856,405.60796,408.876101,408.554206,423.754235,424.235009,416.758633,398.048852,416.956199,416.34992,408.893637,404.524646,391.447016,394.613009,403.100135,417.567802
PRK,222.0810187,216.2722212,191.8819524,180.079752,165.862596,146.020492,124.146174,110.65682,91.9318955,91.4788115,89.1623175,95.2959195,94.2909475,96.2319615,98.49002682,103.0216684,104.8604297,90.23491201,98.26440231,96.91970211,92.81263841,73.87009221,75.3664985,62.69239862,67.45200169,69.27799277,75.00179483,76.7299859
PRT,60.21041222,62.03793555,66.3007849,64.84687133,65.81046798,70.1905596,67.8734073,71.16647408,75.88317196,83.96136036,83.2563288,82.7128162,86.6770747,81.2234041,84.2921357,86.5728256,81.7975228,79.5602289,77.0822624,73.9236703,69.6872889,68.3028205,66.423514,64.583568,64.572547,68.590084,66.781104,71.382572
PRY,25.9796128,24.471424,25.6857194,27.6956108,29.459228,31.0749114,29.5276808,29.3549002,29.0071494,28.6674588,26.1036762,29.0939116,29.840559,33.8099044,33.2029698,35.4186192,36.9776346,41.1296402,40.4627878,42.8417952,46.4165728,48.3555722,49.5242428,52.0481735,54.7264676,54.4377319,54.6594937,55.6761568
QAT,27.960655,33.4320675,42.63144,45.91509,44.76915,44.9537225,48.1264,62.92985,57.1914,58.2523,62.68425,68.207,68.2175,71.11045,75.35983,83.78785,98.79225,102.4272,109.3801,118.10255,132.3793,150.98545,170.5857,152.18241,178.347559,195.463908,197.890956,204.193205
ROU,250.7573142,206.5037892,194.2472549,185.75434,183.5245273,189.8677422,192.6503924,189.8370757,170.4516165,150.194107,145.3048359,148.99452,151.760558,155.499667,154.462748,153.016138,154.457791,155.4308011,151.5613776,130.945396,124.9921439,130.5058334,127.0722538,117.3773775,117.3861264,117.505823,115.3001132,114.8090577
RUS,3234.275392,3074.820699,2596.696736,2446.277874,2176.862091,2123.837658,2065.334335,1949.635952,1917.192299,1944.132046,1932.281453,1975.46809,1952.338547,1993.622104,2014.357851,2029.585618,2083.977156,2085.241153,2113.48252,1989.643857,2087.263714,2152.363551,2187.092641,2119.713712,2118.057533,2121.821257,2125.230854,2182.810527
RWA,1.86815981,1.800515184,1.782879992,1.727785651,1.668182668,1.88615837,1.975545996,2.239513337,2.337394095,2.517341853,2.374874284,2.444795297,2.483385982,2.548299489,2.725340936,2.802316532,2.893974396,2.981455992,3.056790886,3.16996578,3.276687674,3.436520568,3.570928462,3.684149089,3.805209882,3.947172674,4.077675467,4.206760259
SAU,202.7323,262.9454,273.1561,290.9509,308.0137,252.4536,274.3952,244.5987,236.0924,247.5291,310.49,311.8964,335.7134,345.8791,401.5791,408.685,440.3523,402.4548,441.9103,465.3444,512.6388,493.3695,543.7547,523.0093,573.77898,589.52675,600.17432,596.76479
SDN,10.32009,10.09393,9.69585,8.56257,10.65349,10.68704,10.86115,11.84096,11.17625,11.75402,12.73105,13.66198,15.83107,16.44968,18.74258,18.35233,19.33594,21.24771,21.60632,22.38234,22.44493,21.50108,20.87911,22.61436,22.61569,23.32792,23.21385,24.21248
SEN,14.00792864,14.50924739,14.74260919,15.144313,15.62564277,15.34094455,15.97863529,15.3842141,15.37534669,16.47193859,17.46630118,18.12947108,18.14161097,17.01550287,18.27809306,19.37528395,19.44469285,18.56415304,19.88849223,18.69854312,22.62852761,23.48398543,22.1588523,23.32475854,23.84941157,23.5031596,25.29880663,25.88594466
SGP,23.29300864,23.80912225,25.28791773,26.77857493,32.13492114,26.81906642,32.7691839,41.53914188,38.97122086,42.88427464,48.21907472,50.84036211,43.82177198,32.3135156,30.6526708,32.8077473,34.0702492,25.7827537,39.3440681,55.0431431,55.4667429,55.7404265,57.2115601,82.38057913,83.67813618,88.67785412,94.69463817,99.65664571
SGS,0,0,0,0,0,0,0,0,0,0,0,0,0,0,0,0,0,0,0,0,0,0,0,0,0,0,0,0
SHN,0,0,0,0,0,0,0,0,0,0,0,0,0,0,0,0,0,0,0,0,0,0,0,0,0,0,0,0
SLB,0.14667,0.14667,0.143,0.143,0.13933,0.143,0.143,0.143,0.143,0.15033,0.15033,0.15767,0.15767,0.16133,0.16133,0.16133,0.165,0.17967,0.187,0.19434,0.198,0.198,0.198,0.20167,0.20167,0.21093,0.23966,0.24716
SLE,3.776946874,3.802640253,3.695530874,3.762164754,3.751901635,3.528257576,3.298103576,3.337415605,3.244682345,3.086235933,3.113459321,3.511626827,3.906244483,4.273027228,4.735770973,5.015238628,5.917051195,5.294150671,5.178235089,5.393021506,5.588259923,6.13619937,6.831857817,7.043164653,7.100142196,6.889880738,7.622398281,7.354035823
SLV,2.597304,3.25107,3.557953,3.818679,4.62392,5.043407,4.556884,5.435608,5.757987,5.66721,5.697735,5.852579,5.869464,6.359486,6.242698,6.41078,6.7229,6.754472,6.327428,6.188019,6.062832,6.235817,6.222503,5.917063,6.053056,7.635749,7.937043,7.861226
SMR,0.216688691,0.222010845,0.22228265,0.220958787,0.221913838,0.236552717,0.239244514,0.245114421,0.253542188,0.25859545,0.26745957,0.268382487,0.271987277,0.28015486,0.28373868,0.284721538,0.283756225,0.282610818,0.276239886,0.25392843,0.260015944,0.256223562,0.243169503,0.222988393,0.210322248,0.234517323,0.231169207,0.227840392
SOM,25.25532,22.30604378,20.35405522,22.2649695,24.10532378,24.67830322,25.217033,25.757051,25.71396,25.931544,26.249767,26.842973,27.275005,27.538999,28.20872,28.746603,27.508755,26.414656,26.504205,26.570411,26.825563,27.01895,27.3435052,27.67162632,27.84059823,28.11062013,27.77342204,27.92791394
SRB,78.6808095,56.2956607,62.1088649,55.3315081,53.8731268,56.8414795,64.596044,68.7247986,71.059304,53.632567,57.808977,61.155421,64.6392991,67.4507614,73.7409249,70.3814895,74.5843933,73.9117444,73.3632681,68.167429,68.2937654,72.3617545,67.8742144,68.6993176,61.3570398,72.1090568,75.1393979,76.338628
SSD,0.49347,0.46177,0.40859,0.27826,0.40333,0.40287,0.41775,0.52136,0.45571,0.49838,0.57114,0.64313,0.81363,0.9066,1.1672,1.1503,1.2633,1.4873,1.5468,1.6132,1.607,1.5009,1.4621,1.6281,1.6867,1.7668,1.7563,1.8678
STP,0.084460113,0.086115618,0.086931717,0.087274176,0.087080045,0.088012321,0.08867709,0.090135456,0.090033085,0.091488761,0.10537725,0.108532059,0.118080968,0.12991038,0.136554592,0.142639201,0.147527473,0.151200524,0.154373936,0.163740548,0.17231886,0.177642372,0.190449484,0.195147091,0.197630802,0.216888613,0.224092824,0.226833335
SUR,1.7825794,2.0653172,2.0790302,2.05266,2.0546001,2.0733351,2.087965,2.1084261,2.112048,2.135463,2.217956,2.390895,1.583704,1.555328,1.577298,1.614176,1.768415,1.785555,1.964528,2.031234,2.432269,1.992721,2.260179,1.913474,1.988047,2.344421,2.460794,2.486869
SVK,73.63603026,64.20006604,58.78893742,55.24663763,52.92037225,53.5038995,53.42488284,53.32407302,52.7450846,51.40013726,49.47233476,51.78878046,50.415777,50.6839063,51.4369141,51.4299557,51.31739931,49.53660403,50.01746554,45.6865664,46.5341098,45.8122215,43.2921975,42.9867352,40.9326628,41.9278138,42.4382472,43.5707735
SVN,20.4339281,18.9465218,19.61116106,19.5493621,19.9379829,19.75062398,20.44996813,20.59278825,20.24826696,19.5278559,19.7681647,20.7023355,20.8813077,20.5970601,20.9207237,21.2157942,21.4075131,21.5471681,22.2766533,20.2917806,20.3152428,20.3341973,19.7613585,19.0476263,17.3111755,17.5024797,18.3612428,18.130726
SWE,74.12460374,74.07621799,73.54633263,73.80277828,76.2839574,76.1031018,79.6890435,74.9678476,75.4983134,72.5985432,71.3590114,72.0984905,72.7415437,72.694187,71.740967,69.17858276,70.85777732,68.59765093,66.24704033,61.46287091,67.77524662,62.97200545,59.53055932,58.60194408,57.09031005,55.96944082,55.64933108,55.20889875
SWZ,0.5312611,0.4308496,0.367624,0.2353121,0.5928309,0.563072,0.4476731,1.3163662,1.3316481,1.3692005,1.3241892,1.2884165,1.2646366,1.1812567,1.2084228,1.180632,1.1836705,1.2554561,1.2800822,1.2332573,1.2355516,1.2473051,1.4099362,1.3014469,1.4210245,1.4562031,1.4906807,1.5781693
SXM,0,0,0,0,0,0,0,0,0,0,0,0,0,0,0,0,0,0,0,0,0,0,0,0,0,0,0,0
SYC,0.2039445,0.2296196,0.2273271,0.2389234,0.25499,0.2525529,0.287801,0.3987565,0.484906,0.56293,0.6364306,0.7004265,0.6120275,0.6274021,0.8180173,0.7712598,0.8141988,0.7305398,0.7914753,0.6232548,0.5439928,0.4423933,0.5410119,0.5146733,0.6102147,0.5527387,0.5404982,0.5282907
SYR,64.76968,73.34802,77.4074,83.20748,85.33769,78.37109,77.94819,73.85348,81.65859,82.12431,79.58501,72.98847,61.87596,77.4529,73.80967,73.94816,76.91605,90.12974,89.87074,85.07881,83.93608,79.10346,65.17847,54.90982,48.39485,64.05417,61.71233,60.60459
TCA,0,0,0,0,0,0,0,0,0,0,0,0,0,0,0,0,0,0,0,0,0,0,0,0,0,0,0,0
TCD,16.533326,16.709331,16.971658,17.165159,17.346571,17.647816,18.282325,18.758724,18.72665,19.83675,21.6852,20.29366,22.62466,23.53845,23.68014,24.32703,23.83007,25.25279,25.30713,23.95842,25.84209,26.9155,27.160207,26.9447705,26.4929117,67.0648229,72.06982406,76.20139523
TGO,5.3934482,5.2079052,5.3687352,5.9221732,5.7785434,5.433563,6.230291,7.09521,6.319034,7.134366,6.738834,6.862863,7.157344,7.415423,7.59575,7.536404,7.292396,7.424473,7.818694,9.490974,10.113785,9.643033,10.82328,10.324837,11.533976,11.858917,12.001583,12.133364
THA,185.4033541,198.6268228,210.0004604,224.8061772,239.6479329,259.336648,278.30725,286.545161,263.670155,278.471245,282.17983,297.6988,311.47646,334.140925,354.34957,360.555595,366.351965,375.951095,377.91626,397.29134,418.93983,413.565425,433.48554,436.412522,448.717729,454.423037,463.181444,475.111652
TJK,24.4911898,24.32306474,20.56962968,18.21784272,12.21484326,9.61013552,7.89346776,7.92685852,6.97313928,6.86025082,6.89033798,7.0948661,7.33374744,7.64463186,8.53772858,8.0451604,8.65205772,7.83330252,8.00791212,8.55927174,8.51059244,8.21094312,8.87291462,9.57532911,10.68282884,10.51677847,10.6801292,10.85457393
TKL,0,0,0,0,0,0,0,0,0,0,0,0,0,0,0,0,0,0,0,0,0,0,0,0,0,0,0,0
TKM,58.5007487,58.4078686,41.0777617,43.9232256,39.9515755,40.5176973,42.5722318,33.4182967,36.82009962,48.3105088,57.616419,60.16748519,65.31083444,72.20285909,71.4477675,76.379693,79.6447635,81.724152,86.0481725,68.503459,75.8308655,85.9925215,91.4652655,94.37281241,96.48982491,105.6138474,104.9407689,107.9519824
TLS,0.624160064,0.721758934,0.739608619,0.773990735,0.924879939,0.963268651,1.02797415,1.092705195,1.165987584,1.363834336,1.64523623,1.513519465,1.480764534,1.473581817,2.175628195,1.79086116,1.959632605,2.398229735,2.427472559,2.592724382,2.433166121,2.649644269,2.694589928,2.971747759,3.104732367,3.175337785,3.319202402,3.35841802
TON,0.16648557,0.1849625,0.16244099,0.17664836,0.18208951,0.18124537,0.16400908,0.18556605,0.1745521,0.19859158,0.18692369,0.17951037,0.19421391,0.23210263,0.20636834,0.20890249,0.22252537,0.20638697,0.21460895,0.25223496,0.23071868,0.19982846,0.2187293,0.22747196,0.21717772,0.22350748,0.24092324,0.245676
TTO,25.75173099,26.21664302,28.56851905,26.66636808,26.63863611,25.13312411,30.35998511,27.60237414,29.93067314,35.18920714,38.15544714,41.95072217,45.6025702,52.0683612,56.01716123,65.93352626,73.19864726,76.90350829,75.58414932,75.88976332,80.69407435,78.93280138,74.95712341,84.04893241,85.47396143,86.33279945,86.78182747,86.80926649
TUN,20.65762575,23.7230545,24.2444365,26.23886725,25.22418125,24.93912525,26.6570255,26.737812,28.24844425,28.90272675,30.42421825,31.3451595,31.4035155,31.89196625,32.92669625,33.63734625,34.19356625,35.40693625,36.40395625,36.77085625,39.71745625,37.91582005,38.78594,39.30955,40.81263,37.18961,35.90048,37.60795
TUR,227.8821979,233.8538966,240.0061102,246.7379859,241.2584837,254.4246612,273.4758027,285.4798363,287.8863896,285.1571884,305.9097581,286.6135048,292.3121982,312.4420887,322.4274792,344.6641756,366.6225475,398.278313,395.554976,402.8597401,404.911992,435.165262,454.208355,446.3437684,465.3597873,479.6117263,505.9124856,533.7193233
TUV,0.0073334,0.0073334,0.0073334,0.0073334,0.0073334,0.0073334,0.0073334,0.0073334,0.0073334,0.0073334,0.0073334,0.0073334,0.011,0.011,0.011,0.011,0.0073334,0.011,0.011,0.011,0.0073334,0.0073334,0.011,0.011,0.011,0.011505,0.013073,0.013481
TWN,0,0,0,0,0,0,0,0,0,0,0,0,0,0,0,0,0,0,0,0,0,0,0,0,0,0,0,0
TZA,44.48304,45.04392,45.18817,46.11978,46.28659,50.8199,47.52132,46.85628,50.60098,52.18766,50.39375,55.51283,58.24236,63.5396,62.96131,67.39101,64.77864,67.84936,70.22822,71.39407,75.35658,78.38281,82.01474,86.488603,88.351663,91.273133,92.629403,93.866273
UGA,15.78646248,16.268422,16.65361573,17.01132888,16.74716796,17.08057705,17.16241,18.10117655,19.31931331,18.87021239,19.27585778,20.13891046,20.72278314,22.75824582,22.9118588,25.64628178,23.29445506,26.72501234,32.53258162,32.44670519,34.69570877,34.71348335,36.20004692,37.23485241,38.01692648,39.33966045,41.90244443,42.8466284
UKR,977.696034,891.2581041,833.4526327,743.8992663,628.6066231,597.6771036,537.9917714,523.9883557,508.1410917,478.2422152,459.2381825,471.7562511,454.1413605,454.0159572,462.095101,463.3246271,473.722941,480.3147752,464.5694621,402.9962596,420.592768,441.6931971,430.151249,417.3775108,369.819044,325.004627,342.0305891,326.2222346
UMI,0,0,0,0,0,0,0,0,0,0,0,0,0,0,0,0,0,0,0,0,0,0,0,0,0,0,0,0
URY,28.39980355,29.88862978,31.49937397,31.31134578,30.81321268,31.8999941,34.23309238,34.7811066,35.0362277,34.4617326,30.8041046,32.0316665,33.6575715,32.8855435,33.1865145,34.7418565,37.9950055,37.0469945,40.1585113,38.1603843,33.8182223,38.02671284,41.65915079,38.25440374,35.0570134,36.42902005,37.2358967,36.75336445
USA,6529.506212,6472.041992,6582.395272,6689.658792,6790.022652,6873.002677,7058.315902,7120.765292,7178.56023,7212.85211,7369.42781,7255.02787,7280.47201,7323.10968,7454.56581,7457.59283,7381.98264,7475.757928,7258.692857,6798.73842,7028.27014,6872.952004,6630.282268,6786.41126,6831.34957,6689.50332,6552.45541,6511.43186
UZB,159.87942,161.81034,155.26022,188.57833,168.96942,171.52174,177.05756,165.89893,159.56009,169.0406,187.65182,190.99435,195.86814,192.60937,188.22536,186.80849,204.1349,203.28457,215.69359,190.29688,179.847546,183.220677,183.82113,186.698064,189.480765,186.570966,188.005367,192.584568
VAT,0,0,0,0,0,0,0,0,0,0,0,0,0,0,0,0,0,0,0,0,0,0,0,0,0,0,0,0
VCT,0.152299352,0.141310329,0.144632378,0.159894752,0.171435591,0.17881976,0.183021622,0.184243555,0.233062055,0.263515565,0.265898305,0.297367535,0.293267915,0.299342725,0.320312285,0.321489818,0.322464228,0.332303288,0.333990918,0.417746188,0.327422918,0.307520828,0.361571588,0.320337989,0.321251209,0.326781339,0.335587259,0.33592132
VEN,155.881863,150.060878,141.439993,163.956078,171.574978,183.943775,173.933875,187.9902,223.0323,224.193725,204.587275,222.676775,239.38585,236.3221,200.26615,214.539625,219.0539,209.98295,229.30845,229.469625,238.8123,229.84555,254.76465,234.889897,236.379055,226.974013,217.48847,211.158328
VGB,0,0,0,0,0,0,0,0,0,0,0,0,0,0,0,0,0,0,0,0,0,0,0,0,0,0,0,0
VNM,83.41936271,86.48613599,88.29798956,91.62533284,97.10826612,103.8091194,114.7496621,127.5199348,136.5981571,142.9455892,152.1119913,159.8701034,174.4232152,187.723287,207.7371291,218.5671109,225.8118326,232.1921144,245.4073865,267.6849786,282.1726707,290.2809431,281.4408155,290.7904167,310.4578487,343.0537607,359.2449726,363.0696846
VUT,0.066001,0.066001,0.062334,0.062334,0.062334,0.066001,0.084334,0.084334,0.080667,0.084334,0.084334,0.088001,0.084334,0.084334,0.058667,0.058667,0.047667,0.099001,0.095334,0.121,0.121,0.132,0.11367,0.10633,0.154,0.16107,0.18302,0.18874
WSM,0.1037103,0.1073775,0.1110557,0.1110649,0.1147441,0.1184143,0.1257655,0.1294377,0.1331199,0.1368021,0.1441393,0.1478204,0.1478316,0.1551728,0.151514,0.1625251,0.1661963,0.1735375,0.1808886,0.1882188,0.18822,0.2028912,0.1991924,0.1992384,0.2226954,0.2328725,0.2644295,0.2726666
YEM,16.820379,16.071866,17.041716,15.927682,17.334314,18.533933,19.297299,22.778584,22.055251,24.315231,25.875123,26.884841,25.616996,27.786288,28.897302,30.048808,31.823543,32.538518,32.53781,34.7852,33.638696,35.068053,37.953307,47.0484294,44.2468086,40.8554878,40.448667,40.5502451
ZAF,377.7389926,388.9010248,366.5442632,384.849695,403.575985,426.029802,434.667404,459.605839,454.981482,452.450561,452.238425,452.304754,466.436494,488.360678,507.910304,503.98403,512.09807,538.59136,538.72024,530.197635,536.435449,553.437527,539.45357,549.093796,552.04786,539.26692,540.32209,532.87501
ZMB,30.296826,30.560132,30.843356,30.801192,30.440586,29.988202,26.228616,27.046124,28.87251,27.133006,26.351212,30.873766,30.75246,33.3838,33.72474,35.10589,32.48115,33.40946,34.0521,32.52333,35.35062,35.00745,38.35199,38.98535,39.0008,40.32685,39.95101,39.55667
ZWE,15.40715,15.65029,16.58376,15.96103,17.15106,17.04743,18.72735,19.92814,21.98411,27.7637,27.0084,23.1093,20.57024,17.05348,13.70921,13.53006,11.027593,10.494686,8.144411,5.794914,7.991623,9.74178,7.705885,11.49709293,11.78879313,12.3212949,12.15059667,12.92679845
