2017_MtCO2eq_AR4,CO2_IPCM0EL,CH4_IPCM0EL,N2O_IPCM0EL,HFCS_IPCM0EL,PFCS_IPCM0EL,SF6_IPCM0EL,NF3_IPCM0EL,FGASES_IPCM0EL,KYOTOGHG_IPCM0EL,KYOTOGHG_IPC1,KYOTOGHG_IPC2,KYOTOGHG_IPCMAG,KYOTOGHG_IPC4,KYOTOGHG_IPC5,CO2_IPC1,CO2_IPC2,CO2_IPCMAG,CO2_IPC4,CO2_IPC5,CH4_IPC1,CH4_IPC2,CH4_IPCMAG,CH4_IPC4,CH4_IPC5,N2O_IPC1,N2O_IPC2,N2O_IPCMAG,N2O_IPC4,N2O_IPC5,HFCS_IPC2,PFCS_IPC2,SF6_IPC2,NF3_IPC2,FGASES_IPC2
ABW,0.002047584,8.02E-05,2.34E-05,,,,,,0.00215111,0.001956943,0.000132953,1.52E-07,5.75E-05,3.58E-06,0.001914635,0.000132953,,,,2.48E-05,,0,5.53E-05,,1.75E-05,7.60E-10,1.52E-07,2.19E-06,3.58E-06,,,,,
AFG,0.028624664,0.031385849,0.011384304,,,,,,0.071394817,0.029757721,0.000557694,0.032075044,0.008764776,0.000239665,0.028066844,0.000551314,6.42E-06,,,0.001504644,,0.021746148,0.008135183,,0.000186164,6.38E-06,0.0103226,0.000629635,0.000239665,,,,,
AGO,0.081502935,0.088403486,0.040896694,0.000113503,,,,0.000113503,0.210916442,0.119664886,0.002580283,0.077174062,0.010761426,0.000735806,0.079356862,0.002146073,,,,0.039349154,,0.038873601,0.010180732,,0.000958933,0.000320757,0.038300251,0.000580884,0.000735806,0.000113503,,,,0.000113503
AIA,0.000314083,1.23E-05,1.02E-06,,,,,,0.00032743,0.000319162,1.75E-09,,7.91E-06,3.43E-07,0.000314083,1.64E-09,,,,4.40E-06,,,7.91E-06,,6.82E-07,1.08E-10,,,3.43E-07,,,,,
ALB,0.013131635,0.005340209,0.002648279,0.000370662,,,,0.000370662,0.021490743,0.010550303,0.003289624,0.005175466,0.002408194,6.71E-05,0.010157227,0.002898437,6.95E-05,6.35E-06,,0.000307745,1.16E-06,0.002841354,0.002189935,,8.53E-05,1.92E-05,0.002264647,0.000211879,6.71E-05,0.000370662,,,,0.000370662
AND,0.001135366,2.76E-05,2.39E-05,2.79E-05,,4.60E-06,,3.25E-05,0.00121927,0.001057612,0.000126269,1.99E-05,1.22E-05,3.28E-06,0.001030077,9.33E-05,4.71E-06,7.31E-06,,1.63E-05,1.19E-07,1.12E-05,0,,1.13E-05,4.19E-07,3.99E-06,4.93E-06,3.28E-06,2.79E-05,,4.60E-06,,3.25E-05
ANT,0.015446229,0.000141698,0.000140301,,,,,,0.015728077,0.01536732,0.000230389,1.96E-05,2.27E-05,8.81E-05,0.015215798,0.000230389,,,,0.000108515,,1.11E-05,2.21E-05,,4.31E-05,1.66E-10,8.57E-06,5.45E-07,8.81E-05,,,,,
ARE,0.43745414,0.100245294,0.003705785,,0.00111077,0.002505361,,0.003615963,0.545021183,0.455345079,0.05546485,0.002455413,0.029918897,0.001836943,0.386680388,0.050747099,2.66E-05,,,0.068645383,4.30E-05,0.002205465,0.029351424,,1.93E-05,0.001058703,0.000223506,0.000567326,0.001836943,,0.00111077,0.002505361,,0.003615963
ARG,0.428763865,0.202950409,0.096859972,0.001687499,0.0004221,4.18E-06,,0.002113754,0.730687791,0.414443349,0.037863104,0.23947227,0.03670927,0.002200008,0.391710628,0.035343682,0.001639859,6.95E-05,,0.018878771,0.000147482,0.148842332,0.035081771,,0.00385374,0.000258091,0.088990057,0.001558096,0.002200008,0.001687499,0.0004221,4.18E-06,,0.002113754
ARM,0.013792708,0.006222479,0.001580929,0.002010774,0,,,0.002010774,0.023607016,0.015052104,0.002567271,0.004278086,0.001645673,6.38E-05,0.012972767,0.000534315,0.000285667,,,0.002007332,,0.002706411,0.001508841,,7.22E-05,2.22E-05,0.001285923,0.000136817,6.38E-05,0.002010774,0,,,0.002010774
ATA,8.67E-06,,,,,,,,8.67E-06,8.67E-06,,,,,8.67E-06,,,,,,,,,,,,,,,,,,,
ATG,0.001331506,7.90E-05,4.22E-05,3.45E-05,,,,3.45E-05,0.001487183,0.001202985,0.00018458,4.92E-05,3.51E-05,1.53E-05,0.001181411,0.000150087,,,,1.41E-05,,3.18E-05,3.31E-05,,7.47E-06,6.49E-10,1.75E-05,1.95E-06,1.53E-05,3.45E-05,,,,3.45E-05
AUS,0.877812173,0.217424337,0.047818651,0.025714474,0.000425248,0.000369823,,0.02650965,1.169564811,0.914272334,0.073594615,0.153209401,0.024737765,0.003751116,0.82834147,0.043400376,0.006005689,6.45E-05,0,0.079076063,0.000154219,0.114932654,0.023261579,0,0.006854801,0.003530339,0.032270848,0.001411716,0.003751116,0.025714474,0.000425248,0.000369823,,0.02650965
AUT,0.148915995,0.013876653,0.007897617,0.003619741,9.25E-05,0.000837422,2.52E-05,0.004574834,0.175265099,0.118268448,0.038004762,0.01533605,0.003115017,0.000540925,0.115726991,0.032944302,0.000240274,4.31E-06,,0.001309953,0.00012885,0.009880206,0.002557617,,0.001231463,0.000356623,0.00521555,0.000553035,0.000540925,0.003619741,9.25E-05,0.000837422,2.52E-05,0.004574834
AZE,0.086400331,0.051900723,0.006504537,0.003206518,0.000973309,,,0.004179869,0.14898525,0.119481674,0.0088057,0.015300163,0.005219118,0.000178828,0.081850051,0.00455028,0,,,0.037143479,5.46E-07,0.010076219,0.004680396,,0.000488103,7.50E-05,0.005223944,0.000538659,0.000178828,0.003206518,0.000973309,,,0.004179869
BDI,0.001341285,0.008992689,0.003395186,,,,,,0.013729329,0.005666968,0.00040997,0.004393931,0.003012603,0.000245898,0.000931378,0.000409907,0,,,0.004249334,,0.001825463,0.002917955,,0.000486193,7.75E-08,0.00256832,9.47E-05,0.000245898,,,,,
BEL,0.207376869,0.016750746,0.013063429,0.005887536,0.000351859,0.000193134,1.32E-06,0.006433813,0.243624857,0.176165207,0.042531118,0.021227993,0.003099277,0.000601303,0.1726164,0.033812301,0.000371229,0.000576938,,0.002200638,4.85E-05,0.012270771,0.002230858,,0.001348106,0.002236525,0.008585972,0.000291586,0.000601303,0.005887536,0.000351859,0.000193134,1.32E-06,0.006433813
BEN,0.015216637,0.013834261,0.006400024,,,,,,0.035451133,0.016502896,0.001607079,0.012872242,0.004221003,0.000248081,0.01360362,0.001607016,6.16E-06,,,0.002622885,,0.007272011,0.003939574,,0.000276517,7.78E-08,0.005594145,0.000281386,0.000248081,,,,,
BES,,,,,,,,,,,,,,,,,,,,,,,,,,,,,,,,,,
BFA,0.006644517,0.044309299,0.022434294,,,,,,0.073387899,0.015880648,0.000486466,0.050231672,0.00626739,0.000521702,0.006158261,0.00048634,0,,,0.008690065,,0.029953945,0.005665079,,0.00103226,1.26E-07,0.020277727,0.000602437,0.000521702,,,,,
BGD,0.185509209,0.120894691,0.024783516,,,,,,0.331187416,0.181226507,0.00379204,0.094814214,0.049606696,0.001748002,0.177471823,0.00376077,0.004276826,,,0.003330758,,0.071727872,0.045836272,,0.000424073,3.14E-05,0.018809516,0.003770424,0.001748002,,,,,
BGR,0.09947908,0.014244755,0.011861535,0.003815125,4.12E-08,3.68E-05,,0.003851851,0.129437221,0.093622814,0.01346364,0.013767944,0.007940849,0.000642017,0.089993839,0.009384296,7.01E-05,3.09E-05,,0.002980914,6.02E-06,0.003681231,0.007576524,,0.000647977,0.000221428,0.010016618,0.000333454,0.000642017,0.003815125,4.12E-08,3.68E-05,,0.003851851
BHR,0.055784893,0.013697009,0.000367095,,0.000791504,,,0.000791504,0.070640564,0.060684388,0.008126789,7.34E-05,0.001643217,0.000112561,0.048641319,0.007143574,0,,,0.011980109,4.06E-05,4.12E-05,0.001635221,,6.31E-05,0.000151157,3.23E-05,8.00E-06,0.000112561,,0.000791504,,,0.000791504
BHS,0.006293204,0.000484913,0.000244639,,,,,,0.007022692,0.005437796,0.000998577,6.64E-05,0.000375825,0.000144124,0.005294669,0.000998577,0,,,9.87E-05,,2.02E-05,0.000366066,,4.45E-05,2.77E-09,4.62E-05,9.75E-06,0.000144124,,,,,
BIH,0.046585488,0.006405901,0.003704526,0.002668216,0.000243611,,,0.002911868,0.059607993,0.044057671,0.007356167,0.005155739,0.002803788,0.000234586,0.042136573,0.004416176,2.36E-05,8.97E-06,,0.0015067,1.31E-06,0.002250376,0.002647439,,0.000414419,2.67E-05,0.002881648,0.000147285,0.000234586,0.002668216,0.000243611,,,0.002911868
BLR,0.141815863,0.035504648,0.030782909,0.002574406,7.50E-05,6.10E-06,,0.002655624,0.210759044,0.130857584,0.015916535,0.050519606,0.012866156,0.000599247,0.127986429,0.011631524,0.00219791,,,0.002361394,0.000137287,0.020609942,0.01239606,,0.000509761,0.001492136,0.027711753,0.000469991,0.000599247,0.002574406,7.50E-05,6.10E-06,,0.002655624
BLZ,0.001361726,0.000564787,0.000495196,,,,,,0.002421625,0.001419942,1.11E-05,0.000810538,0.000151161,2.89E-05,0.001350456,1.11E-05,1.65E-07,,,4.07E-05,,0.000383233,0.000140821,,2.88E-05,2.57E-09,0.000427137,1.03E-05,2.89E-05,,,,,
BOL,0.037982097,0.043194709,0.004233804,0.107647211,,,,0.107647211,0.193057822,0.040084309,0.112097806,0.034836859,0.005671585,0.000367577,0.033549551,0.004429818,2.67E-06,,,0.00598974,,0.031962976,0.005241993,,0.00054485,2.07E-05,0.002870945,0.000429634,0.000367577,0.107647211,,,,0.107647211
BRA,1.06931406,0.866091457,0.387414914,0.02579884,0.000468165,0.00037146,,0.026638297,2.349458938,0.91697077,0.207763649,1.051715042,0.162362216,0.01064726,0.847790862,0.177700785,0.04331706,0.000505437,,0.036670654,0.002248067,0.670359543,0.156813192,,0.032509253,0.001176269,0.338038649,0.005043461,0.01064726,0.02579884,0.000468165,0.00037146,,0.026638297
BRB,0.002781123,0.000272068,0.000139963,,,,,,0.003193087,0.002721521,0.000166082,0.000117025,0.00014603,4.24E-05,0.00261512,0.00016608,0,,,8.54E-05,,5.14E-05,0.000135325,,2.12E-05,1.97E-09,6.57E-05,1.07E-05,4.24E-05,,,,,
BRN,0.022654861,0.012460069,0.000335573,0.00152647,,,,0.00152647,0.036977056,0.034473584,0.001938329,0.000264492,0.000241512,5.92E-05,0.02223912,0.000411838,,3.90E-06,,0.012195849,,4.15E-05,0.000222792,,3.86E-05,2.19E-09,0.000223023,1.48E-05,5.92E-05,0.00152647,,,,0.00152647
BTN,0.002960977,0.00182794,0.000355279,,,,,,0.005144196,0.00207984,0.001671234,0.001094779,0.000243569,5.47E-05,0.001296395,0.001664518,,,,0.000695533,6.56E-06,0.000882774,0.000243086,,8.79E-05,1.56E-07,0.000212005,4.85E-07,5.47E-05,,,,,
BVT,,,,,,,,,,,,,,,,,,,,,,,,,,,,,,,,,,
BWA,0.016498069,0.013023345,0.010325748,,,,,,0.039847162,0.017226509,0.000484808,0.02086178,0.001137822,0.000136395,0.016041405,0.000456266,5.37E-07,,,0.001064222,,0.010876012,0.00108311,,0.000120926,2.85E-05,0.009985348,5.47E-05,0.000136395,,,,,
CAF,0.001184181,0.015638255,0.00550936,,,,,,0.02233167,0.002131173,0.000453034,0.019699551,0,4.79E-05,0.000731189,0.000452992,0,,,0.001307686,,0.01433038,0,,9.23E-05,3.40E-08,0.005369171,0,4.79E-05,,,,,
CAN,1.206643652,0.194854681,0.084623619,0.026387299,0.001561349,0.000855176,2.52E-07,0.028803888,1.514925839,1.226885912,0.118153443,0.125722622,0.039367202,0.004796661,1.114857991,0.086071683,0.005269485,0.000444262,,0.098527974,0.000182343,0.058985535,0.037159009,,0.013499947,0.0030955,0.061467601,0.001763973,0.004796661,0.026387299,0.001561349,0.000855176,2.52E-07,0.028803888
CHE,0.080108806,0.010193533,0.005023944,0.00317252,6.45E-05,0.000412488,1.12E-06,0.003650591,0.098976874,0.076533976,0.008205908,0.012760804,0.001449659,2.65E-05,0.075496616,0.004468223,9.98E-05,2.01E-05,2.42E-05,0.000574462,6.02E-06,0.008486077,0.00112565,1.29E-06,0.000462835,8.11E-05,0.004175042,0.000303947,1.08E-06,0.00317252,6.45E-05,0.000412488,1.12E-06,0.003650591
CHL,0.182188735,0.029322043,0.01555347,0.005748815,7.94E-07,0.000509068,,0.006258786,0.233323033,0.180761237,0.013919885,0.024463263,0.012728905,0.001449869,0.174800669,0.00650013,0.000888104,0,,0.003452479,1.16E-06,0.013970253,0.011898262,,0.002508089,0.001160004,0.009604864,0.000830601,0.001449869,0.005748815,7.94E-07,0.000509068,,0.006258786
CHN,21.78480298,3.167810862,1.446623584,0.713152362,0.03362846,0.032186272,2.00E-05,0.778987031,27.17822446,20.73683297,3.821300037,2.241023685,0.276330753,0.102736804,18.84092057,2.841992197,0.099451797,0.002438414,0,1.719654219,0.00990476,1.219415579,0.218836094,0,0.176257967,0.190416049,0.922156309,0.055056454,0.102736804,0.713152362,0.03362846,0.032186272,2.00E-05,0.778987031
CIV,0.027859498,0.027568836,0.008661943,,,,,,0.064090067,0.0379162,0.002929077,0.015331223,0.007541267,0.000372362,0.024299988,0.002929077,0.000630601,,,0.012912117,,0.007651866,0.007004644,,0.000704053,1.56E-07,0.007048505,0.000536686,0.000372362,,,,,
CMR,0.02985258,0.045948759,0.015222304,,0.000303023,,,0.000303023,0.091326687,0.04475589,0.005468227,0.03079655,0.00996604,0.000340001,0.024424857,0.005164973,0.000262834,,,0.019791891,,0.016872677,0.009283981,,0.000539268,1.64E-07,0.013660913,0.000682038,0.000340001,,0.000303023,,,0.000303023
COD,0.008311469,0.076671647,0.031255733,,,,,,0.11623885,0.031251536,0.000753413,0.053037139,0.029818792,0.001378033,0.007556797,0.000752889,1.67E-06,,,0.021020857,,0.026254875,0.029395705,,0.002673672,5.37E-07,0.026780375,0.000423066,0.001378033,,,,,
COG,0.006245354,0.017981391,0.003315438,2.86E-05,,,,2.86E-05,0.027570725,0.019249601,0.000854169,0.005296138,0.002071697,9.92E-05,0.005419748,0.000825523,0,,,0.013719675,,0.002283954,0.001977678,,0.000110034,3.24E-08,0.003012184,9.40E-05,9.92E-05,2.86E-05,,,,2.86E-05
COK,0.000179189,3.00E-05,7.02E-06,,,,,,0.00021616,0.00017965,2.81E-07,3.42E-05,1.78E-06,2.27E-07,0.000179186,2.30E-09,,,,1.39E-07,,2.80E-05,1.78E-06,,3.25E-07,2.79E-07,6.19E-06,,2.27E-07,,,,,
COL,0.177023343,0.118798146,0.049462519,0.00422478,7.94E-07,0.000330641,,0.004556156,0.349840373,0.186300818,0.023069553,0.101305949,0.038094375,0.001069805,0.159026212,0.016476873,0.000639226,0.000881158,,0.024597995,3.06E-05,0.058272206,0.035897514,,0.00267661,0.0020058,0.042394706,0.001315556,0.001069805,0.00422478,7.94E-07,0.000330641,,0.004556156
COM,0.000369907,0.000997968,0.000127512,1.53E-06,,,,1.53E-06,0.0014969,0.000582059,1.71E-05,0.000629593,0.000261869,6.29E-06,0.000354335,1.56E-05,0,,,0.000215929,,0.000530159,0.000251879,,1.18E-05,5.53E-09,9.94E-05,1.00E-05,6.29E-06,1.53E-06,,,,1.53E-06
CPV,0.001666302,0.000417609,0.000133898,,,,,,0.002217847,0.001745442,1.27E-05,0.000219602,0.000235615,4.47E-06,0.001653626,1.27E-05,0,,,8.66E-05,,0.00011242,0.000218574,,5.19E-06,3.66E-09,0.000107178,1.71E-05,4.47E-06,,,,,
CRI,0.018370689,0.010757649,0.00711818,0.000351628,,,,0.000351628,0.036598251,0.017974256,0.001347476,0.012928066,0.00417777,0.000170471,0.017235743,0.000995807,0.000139197,,,0.000436371,,0.006296561,0.004024779,,0.000302268,3.43E-08,0.006492365,0.000153136,0.000170471,0.000351628,,,,0.000351628
CUB,0.074647505,0.021358319,0.006343361,0.000795449,,,,0.000795449,0.103144781,0.078494529,0.003811557,0.015023142,0.005507261,0.000308312,0.071631544,0.003015961,0,,,0.006748819,,0.009574643,0.005034857,,0.000114196,7.90E-08,0.005448499,0.0004723,0.000308312,0.000795449,,,,0.000795449
CUW,,,,,,,,,,,,,,,,,,,,,,,,,,,,,,,,,,
CYP,0.016138782,0.00185155,0.000688124,0.000523738,,3.47E-07,,0.000524094,0.019202592,0.013892393,0.002982383,0.001038262,0.001216458,7.31E-05,0.013807188,0.002330754,8.77E-07,,,3.16E-05,,0.000643297,0.001176647,,5.35E-05,0.000127644,0.000394083,3.98E-05,7.31E-05,0.000523738,,3.47E-07,,0.000524094
CZE,0.222855207,0.02841375,0.013070564,0.007640743,2.87E-06,0.000155954,5.76E-06,0.007805276,0.272145008,0.207632904,0.034080088,0.017757256,0.011855869,0.000818597,0.196739683,0.02524081,0.000594588,0.000279938,,0.009489228,0.000136674,0.007767711,0.011020189,,0.001404098,0.000897317,0.009394789,0.000555826,0.000818597,0.007640743,2.87E-06,0.000155954,5.76E-06,0.007805276
DEU,1.689997023,0.115942941,0.081792758,0.023107748,0.000189132,0.00804683,4.64E-05,0.031390257,1.919123188,1.606851479,0.14907759,0.139083218,0.021367343,0.002743557,1.569605586,0.114255212,0.006136435,,,0.025547632,0.001137276,0.069642239,0.019615815,,0.011698261,0.002294867,0.063304544,0.001751507,0.002743557,0.023107748,0.000189132,0.00804683,4.64E-05,0.031390257
DJI,0.001571003,0.002012201,0.000635637,,,,,,0.004218904,0.001860112,0.000307011,0.001497592,0.000499834,5.43E-05,0.001264013,0.000307011,,,,0.000559729,,0.000978073,0.000474377,,3.64E-05,6.25E-09,0.000519519,2.54E-05,5.43E-05,,,,,
DMA,0.000311817,0.000102433,6.41E-05,,,,,,0.000478344,0.00030997,9.47E-06,8.70E-05,6.40E-05,7.88E-06,0.000302331,9.47E-06,0,,,5.38E-06,,4.29E-05,5.42E-05,,2.26E-06,4.96E-10,4.41E-05,9.85E-06,7.88E-06,,,,,
DNK,0.076214562,0.014546121,0.011837401,0.000991127,2.29E-06,0.000159587,,0.001153016,0.103751289,0.074171113,0.004414917,0.022408061,0.002405046,0.000352152,0.072498494,0.003216382,0.000459855,3.96E-05,,0.000810286,4.80E-06,0.011696582,0.002034509,,0.000862165,4.06E-05,0.010251666,0.000330935,0.000352152,0.000991127,2.29E-06,0.000159587,,0.001153016
DOM,0.02892414,0.027652572,0.008582194,,,,,,0.065158906,0.027120775,0.004576513,0.018064287,0.014885891,0.000511209,0.023809535,0.004576513,0.000511188,2.69E-05,,0.000804851,,0.012097003,0.014750739,,0.00250641,7.45E-08,0.005456054,0.000108263,0.000511209,,,,,
DZA,0.317368476,0.143411462,0.018023154,0.000965607,,0.001164558,,0.002130124,0.480933215,0.402995456,0.030439571,0.026078169,0.020199867,0.001220047,0.292160195,0.024975751,0.000232404,,,0.110124451,2.80E-05,0.014479384,0.018779505,,0.000710748,0.003305574,0.011366465,0.001420341,0.001220047,0.000965607,,0.001164558,,0.002130124
ECU,0.081351833,0.043260606,0.010905183,0.000363674,,,,0.000363674,0.135881527,0.094880111,0.00541597,0.02748573,0.007037383,0.001062334,0.075667656,0.005021215,0.000663109,,,0.018686745,3.75E-09,0.017992724,0.006581347,,0.00052592,3.10E-05,0.008830044,0.000455972,0.001062334,0.000363674,,,,0.000363674
EGY,0.464496216,0.119095734,0.059230657,0.001876796,0.005305372,0,,0.007182189,0.650004586,0.415451118,0.081778277,0.087060144,0.063718397,0.001996566,0.39455492,0.061802755,0.008138541,,,0.020758736,1.52E-05,0.038388185,0.059933703,,0.000137505,0.012778223,0.040533628,0.003784694,0.001996566,0.001876796,0.005305372,0,,0.007182189
ERI,0.001467834,0.009031724,0.003532647,,,,,,0.014032163,0.002406725,0.000207646,0.009647676,0.001730752,3.95E-05,0.001260215,0.000207608,0,,,0.001100823,,0.006260884,0.001670143,,4.58E-05,3.79E-08,0.003386792,6.06E-05,3.95E-05,,,,,
ESP,0.582433498,0.083974088,0.040898373,0.013240974,0.000268144,0.000473454,0.000171167,0.014153674,0.721459634,0.54337018,0.064121127,0.082947852,0.028483845,0.002536421,0.533105293,0.04798969,0.001282439,5.61E-05,,0.006057316,0.000436854,0.051822654,0.025657181,,0.004207571,0.001540782,0.029842926,0.00277063,0.002536421,0.013240974,0.000268144,0.000473454,0.000171167,0.014153674
EST,0.041279696,0.00252194,0.002084226,0.000495784,1.27E-07,5.11E-06,,0.00050103,0.046386956,0.041214009,0.001416795,0.002904523,0.000689824,0.000161793,0.040336356,0.000909783,3.14E-05,2.14E-06,,0.000625039,,0.001302691,0.000594294,,0.000252593,5.97E-06,0.001570478,9.34E-05,0.000161793,0.000495784,1.27E-07,5.11E-06,,0.00050103
ETH,0.030721629,0.185533763,0.054439873,5.67E-05,,,,5.67E-05,0.270751928,0.069125553,0.006226257,0.177150311,0.016412864,0.00183688,0.023788758,0.006168754,0.000740947,2.31E-05,,0.043618215,,0.128069325,0.013846223,,0.0017186,7.02E-07,0.048339954,0.002543766,0.00183688,5.67E-05,,,,5.67E-05
FIN,0.094816942,0.009728474,0.010390386,0.002683326,1.23E-05,0.000105423,,0.00280106,0.117736862,0.086810196,0.012771298,0.013643074,0.003962869,0.000549383,0.08497745,0.009422701,0.000416539,,,0.00065761,7.43E-06,0.005356579,0.003706835,,0.00117501,0.000540191,0.007869915,0.000255909,0.000549383,0.002683326,1.23E-05,0.000105423,,0.00280106
FJI,0.003307883,0.001907374,0.00080164,,,,,,0.006017022,0.003130547,0.000208525,0.002126136,0.000514273,3.74E-05,0.003090463,0.000197176,2.03E-05,,,2.36E-05,,0.001395682,0.000488103,,1.66E-05,1.13E-05,0.000710139,2.62E-05,3.74E-05,,,,,
FRA,0.743931493,0.118906436,0.090794261,0.039411274,0.001485168,0.000968209,1.60E-05,0.041880748,0.995512938,0.702846551,0.093185037,0.160482881,0.036619238,0.002379023,0.688844609,0.047710571,0.004078085,0.003298019,,0.005921953,0.000110011,0.081235988,0.031638526,,0.008079989,0.003483749,0.075168808,0.001682735,0.002379023,0.039411274,0.001485168,0.000968209,1.60E-05,0.041880748
FSM,0.000386675,0.00012063,3.67E-05,,,,,,0.000544052,0.000388585,1.30E-06,0.000134821,1.93E-05,6.83E-08,0.000386654,1.06E-08,,,,1.87E-06,,9.95E-05,1.93E-05,,4.04E-08,1.29E-06,3.53E-05,,6.83E-08,,,,,
GAB,0.009880625,0.009646627,0.001069721,4.92E-05,,,,4.92E-05,0.020646249,0.018152221,0.000277567,0.001105335,0.0009944,0.000116636,0.009652293,0.000228311,0,,,0.008324481,,0.000385815,0.000936415,,0.000175547,1.21E-08,0.00071952,5.80E-05,0.000116636,4.92E-05,,,,4.92E-05
GBR,0.828122371,0.108886461,0.042692084,0.029785633,0.000779583,0.001102649,1.11E-06,0.031668956,1.011369662,0.804111576,0.074446035,0.087196766,0.043365748,0.002249746,0.784138782,0.04074727,0.00269277,0.00054336,,0.014697853,0.000163656,0.054336829,0.039687875,,0.005274732,0.00186603,0.030167167,0.003134535,0.002249746,0.029785633,0.000779583,0.001102649,1.11E-06,0.031668956
GEO,0.02045947,0.011079791,0.004303689,0.001215136,,,,0.001215136,0.037058064,0.019934389,0.009241378,0.004965182,0.002866118,5.12E-05,0.014426918,0.006007158,2.56E-05,,,0.005399391,1.73E-05,0.002983642,0.002679549,,0.000108032,0.002001771,0.001955999,0.000186735,5.12E-05,0.001215136,,,,0.001215136
GHA,0.027905878,0.030442299,0.010547155,4.74E-05,0,,,4.74E-05,0.068942761,0.040627438,0.001461034,0.01806072,0.008286915,0.00050655,0.026487824,0.001413458,4.54E-06,,,0.013450209,,0.009164148,0.007827942,,0.000689405,1.93E-07,0.008891954,0.000459057,0.00050655,4.74E-05,0,,,4.74E-05
GIN,0.007595622,0.036134451,0.013883789,,,,,,0.057614071,0.012584099,0.000487305,0.039934675,0.004341045,0.000266801,0.007108317,0.000487221,1.34E-07,,,0.004988686,,0.027074395,0.004071579,,0.000487242,8.60E-08,0.01286028,0.000269487,0.000266801,,,,,
GMB,0.001328148,0.00323485,0.000872469,,,,,,0.005435488,0.001803071,2.31E-05,0.00275405,0.00083526,1.98E-05,0.001305063,2.31E-05,0,,,0.000464976,,0.001988885,0.000780926,,3.30E-05,1.39E-08,0.00076525,5.43E-05,1.98E-05,,,,,
GNB,0.000805334,0.003397075,0.00169392,,,,,,0.00589635,0.001103488,1.96E-05,0.004057938,0.000697463,1.77E-05,0.000785627,1.96E-05,1.45E-07,,,0.000294167,,0.002436526,0.000666298,,2.37E-05,1.28E-08,0.001621328,3.12E-05,1.77E-05,,,,,
GNQ,0.015172566,0.012143803,7.02E-05,,,,,,0.027386464,0.024057595,0.00253726,4.94E-05,0.000731566,1.08E-05,0.01281348,0.002359086,,,,0.011208437,0.00017808,2.78E-05,0.000729489,,3.57E-05,5.96E-09,2.16E-05,2.08E-06,1.08E-05,,,,,
GRC,0.157178566,0.020808264,0.009912735,0.01296815,0.000263988,1.05E-05,,0.013242653,0.201142218,0.14726709,0.026901677,0.016474984,0.009716931,0.000781514,0.143777465,0.013321982,7.16E-05,7.37E-06,,0.002448698,1.50E-06,0.009335188,0.00902291,,0.001040906,0.000335573,0.007068233,0.000686571,0.000781514,0.01296815,0.000263988,1.05E-05,,0.013242653
GRD,0.000536497,0.000107323,5.95E-05,,7.94E-07,5.41E-06,,6.20E-06,0.000709489,0.000597862,9.56E-06,3.32E-05,4.94E-05,1.95E-05,0.00053314,3.36E-06,,,,4.00E-05,,2.10E-05,4.63E-05,,2.47E-05,7.35E-10,1.22E-05,3.04E-06,1.95E-05,,7.94E-07,5.41E-06,,6.20E-06
GTM,0.035481773,0.019352435,0.014179488,0.002817639,,,,0.002817639,0.071831335,0.035446725,0.007469284,0.024387082,0.004010718,0.0005174,0.030245027,0.004651644,0.00058506,,,0.00445731,,0.011393328,0.003502007,,0.000744389,1.16E-07,0.012408652,0.000508879,0.0005174,0.002817639,,,,0.002817639
GUY,0.004552169,0.003350695,0.000604577,,,,,,0.008507483,0.004709147,6.64E-06,0.003410506,0.000294146,8.71E-05,0.004544613,5.21E-06,2.15E-06,2.73E-07,,9.78E-05,,0.002980494,0.00027232,,6.67E-05,1.43E-06,0.000427788,2.16E-05,8.71E-05,,,,,
HKG,0.104840485,0.004477877,0.000945019,,,0.00017466,,0.00017466,0.110438198,0.103351497,0.002254783,0.000199451,0.004212398,0.000420149,0.102737434,0.002078749,,2.44E-05,,0.000234314,,5.89E-05,0.004184696,,0.000379771,1.35E-06,0.000140506,3.25E-06,0.000420149,,,0.00017466,,0.00017466
HND,0.02206787,0.013868469,0.006256897,,,,,,0.042193446,0.02233209,0.001515934,0.014673299,0.003132016,0.00054017,0.02055202,0.001515892,0,,,0.001446721,,0.009512523,0.00290914,,0.00033337,5.77E-08,0.005160565,0.000222771,0.00054017,,,,,
HRV,0.041649897,0.008686707,0.003813446,0.001025628,0,1.34E-05,,0.001039039,0.055189088,0.03642994,0.008102654,0.006014504,0.0043954,0.000246549,0.034753753,0.006725944,0.000170259,0,,0.001225881,0,0.003256885,0.004204003,,0.000450306,0.000337735,0.002587418,0.000191419,0.000246549,0.001025628,0,1.34E-05,,0.001039039
HTI,0.006246823,0.024175538,0.003600434,,,,,,0.034022586,0.016568584,0.000302016,0.009321337,0.007650816,0.000179957,0.00594315,0.000301953,1.70E-06,,,0.010262159,,0.006482291,0.007431088,,0.00036338,7.69E-08,0.002837157,0.000219791,0.000179957,,,,,
HUN,0.104660212,0.015821047,0.010174855,0.003780077,2.22E-06,0.000238826,,0.004021002,0.134677116,0.096852837,0.015589776,0.014808871,0.007086911,0.000338847,0.092969926,0.011168773,0.000445059,7.63E-05,,0.003185951,0.000104777,0.00577316,0.006757214,,0.000697002,0.000295132,0.008590799,0.000253243,0.000338847,0.003780077,2.22E-06,0.000238826,,0.004021002
IDN,1.24939051,0.483232909,0.132499563,,0,0,,0,1.865122982,1.187232665,0.120952194,0.262511812,0.285352613,0.009073697,1.110688195,0.117899926,0.014537306,0.006264872,,0.064713154,0.000171006,0.145836445,0.27251227,,0.011831525,0.002881228,0.102138061,0.006575261,0.009073697,,0,0,,0
IND,4.832496141,1.065641643,0.301119725,0.058903898,0.003318586,0,5.50E-05,0.062277468,6.261534978,4.623806151,0.40752412,1.01304375,0.180998804,0.036162153,4.449179249,0.327766837,0.055550055,,0,0.138068524,0.001792871,0.782891138,0.142889109,0,0.036558377,0.015686944,0.174602557,0.038109695,0.036162153,0.058903898,0.003318586,0,5.50E-05,0.062277468
IOT,,,,,,,,,,,,,,,,,,,,,,,,,,,,,,,,,,
IRL,0.083317213,0.029457405,0.014381377,0.00239938,9.90E-05,8.23E-05,2.65E-06,0.002583431,0.129739426,0.079193587,0.007275159,0.041099003,0.001958874,0.000213033,0.077892428,0.004601906,0.00077186,5.11E-05,,0.000552783,,0.027217733,0.00168689,,0.000748334,8.98E-05,0.013109389,0.000220903,0.000213033,0.00239938,9.90E-05,8.23E-05,2.65E-06,0.002583431
IRN,1.465706973,0.387943772,0.068053776,,0.000116939,0,,0.000116939,1.921821415,1.665191262,0.108318568,0.072096813,0.067578223,0.008636759,1.372065481,0.089541791,0.004099701,,,0.286567099,0.000816708,0.035745362,0.064814729,,0.006558472,0.01784309,0.03225196,0.002763494,0.008636759,,0.000116939,0,,0.000116939
IRQ,0.406222751,0.130453385,0.014916951,,,6.60E-06,,6.60E-06,0.551599592,0.495927186,0.014979071,0.015654415,0.022701451,0.00233747,0.394215989,0.011575071,0.000431628,,,0.100679924,1.59E-07,0.007792894,0.021980567,,0.001031379,0.003397075,0.007430039,0.000720989,0.00233747,,,6.60E-06,,6.60E-06
ISL,0.007590165,0.001219585,0.000617757,0.000430033,0.000142785,4.84E-06,,0.000577652,0.010005285,0.004003163,0.004295504,0.001213478,0.000481891,1.11E-05,0.00386927,0.003695922,1.02E-05,1.49E-05,,1.59E-05,6.63E-06,0.00074909,0.000447998,,0.000117984,1.55E-05,0.00045421,1.90E-05,1.11E-05,0.000430033,0.000142785,4.84E-06,,0.000577652
ISR,0.143844202,0.024175958,0.007129093,0.006890268,0.000359792,0.000499687,,0.007749872,0.182899126,0.141365284,0.018037005,0.004931393,0.017973206,0.000592111,0.136423397,0.007384708,3.60E-05,,,0.004531812,1.16E-05,0.002211131,0.017421473,,0.000409991,0.002890882,0.002684375,0.00055188,0.000592111,0.006890268,0.000359792,0.000499687,,0.007749872
ITA,0.740628228,0.092030363,0.039561536,0.03209687,0.002756989,0.000876163,4.93E-05,0.03577936,0.907999487,0.725819986,0.077070179,0.064597099,0.038298363,0.002213859,0.699763433,0.039748316,0.000914841,0.000201613,,0.016463232,9.30E-05,0.041325027,0.034149134,,0.009593321,0.001449428,0.022357273,0.003947759,0.002213859,0.03209687,0.002756989,0.000876163,4.93E-05,0.03577936
JAM,0.016210345,0.003782806,0.000996877,0.000295657,,,,0.000295657,0.021285496,0.016943821,0.001137465,0.0012165,0.001838433,0.000149331,0.015360395,0.000841787,8.06E-06,,,0.001414297,,0.000619813,0.00174859,,0.000169067,1.96E-08,0.000588628,8.98E-05,0.000149331,0.000295657,,,,0.000295657
JOR,0.046987378,0.008303495,0.002626453,0.000690013,,,,0.000690013,0.05860736,0.041850318,0.007326366,0.00256937,0.006636961,0.000224261,0.041068363,0.005918805,0,,,0.000655176,,0.001267119,0.006381137,,0.000126781,0.0007174,0.00130223,0.000255825,0.000224261,0.000690013,,,,0.000690013
JPN,2.495989614,0.06309447,0.048595779,0.094198472,0.007370647,0.004480815,0.000943928,0.106993904,2.714673767,2.386223611,0.210926725,0.069665534,0.042203309,0.005654376,2.369102035,0.101712876,0.001157402,0.024017091,,0.003893404,8.96E-05,0.048897564,0.01021389,,0.013228172,0.002130124,0.019610778,0.007972329,0.005654376,0.094198472,0.007370647,0.004480815,0.000943928,0.106993904
KAZ,0.595735123,0.110538513,0.036189226,0.001394675,0.001343405,4.40E-06,,0.002742508,0.74520537,0.606169581,0.05599098,0.071917169,0.008502026,0.002625613,0.542935551,0.052785721,1.91E-06,1.19E-05,,0.060893203,2.38E-05,0.041824294,0.007797092,,0.002340827,0.000438889,0.030090986,0.00069293,0.002625613,0.001394675,0.001343405,4.40E-06,,0.002742508
KEN,0.039838138,0.079702089,0.030305677,0.000236601,2.13E-06,,,0.000238742,0.15008452,0.062545045,0.009190172,0.072060926,0.005365813,0.000922564,0.03076612,0.008951136,0.000101944,1.91E-05,,0.029960241,,0.045980449,0.003761399,,0.001818769,3.22E-07,0.025978693,0.001585337,0.000922564,0.000236601,2.13E-06,,,0.000238742
KGZ,0.019627777,0.016010974,0.004495085,0.000148376,,,,0.000148376,0.040282211,0.023110267,0.001637047,0.01256563,0.002899906,6.95E-05,0.018140258,0.001487561,0,,,0.004903691,,0.008419969,0.002687523,,6.63E-05,1.10E-06,0.004145661,0.000212362,6.95E-05,0.000148376,,,,0.000148376
KHM,0.01680678,0.047060831,0.009971707,,,,,,0.073839107,0.021379935,0.001379502,0.045458096,0.005296767,0.000324849,0.015400479,0.001379418,,2.68E-05,,0.00552489,,0.036700665,0.004835276,,0.000454524,7.98E-08,0.008757641,0.000434587,0.000324849,,,,,
KIR,0.000209331,6.54E-05,1.42E-05,,,,,,0.000288962,0.000213579,2.85E-06,1.35E-05,5.81E-05,1.02E-06,0.000207942,1.39E-06,,,,4.54E-06,,6.21E-06,5.47E-05,,1.10E-06,1.46E-06,7.25E-06,3.40E-06,1.02E-06,,,,,
KNA,0.000509698,3.61E-05,1.82E-05,1.94E-05,,,,1.94E-05,0.000583444,0.00051144,2.03E-05,1.97E-05,2.49E-05,7.08E-06,0.000506739,8.32E-07,2.11E-06,,,2.70E-06,,1.02E-05,2.33E-05,,1.99E-06,3.93E-10,7.44E-06,1.69E-06,7.08E-06,1.94E-05,,,,1.94E-05
KOR,1.413057034,0.065637817,0.034679461,0.020636805,0.005889424,0.023961477,0.000708481,0.051195999,1.56457031,1.345977448,0.133661792,0.049524009,0.031329396,0.004077665,1.320613028,0.080972398,9.15E-05,0.011380107,,0.016893034,0.001493164,0.030649015,0.016602582,,0.008471596,2.56E-07,0.018783493,0.003346498,0.004077665,0.020636805,0.005889424,0.023961477,0.000708481,0.051195999
KWT,0.212851601,0.051083511,0.002389516,0.003316697,,0.000762794,,0.004079554,0.270404183,0.245264947,0.018640785,0.001046321,0.004694247,0.000757757,0.198676101,0.014170463,5.01E-06,,0,0.046143723,3.32E-05,0.000376119,0.004530552,0,0.000445185,0.000357609,0.000665186,0.000163724,0.000757757,0.003316697,,0.000762794,,0.004079554
LAO,0.004007151,0.01905128,0.005690473,,,,,,0.028748693,0.003524672,0.00206219,0.020533132,0.002518373,0.000110342,0.001942757,0.002062169,2.20E-06,,,0.001434465,,0.015277918,0.002338729,,0.000147457,3.45E-08,0.005252906,0.000179665,0.000110342,,,,,
LBN,0.037124801,0.007696147,0.003167903,,,,,,0.047988851,0.032741993,0.005484596,0.002292978,0.007113563,0.000355636,0.03208092,0.004987637,5.63E-05,0,,0.000188576,,0.000741199,0.006766238,,0.00047251,0.000497064,0.001495473,0.000347242,0.000355636,,,,,
LBR,0.002560765,0.004624362,0.001065188,9.07E-05,,,,9.07E-05,0.00834106,0.005110198,0.00033018,0.001053016,0.001700153,0.00014744,0.00232131,0.000239455,,,,0.002505571,,0.000486109,0.001632661,,0.000283317,3.22E-08,0.000566907,6.75E-05,0.00014744,9.07E-05,,,,9.07E-05
LBY,0.114852486,0.052963477,0.004212398,,,0.000921808,,0.000921808,0.172949875,0.154267117,0.007421854,0.00589593,0.00442667,0.000938451,0.108538086,0.00631419,0,,,0.0452518,0.000171606,0.003257935,0.004282073,,0.000477085,1.41E-05,0.002637995,0.000144592,0.000938451,,,0.000921808,,0.000921808
LCA,0.001164328,0.000247934,9.86E-05,0.000100294,,,,0.000100294,0.001611129,0.00111694,0.000166231,9.10E-05,0.000212005,2.49E-05,0.001097948,6.59E-05,4.26E-07,,,1.57E-05,,2.84E-05,0.000203856,,3.33E-06,1.31E-09,6.22E-05,8.15E-06,2.49E-05,0.000100294,,,,0.000100294
LIE,0.000354251,3.78E-05,2.23E-05,2.24E-05,3.54E-08,9.47E-08,,2.26E-05,0.000436896,0.000330473,5.27E-05,4.93E-05,3.31E-06,1.08E-06,0.000325185,2.90E-05,9.30E-08,2.13E-08,,3.46E-06,3.28E-09,3.26E-05,1.78E-06,,1.83E-06,1.21E-06,1.66E-05,1.51E-06,1.08E-06,2.24E-05,3.54E-08,9.47E-08,,2.26E-05
LKA,0.059881656,0.015973828,0.005096767,,,,,,0.080952251,0.059327194,0.002330964,0.012372975,0.006111671,0.000809552,0.055875555,0.002326976,0.001679041,,,0.002736632,,0.007615349,0.005621847,,0.000714819,3.99E-06,0.003078711,0.000489823,0.000809552,,,,,
LSO,0.005807367,0.003436529,0.001451716,,,,,,0.010695529,0.006718179,4.58E-05,0.003105363,0.000782941,4.32E-05,0.00578827,1.90E-05,,,,0.000847097,,0.001870332,0.000718995,,8.27E-05,2.68E-05,0.001235094,6.39E-05,4.32E-05,,,,,
LTU,0.029053417,0.006958684,0.006632344,0.001492681,2.66E-05,1.62E-05,2.46E-08,0.001535536,0.044180022,0.024406599,0.008069706,0.009287759,0.002235895,0.000180154,0.02295119,0.0060357,6.38E-05,2.65E-06,,0.001077003,1.01E-05,0.0037763,0.002095244,,0.000378302,0.000488375,0.00544766,0.00013795,0.000180154,0.001492681,2.66E-05,1.62E-05,2.46E-08,0.001535536
LUX,0.019490736,0.001249784,0.000784242,0.000150349,4.10E-06,1.97E-05,,0.000174198,0.021698929,0.018422106,0.00148819,0.001494465,0.000176956,0.000117165,0.018172997,0.001302125,1.55E-05,,,0.000105635,2.98E-06,0.000984558,0.00015662,,0.00014344,8.89E-06,0.000494399,2.03E-05,0.000117165,0.000150349,4.10E-06,1.97E-05,,0.000174198
LVA,0.016097648,0.003864863,0.004366439,0.000493013,1.76E-05,2.17E-05,,0.0005323,0.024861375,0.015215588,0.002470524,0.00586487,0.001186175,0.00012411,0.014095542,0.001930375,7.12E-05,6.00E-07,,0.000729678,4.25E-08,0.00205921,0.001075849,,0.00039039,7.75E-06,0.003734537,0.000109713,0.00012411,0.000493013,1.76E-05,2.17E-05,,0.0005323
MAC,0.003323203,0.001053561,4.71E-05,,,,,,0.004423732,0.004066542,9.30E-06,6.92E-06,0.000315195,2.58E-05,0.00331208,9.18E-06,,1.93E-06,,0.000739772,,7.92E-07,0.000312992,,1.48E-05,1.13E-07,6.13E-06,2.57E-07,2.58E-05,,,,,
MAR,0.128571111,0.048985077,0.064149249,,,,,,0.241705437,0.125522411,0.017309825,0.051965991,0.046209201,0.000698177,0.110877234,0.017237841,0.000456119,,,0.012986409,,0.014225028,0.021773641,,0.001658642,7.21E-05,0.037284718,0.02443556,0.000698177,,,,,
MCO,0.000196479,5.60E-05,4.46E-05,1.71E-05,0,2.24E-07,,1.73E-05,0.000314293,0.000161629,5.49E-05,8.99E-05,6.68E-06,1.21E-06,0.000155757,3.68E-05,1.86E-06,2.04E-06,,1.45E-06,4.49E-08,5.08E-05,3.67E-06,,4.42E-06,7.02E-07,3.73E-05,9.75E-07,1.21E-06,1.71E-05,0,2.24E-07,,1.73E-05
MDA,0.020926418,0.006540424,0.004893828,0.000467074,1.15E-07,1.78E-06,,0.000468963,0.032829507,0.021540061,0.002218267,0.006006948,0.003062551,1.77E-06,0.019129349,0.001749115,1.39E-05,3.23E-05,1.77E-06,0.002088843,,0.001567918,0.002883537,0,0.000321722,1.09E-07,0.004425201,0.000146746,0,0.000467074,1.15E-07,1.78E-06,,0.000468963
MDG,0.007546094,0.031413971,0.032338004,3.62E-05,,,,3.62E-05,0.071334166,0.014310863,0.000825187,0.053769566,0.002108927,0.000319435,0.006757214,0.000788775,0,,,0.006667811,,0.023110687,0.001635452,,0.000885796,1.70E-07,0.030659089,0.000473517,0.000319435,3.62E-05,,,,3.62E-05
MDV,0.002877661,0.000111249,6.48E-05,,,,,,0.003053737,0.002890043,3.87E-06,4.57E-06,0.00012021,3.51E-05,0.002873883,3.80E-06,,,,6.22E-06,,5.25E-09,0.000105022,,9.80E-06,6.96E-08,4.57E-06,1.52E-05,3.51E-05,,,,,
MEX,1.131234759,0.300169249,0.100781288,0.023953712,0,0.000462898,,0.024416673,1.556602179,1.106613468,0.121603403,0.215785086,0.105755914,0.006844307,1.033108046,0.094917047,0.001118388,0.002091551,,0.06470455,0.000436329,0.135764213,0.099263969,,0.008800873,0.001833354,0.078902505,0.004400227,0.006844307,0.023953712,0,0.000462898,,0.024416673
MHL,0.000359393,0.000103879,6.69E-06,,,,,,0.00046997,0.000383443,6.76E-07,0,8.58E-05,,0.000359393,5.52E-09,,,,2.02E-05,,,8.37E-05,,3.88E-06,6.70E-07,0,2.14E-06,,,,,,
MKD,0.017976354,0.008115246,0.001013225,0.000700863,0,,,0.000700863,0.027805773,0.017004682,0.002368739,0.002384689,0.005961828,8.59E-05,0.01629576,0.001648254,5.41E-06,2.69E-05,,0.000578848,5.21E-06,0.001690017,0.005841156,,0.00013003,1.45E-05,0.000689174,9.37E-05,8.59E-05,0.000700863,0,,,0.000700863
MLI,0.009464674,0.044133013,0.094453457,,,,,,0.148051354,0.014185574,0.000184353,0.132001345,0.001544161,0.000135625,0.009279574,0.000184232,9.63E-07,,,0.001344853,,0.041852206,0.0009361,,0.003561189,1.23E-07,0.090148299,0.000608061,0.000135625,,,,,
MLT,0.003467379,0.000393622,0.000120701,0.000652531,2.32E-12,2.07E-06,,0.000654609,0.004636324,0.003395396,0.000757212,0.000136819,0.000317504,2.94E-05,0.003365385,0.000100945,0,1.04E-06,,1.39E-05,,7.60E-05,0.000303716,,1.61E-05,1.66E-06,6.08E-05,1.27E-05,2.94E-05,0.000652531,2.32E-12,2.07E-06,,0.000654609
MMR,0.056534319,0.168855211,0.047376467,,,,,,0.272765997,0.076301866,0.00261617,0.171987856,0.021183712,0.000676246,0.053928433,0.002606096,0,,,0.020942578,9.91E-06,0.128734805,0.019167754,,0.001431002,2.74E-07,0.043253051,0.002015831,0.000676246,,,,,
MNE,0.005716916,0.001706302,0.000322289,0.001942316,0,4.58E-06,,0.001946891,0.009692377,0.005708731,0.002234216,0.001269826,0.000429697,4.99E-05,0.005356369,0.000264996,9.40E-05,1.46E-06,,0.000285374,3.85E-08,0.001021263,0.000399624,,6.69E-05,2.23E-05,0.000154592,2.86E-05,4.99E-05,0.001942316,0,4.58E-06,,0.001946891
MNG,0.041360494,0.035820494,0.018522631,0.000252887,,,,0.000252887,0.095956296,0.044719584,0.000805921,0.049820338,0.000400631,0.000209885,0.040802255,0.000552489,3.91E-06,1.92E-06,,0.003607989,,0.031858254,0.000354335,,0.000309424,5.52E-07,0.017958306,4.44E-05,0.000209885,0.000252887,,,,0.000252887
MOZ,0.022493475,0.041899846,0.022489908,0.000464703,0.000945901,,,0.001410604,0.088293937,0.030182277,0.00654672,0.040563639,0.010560586,0.000440673,0.017711086,0.004776723,5.79E-06,,,0.011707075,,0.020169647,0.010023123,,0.000764305,0.000359372,0.020388116,0.000537421,0.000440673,0.000464703,0.000945901,,,0.001410604
MRT,0.007710628,0.01491863,0.000243128,2.40E-05,,,,2.40E-05,0.022896415,0.008425636,0.000925145,0.013427334,1.27E-07,0.000118168,0.006798767,0.000901116,1.07E-05,0,,0.001553878,,0.013364794,1.27E-07,,7.31E-05,2.89E-08,5.18E-05,0,0.000118168,2.40E-05,,,,2.40E-05
MSR,,,,,,,,,,,,,,,,,,,,,,,,,,,,,,,,,,
MUS,0.010407385,0.004863188,0.000246192,0.00239938,,,,0.00239938,0.017916333,0.010808856,0.002481646,0.000114995,0.00440988,0.000100993,0.010325328,8.22E-05,0,0,,0.000421303,,5.09E-05,0.004390993,,6.23E-05,8.91E-09,6.41E-05,1.87E-05,0.000100993,0.00239938,,,,0.00239938
MWI,0.003004419,0.014582008,0.008345048,,,,,,0.025931474,0.006134126,0.000727999,0.013429642,0.005504113,0.000135516,0.00242918,0.000510705,6.46E-05,,,0.003456047,,0.006055847,0.005070114,,0.000249046,0.000217294,0.007309157,0.000434042,0.000135516,,,,,
MYS,0.545984671,0.198102122,0.035302968,0.002405256,0.001995663,0,,0.004400856,0.783790617,0.584143264,0.055274083,0.040793021,0.101617388,0.001962946,0.492962222,0.048484131,0.004430237,0.000108275,,0.089717867,0.000307262,0.008044942,0.100031862,,0.001463217,0.00208175,0.028317842,0.001477214,0.001962946,0.002405256,0.001995663,0,,0.004400856
NAM,0.008905176,0.01497991,0.007175264,,,,,,0.03106035,0.007888383,0.001570982,0.021151812,0.000401848,4.73E-05,0.007359315,0.001540531,0,5.45E-06,,0.000415406,,0.014224399,0.000340001,,0.00011373,3.05E-05,0.006927414,5.64E-05,4.73E-05,,,,,
NER,0.009152816,0.042391978,0.006953647,,,,,,0.05849823,0.013561227,0.000159969,0.043364909,0.001159816,0.000252257,0.00899206,0.000159833,8.61E-07,,,0.004111453,,0.037875486,0.000404765,,0.000457588,1.36E-07,0.005488583,0.000755029,0.000252257,,,,,
NGA,0.254084918,0.357233266,0.08926456,0.002054509,1.28E-05,0.001284748,,0.003352164,0.703934908,0.429847815,0.024655918,0.17371525,0.069509815,0.0062059,0.23212093,0.021296829,0.000667348,,,0.185990428,5.94E-06,0.106523178,0.064713994,,0.011736456,1.27E-06,0.066524914,0.004796031,0.0062059,0.002054509,1.28E-05,0.001284748,,0.003352164
NIC,0.012376543,0.019120535,0.007154277,,,,,,0.038651355,0.012428169,0.00065165,0.022551608,0.002805467,0.000214649,0.011579688,0.000651608,0.000145056,,,0.000673728,,0.015813702,0.002633169,,0.000174582,4.29E-08,0.00659268,0.000172366,0.000214649,,,,,
NIU,3.90E-05,2.84E-06,7.18E-07,,,,,,4.26E-05,3.91E-05,1.80E-08,2.99E-06,4.58E-07,2.73E-09,3.90E-05,1.47E-10,,,,1.18E-08,,2.37E-06,4.58E-07,,7.16E-08,1.78E-08,6.25E-07,,2.73E-09,,,,,
NLD,0.346918012,0.038003713,0.019100178,0.003832963,0.000161656,0.000265227,2.41E-05,0.004283962,0.408305865,0.337995207,0.023320971,0.039729428,0.006463194,0.000797212,0.331824145,0.01499544,9.84E-05,,,0.00482814,0.000739919,0.026320562,0.006115239,,0.001342964,0.003301796,0.013310229,0.000347955,0.000797212,0.003832963,0.000161656,0.000265227,2.41E-05,0.004283962
NOR,0.093299622,0.010542538,0.005484176,0.002943978,0.000274838,0.000123467,,0.00334209,0.112668637,0.080591914,0.019721796,0.00937842,0.002517323,0.000459015,0.077418764,0.015702474,0.000176261,2.04E-06,,0.002741249,3.86E-05,0.005486695,0.002275979,,0.00043188,0.000638512,0.003715649,0.000239245,0.000459015,0.002943978,0.000274838,0.000123467,,0.00334209
NPL,0.018620008,0.054955929,0.01440824,,,,,,0.087984177,0.024305654,0.001951865,0.053264632,0.007863619,0.000598638,0.016673726,0.001946366,0,,,0.006475576,,0.041406244,0.007074109,,0.001156311,5.50E-06,0.011858178,0.000789489,0.000598638,,,,,
NRU,0.000107927,1.12E-05,1.04E-06,,,,,,0.000120168,0.000104943,3.33E-06,1.81E-06,1.01E-05,1.76E-09,0.000104724,3.20E-06,,,,5.83E-08,,1.46E-06,9.69E-06,,1.61E-07,1.28E-07,3.48E-07,4.04E-07,1.76E-09,,,,,
NZL,0.076431982,0.071631124,0.019132917,0.003159299,0.00012688,3.15E-05,,0.003317746,0.170513769,0.069013276,0.011242016,0.081596745,0.008656277,5.42E-06,0.066661535,0.007559525,0.002199169,7.87E-06,4.06E-06,0.001860385,0.00023509,0.061156792,0.008377787,1.23E-06,0.000491397,0.000129675,0.018240993,0.000270788,1.29E-07,0.003159299,0.00012688,3.15E-05,,0.003317746
OMN,0.145675689,0.053178378,0.002837996,0.001154149,6.47E-05,,,0.001218808,0.202910745,0.175570661,0.018595664,0.003596866,0.004407572,0.000740087,0.128799653,0.016870579,5.34E-06,,,0.046470902,0.000173489,0.002226032,0.004308096,,0.000300043,0.000332845,0.001365483,9.95E-05,0.000740087,0.001154149,6.47E-05,,,0.001218808
PAK,0.447829416,0.37883209,0.129597978,,,0.000267178,,0.000267178,0.95652664,0.449643274,0.042087464,0.397719885,0.062688592,0.004387425,0.390400445,0.041784,0.015644971,,,0.054601048,,0.266454955,0.057776297,,0.004641781,3.62E-05,0.11561996,0.004912506,0.004387425,,,0.000267178,,0.000267178
PAN,0.022931882,0.006869281,0.002865908,,,,,,0.032667071,0.021516766,0.00186135,0.007317971,0.001739188,0.000231711,0.021068706,0.001861329,1.79E-06,,,0.000292383,,0.004963713,0.001613249,,0.000155682,2.78E-08,0.00235237,0.000125931,0.000231711,,,,,
PCN,,5.33E-08,1.45E-10,,,,,,5.35E-08,,1.45E-10,,5.33E-08,,,,,,,,,,5.33E-08,,,1.45E-10,,,,,,,,
PER,0.142710305,0.057887735,0.030722048,0.001892095,,,,0.001892095,0.233212225,0.138125397,0.011896373,0.061283131,0.021033449,0.000873854,0.131909004,0.009944424,0.000856729,,,0.00595826,5.04E-08,0.032079451,0.019850023,,0.000258196,5.97E-05,0.028346803,0.001183446,0.000873854,0.001892095,,,,0.001892095
PHL,0.280431084,0.169361404,0.029020888,,,0.000846929,,0.000846929,0.479660387,0.278864026,0.02505571,0.132168816,0.042430593,0.001141327,0.254554384,0.024197574,0.001678999,,,0.023135451,1.07E-05,0.106355076,0.039860174,,0.001174086,5.20E-07,0.024134825,0.002570209,0.001141327,,,0.000846929,,0.000846929
PLW,0.000669593,4.78E-06,8.80E-07,,,,,,0.00067526,0.000670097,2.76E-07,,4.63E-06,2.50E-07,0.000669593,2.26E-09,,,,1.56E-07,,,4.63E-06,,3.56E-07,2.74E-07,,,2.50E-07,,,,,
PNG,0.016799435,0.007332032,0.008503705,0.000353055,,,,0.000353055,0.032988374,0.019844567,0.00074802,0.009573384,0.002549852,0.000272572,0.016402581,0.000394944,,1.93E-06,,0.003254787,,0.002117112,0.001960259,,0.000187222,8.86E-09,0.007456272,0.00058762,0.000272572,0.000353055,,,,0.000353055
POL,0.711989503,0.103699872,0.045972474,0.014466582,2.50E-05,0.000173,,0.014664484,0.876326333,0.720608424,0.059661508,0.066610328,0.027187722,0.002258141,0.665704541,0.043098381,0.001930689,0.001255808,,0.049177733,0.000135316,0.03034849,0.024038287,,0.00572615,0.001763302,0.034331086,0.001893606,0.002258141,0.014466582,2.50E-05,0.000173,,0.014664484
PRK,0.107345426,0.033764872,0.00464262,0.015276029,,,,0.015276029,0.161028948,0.122903723,0.024831575,0.009399826,0.003229603,0.000664137,0.097602262,0.009554076,9.30E-05,9.61E-05,,0.024768825,1.34E-06,0.006461095,0.002533693,,0.000532783,1.29E-07,0.002845551,0.000599918,0.000664137,0.015276029,,,,0.015276029
PRT,0.116091735,0.019890527,0.006900551,0.006835493,3.54E-05,5.30E-05,,0.006923846,0.149806659,0.107457074,0.017713814,0.014474557,0.009793532,0.000367598,0.105387392,0.010536242,0.000113119,5.50E-05,,0.000857422,9.32E-05,0.009609481,0.009330361,,0.001212366,0.00016041,0.004751959,0.000408123,0.000367598,0.006835493,3.54E-05,5.30E-05,,0.006923846
PRY,0.014095332,0.056232744,0.046516652,,,,,,0.116844518,0.017493876,0.002231068,0.089601392,0.007316292,0.000201692,0.011864893,0.002218267,1.20E-05,,,0.005147974,,0.043768268,0.007316292,,0.000480967,1.29E-05,0.045821162,0,0.000201692,,,,,
QAT,0.279278508,0.149536564,0.002605257,,,,,,0.431420329,0.397491133,0.026946798,0.001756124,0.004602326,0.000624053,0.252716392,0.026562116,,,,0.144532347,0.000156989,0.000286255,0.004560983,,0.000242351,0.000227619,0.001469869,4.14E-05,0.000624053,,,,,
ROU,0.158745203,0.060284386,0.017218114,0.004570217,1.17E-05,0.000113732,,0.004695506,0.240943209,0.158541845,0.028854045,0.040410858,0.012363321,0.000773056,0.13485571,0.023608065,0.000261491,1.99E-05,,0.02240932,1.94E-05,0.026690763,0.011164996,,0.001276794,0.000531146,0.013458603,0.001178452,0.000773056,0.004570217,1.17E-05,0.000113732,,0.004695506
RUS,3.502459782,0.8043227,0.192852784,0.071945921,0.006631715,0.002728657,3.50E-07,0.081306712,4.580942188,3.603703821,0.499056054,0.26842789,0.198292259,0.011462163,3.099233895,0.401462607,0.001763197,,,0.492418463,0.001285419,0.118473066,0.192145751,,0.012051463,0.015001317,0.148191543,0.006146508,0.011462163,0.071945921,0.006631715,0.002728657,3.50E-07,0.081306712
RWA,0.002153209,0.009804235,0.00423968,0.000301638,,,,0.000301638,0.016498909,0.004463186,0.00064464,0.007263407,0.004022261,0.00010518,0.001809346,0.000342939,1.02E-06,,,0.002465067,,0.003587212,0.003751956,,0.000188733,8.24E-08,0.003675355,0.000270368,0.00010518,0.000301638,,,,0.000301638
SAU,1.147808799,0.231676437,0.036524379,0.001103257,,0,,0.001103257,1.417112873,1.184065601,0.131268708,0.028251944,0.06799984,0.005526779,1.022916401,0.124542974,0.000349613,,,0.1592153,0.002545865,0.004641361,0.065274122,,0.00193411,0.003076822,0.023260949,0.002725509,0.005526779,0.001103257,,0,,0.001103257
SDN,0.036910529,0.126950328,0.064576323,,,,,,0.228437181,0.050813206,0.003564757,0.158020961,0.015375925,0.000662311,0.033141575,0.003564337,0.000204643,,,0.01683784,,0.095986726,0.014125762,,0.000833959,2.87E-07,0.061829617,0.001250057,0.000662311,,,,,
SEN,0.01939147,0.023209533,0.011724494,,,,,,0.054325496,0.019268909,0.003956154,0.025437873,0.005430241,0.000232278,0.015435316,0.003956154,0,,,0.003681441,,0.014459657,0.005068435,,0.000152036,1.04E-07,0.010978216,0.000361743,0.000232278,,,,,
SGP,0.202472968,0.001459523,0.0015186,0.000143984,0.003396865,0.000140913,1.10E-05,0.003692774,0.209143717,0.184309415,0.023528946,0.000336643,0.00073931,0.000229424,0.182314654,0.019768176,5.01E-07,0.000389571,,0.001287287,6.80E-05,4.49E-06,9.97E-05,,0.000707474,2.94E-08,0.000331649,0.000250011,0.000229424,0.000143984,0.003396865,0.000140913,1.10E-05,0.003692774
SGS,,,,,,,,,,,,,,,,,,,,,,,,,,,,,,,,,,
SHN,2.31E-05,4.96E-06,2.04E-06,,,,,,3.01E-05,2.56E-05,3.85E-10,3.60E-06,5.99E-07,3.30E-07,2.31E-05,3.61E-10,,,,2.32E-06,,2.04E-06,5.99E-07,,1.46E-07,2.36E-11,1.56E-06,,3.30E-07,,,,,
SLB,0.00054059,0.000346255,8.12E-05,,,,,,0.000968104,0.000610181,2.96E-05,0.000156156,0.000161514,1.06E-05,0.000518701,2.19E-05,,,,7.68E-05,,0.000121488,0.00014795,,1.47E-05,7.70E-06,3.47E-05,1.36E-05,1.06E-05,,,,,
SLE,0.002790777,0.009850825,0.002791826,3.02E-05,,,,3.02E-05,0.015463648,0.005182181,0.000534546,0.007252074,0.002362234,0.00013268,0.002286473,0.000504346,0,,,0.002666117,,0.004981131,0.002203576,,0.00022955,4.79E-08,0.002270943,0.000158639,0.00013268,3.02E-05,,,,3.02E-05
SLV,0.017985798,0.005658574,0.002711238,0.000428879,,,,0.000428879,0.026784573,0.01649786,0.001422629,0.006467391,0.00221344,0.000183403,0.016051058,0.000993729,0.000941011,,,0.000322478,,0.003303475,0.002032621,,0.000124378,4.27E-08,0.002222674,0.000180718,0.000183403,0.000428879,,,,0.000428879
SMR,0.000397882,4.53E-05,1.21E-05,2.17E-05,7.04E-07,5.57E-07,,2.29E-05,0.000478155,0.000379204,5.15E-05,2.73E-05,1.89E-05,1.28E-06,0.000367997,2.82E-05,5.43E-07,1.12E-06,,7.44E-06,1.88E-08,2.16E-05,1.62E-05,,3.76E-06,3.54E-07,5.11E-06,1.55E-06,1.28E-06,2.17E-05,7.04E-07,5.57E-07,,2.29E-05
SOM,0.001487708,0.043279494,0.014177179,6.76E-06,,,,6.76E-06,0.058951117,0.007712097,8.88E-05,0.046683285,0.004215336,0.000251606,0.001405609,8.20E-05,1.34E-07,,,0.005785122,,0.033561723,0.003932859,,0.00052145,7.64E-08,0.013121351,0.000282498,0.000251606,6.76E-06,,,,6.76E-06
SRB,0.109729276,0.018696819,0.008167293,0.023614361,0,,,0.023614361,0.160207748,0.109711438,0.027783107,0.013253776,0.008951136,0.00050825,0.105786974,0.003927402,0,1.48E-05,,0.003031701,7.66E-05,0.006934969,0.008653548,,0.000892637,0.000164702,0.006318807,0.000282855,0.00050825,0.023614361,0,,,0.023614361
SSD,0.00454923,0.066476225,0.050543111,,,,,,0.121568566,0.0086206,0.000570223,0.107674284,0.004511875,0.000191581,0.003919847,0.000570139,5.92E-05,,,0.004462766,,0.057867588,0.004146081,,0.000238028,8.44E-08,0.049747724,0.000365752,0.000191581,,,,,
STP,0.000293265,0.000145291,3.75E-05,,,,,,0.000476035,0.000344954,9.49E-06,3.64E-05,8.26E-05,2.63E-06,0.000283779,9.49E-06,,,,5.81E-05,,9.57E-06,7.76E-05,,3.09E-06,1.33E-09,2.68E-05,4.96E-06,2.63E-06,,,,,
SUR,0.005207995,0.001401621,0.000649656,,0,,,0,0.007259209,0.005219118,0.00012918,0.001541895,0.00026871,0.00010029,0.005078718,0.00012816,5.18E-07,4.50E-07,,0.00011079,,0.001036478,0.000254356,,2.95E-05,1.02E-06,0.000504913,1.39E-05,0.00010029,,0,,,0
SVK,0.075639324,0.00970392,0.004512294,0.001551024,1.81E-05,1.49E-05,,0.001583972,0.091439594,0.061800236,0.020262197,0.005646611,0.003527191,0.000203069,0.057177344,0.018306051,0.000149486,6.27E-06,,0.004130131,4.21E-06,0.002327186,0.003242615,,0.000492825,0.000367934,0.003170002,0.000278427,0.000203069,0.001551024,1.81E-05,1.49E-05,,0.001583972
SVN,0.031163603,0.004428139,0.001638097,0.000750223,3.66E-05,3.32E-05,,0.000820024,0.038049883,0.029381015,0.003784694,0.003549856,0.00116905,0.000165159,0.028153938,0.002911659,4.05E-05,5.75E-05,,0.000902459,1.04E-05,0.002497176,0.001018199,,0.000324723,4.26E-05,0.001012323,9.33E-05,0.000165159,0.000750223,3.66E-05,3.32E-05,,0.000820024
SWE,0.092998677,0.00956436,0.010736452,0.002388886,7.68E-05,9.88E-05,1.19E-07,0.002564543,0.115863822,0.077418345,0.020187905,0.015109187,0.00263044,0.000517966,0.075441632,0.017167117,0.000267661,0.000122215,,0.000616666,1.90E-05,0.00691797,0.002010648,,0.001360068,0.000437252,0.00792343,0.000497588,0.000517966,0.002388886,7.68E-05,9.88E-05,1.19E-07,0.002564543
SWZ,0.002828552,0.002156357,0.000909216,,,,,,0.005894041,0.003285427,2.65E-05,0.002094761,0.000463695,2.37E-05,0.002817849,1.04E-05,2.69E-07,,,0.000429886,,0.001289806,0.000436749,,3.77E-05,1.62E-05,0.000804683,2.69E-05,2.37E-05,,,,,
SXM,,,,,,,,,,,,,,,,,,,,,,,,,,,,,,,,,,
SYC,0.000900087,0.000208597,4.04E-05,,,,,,0.001149112,0.001020801,5.55E-05,9.20E-06,4.25E-05,2.11E-05,0.000844578,5.55E-05,0,,,0.000165233,,2.82E-06,4.05E-05,,1.10E-05,6.98E-10,6.38E-06,1.91E-06,2.11E-05,,,,,
SYR,0.095267731,0.021280459,0.010639285,,,,,,0.127187685,0.093398469,0.005196662,0.015319471,0.012600888,0.000672343,0.091618399,0.002396022,0.001253373,,,0.000966216,,0.008169181,0.012145062,,0.000813749,0.00280064,0.00589677,0.0004557,0.000672343,,,,,
TCA,0.000450537,4.20E-05,2.54E-06,,,,,,0.00049507,0.000453475,4.41E-09,1.23E-08,4.05E-05,1.04E-06,0.000450537,4.14E-09,,,,1.44E-06,,5.25E-09,4.05E-05,,1.49E-06,2.72E-10,7.06E-09,,1.04E-06,,,,,
TCD,0.002294238,0.103818865,0.054246378,,,,,,0.16035969,0.00985796,0.000276769,0.149097108,0.000964516,0.000163482,0.002016188,0.000276685,1.48E-06,,,0.007527206,,0.09579449,0.000497337,,0.000314566,9.90E-08,0.053301148,0.000467179,0.000163482,,,,,
TGO,0.008293421,0.007555538,0.011988713,,,,,,0.027837672,0.011108332,0.001782588,0.014355354,0.000472384,0.000118947,0.00645333,0.001782546,3.00E-05,2.75E-05,,0.00441135,,0.002839255,0.000304849,,0.000243569,5.12E-08,0.011486088,0.000140047,0.000118947,,,,,
THA,0.729741302,0.20869104,0.055971043,,,0.002686894,,0.002686894,0.997090279,0.747224895,0.059624572,0.149644014,0.03723435,0.003362657,0.670061116,0.055525501,0.003976301,0.000178464,,0.06382249,6.57E-05,0.10941448,0.035388383,,0.013341289,0.001346364,0.036253234,0.001667331,0.003362657,,,0.002686894,,0.002686894
TJK,0.006452491,0.010836558,0.007163511,7.36E-05,0,,,7.36E-05,0.024526012,0.004105367,0.002672413,0.016076032,0.001655977,1.65E-05,0.003855209,0.002597072,0,,,0.000230473,,0.009127212,0.001478977,,1.95E-05,1.61E-06,0.00694882,0.000176989,1.65E-05,7.36E-05,0,,,7.36E-05
TKL,8.99E-11,8.14E-07,1.39E-07,,,,,,9.54E-07,1.13E-08,1.10E-08,9.26E-07,3.97E-09,1.77E-09,,8.99E-11,,,,9.74E-09,,8.01E-07,3.97E-09,,1.55E-09,1.09E-08,1.25E-07,,1.77E-09,,,,,
TKM,0.122983891,0.098862288,0.004706209,0.000490369,,,,0.000490369,0.227042841,0.195716594,0.006306845,0.022949511,0.001725967,0.000344052,0.116621013,0.005197921,0.001165083,,,0.078882778,2.61E-08,0.018465548,0.001514046,,0.000212823,0.000618554,0.003319005,0.000211921,0.000344052,0.000490369,,,,0.000490369
TLS,0.00105843,0.005439685,0.000550118,,,,,,0.007048086,0.004670532,8.00E-06,0.001967122,0.000394881,7.63E-06,0.001050119,7.99E-06,,3.13E-07,,0.003614494,,0.001457445,0.00036764,,5.89E-06,6.04E-09,0.000509677,2.69E-05,7.63E-06,,,,,
TON,0.000324723,0.000160345,4.69E-05,,,,,,0.000532006,0.000316224,1.49E-05,0.000162488,3.69E-05,1.52E-06,0.000311208,1.35E-05,,,,2.94E-06,,0.000120525,3.69E-05,,2.07E-06,1.38E-06,4.20E-05,,1.52E-06,,,,,
TTO,0.13875583,0.049456013,0.000737086,,,,,,0.188948887,0.130904803,0.051277216,0.000671692,0.005918805,0.000176389,0.088438114,0.050277212,4.04E-05,,,0.042378126,0.000999857,0.000202891,0.005874944,,8.84E-05,9.43E-09,0.000428417,4.38E-05,0.000176389,,,,,
TUN,0.05179705,0.019822741,0.007306009,,0,,,0,0.078925591,0.054718363,0.008321963,0.010286503,0.005316495,0.000282268,0.043761972,0.007745465,0.000289718,,,0.010472653,0,0.004475568,0.00487431,,0.000483821,0.000576602,0.005521112,0.000442205,0.000282268,,0,,,0
TUR,0.897715922,0.113732649,0.091440014,0.016891355,0.000153428,0.000153444,,0.017198387,1.120087182,0.799818381,0.149428903,0.131254647,0.036421965,0.003162866,0.772527405,0.122142335,0.003042194,4.01E-06,,0.018660302,3.44E-05,0.070822517,0.024215623,,0.008630673,0.010053973,0.057389936,0.012202355,0.003162866,0.016891355,0.000153428,0.000153444,,0.017198387
TUV,2.95E-05,2.02E-05,2.83E-06,,,,,,5.25E-05,2.83E-05,1.35E-06,1.41E-05,8.78E-06,1.18E-08,2.83E-05,1.22E-06,,,,,,1.14E-05,8.78E-06,,,1.29E-07,2.69E-06,,1.18E-08,,,,,
TWN,0.614396055,0.021419809,0.011741703,0.000449215,0.012160172,0.008357849,0.004884804,0.025851935,0.673409502,0.587132572,0.058848494,0.010673493,0.014134996,0.002620157,0.581584177,0.031235167,0.001518033,5.86E-05,,0.002190565,4.72E-05,0.005136011,0.014046014,,0.00335783,0.001714319,0.004019323,3.02E-05,0.002620157,0.000449215,0.012160172,0.008357849,0.004884804,0.025851935
TZA,0.02551972,0.117521331,0.053950679,,,,,,0.19699194,0.04638129,0.003588471,0.126095341,0.019766497,0.001160382,0.02243933,0.002912918,0.000167457,,,0.021880461,,0.07703807,0.018602799,,0.002061414,0.000675595,0.048889799,0.001163656,0.001160382,,,,,
UGA,0.011991022,0.06150139,0.02915583,,,,,,0.102648242,0.024770924,0.002277868,0.062871174,0.011945481,0.000782857,0.009710845,0.002277448,2.56E-06,,,0.013533945,,0.036811473,0.011155971,,0.001526092,2.72E-07,0.026057183,0.000789531,0.000782857,,,,,
UKR,0.477476958,0.133552452,0.071271836,0.002118581,0.000144494,5.96E-05,,0.002322569,0.684624236,0.464838715,0.109918994,0.081653618,0.02564375,0.00256895,0.374914341,0.101115182,0.001428631,1.89E-05,,0.086761088,0.003169582,0.020312565,0.023309428,,0.003163496,0.00331166,0.059912296,0.002315434,0.00256895,0.002118581,0.000144494,5.96E-05,,0.002322569
UMI,,,,,,,,,,,,,,,,,,,,,,,,,,,,,,,,,,
URY,0.01877237,0.04042303,0.01793669,0.000172244,,0.000179065,,0.000351313,0.077483402,0.018518434,0.001225587,0.055024345,0.002545235,0.000169898,0.017608462,0.000867852,0.000296014,,,0.000497295,1.04E-08,0.037507804,0.002418058,,0.000412635,6.41E-06,0.017220633,0.000127151,0.000169898,0.000172244,,0.000179065,,0.000351313
USA,11.17201631,1.37737505,0.790257588,0.302765062,0.008696361,0.012793753,0.001273058,0.325528213,13.66517716,11.41698094,0.802133814,1.137616945,0.274828754,0.033616708,10.72610064,0.428635848,0.017279604,,0,0.594547291,0.000593811,0.521830748,0.260403305,0,0.096333002,0.047375627,0.598506592,0.014425449,0.033616708,0.302765062,0.008696361,0.012793753,0.001273058,0.325528213
UZB,0.211771639,0.271512267,0.027368625,0.000200137,,,,0.000200137,0.510852532,0.404166289,0.021017709,0.063703497,0.021548876,0.000416161,0.194228235,0.016646024,0.000897359,,,0.209740782,1.28E-05,0.041560915,0.020197769,,0.000197415,0.004158673,0.021245202,0.001351128,0.000416161,0.000200137,,,,0.000200137
VAT,1.16E-05,1.04E-06,4.48E-07,5.50E-07,1.75E-08,1.21E-08,,5.80E-07,1.37E-05,1.09E-05,1.48E-06,8.02E-07,4.25E-07,2.88E-08,1.07E-05,8.98E-07,1.15E-08,2.70E-08,,1.75E-07,4.34E-10,5.06E-07,3.62E-07,,9.07E-08,7.05E-09,2.85E-07,3.69E-08,2.88E-08,5.50E-07,1.75E-08,1.21E-08,,5.80E-07
VCT,0.000457861,0.000204129,3.19E-05,1.11E-05,,,,1.11E-05,0.000704976,0.000463255,1.33E-05,3.34E-05,0.000182534,1.25E-05,0.000453601,2.15E-06,2.11E-06,,,8.09E-06,,1.91E-05,0.000176926,,1.58E-06,7.55E-10,1.22E-05,5.61E-06,1.25E-05,1.11E-05,,,,1.11E-05
VEN,0.354320558,0.145849037,0.030153736,0.004187424,0,0.000765795,,0.004953219,0.53527676,0.398998799,0.031979975,0.081721614,0.020075208,0.002500954,0.326558018,0.026720144,0.001042543,,,0.070754101,0.000195862,0.055981326,0.018918016,,0.00168689,0.000110703,0.024697891,0.001157339,0.002500954,0.004187424,0,0.000765795,,0.004953219
VGB,0.000400316,3.12E-05,1.21E-05,,,,,,0.000443674,0.000404325,1.04E-06,1.89E-05,1.54E-05,3.95E-06,0.000399288,1.04E-06,,,,3.14E-06,,1.27E-05,1.54E-05,,1.91E-06,2.16E-10,6.25E-06,,3.95E-06,,,,,
VNM,0.469181648,0.226606533,0.066165836,,,,,,0.761954017,0.437163687,0.086720794,0.184583078,0.050037547,0.003449121,0.377572903,0.086720374,0.004888581,,,0.057787,,0.123591029,0.045228295,,0.001803701,4.71E-07,0.056103468,0.004809043,0.003449121,,,,,
VUT,0.000403024,0.000857506,0.000308732,,,,,,0.001569282,0.000407997,1.04E-05,0.001006761,0.000141491,2.64E-06,0.000396098,6.94E-06,,,,9.30E-06,,0.000714064,0.000134137,,2.60E-06,3.45E-06,0.000292698,7.36E-06,2.64E-06,,,,,
WSM,0.000572216,0.000414398,0.000120097,,,,,,0.001106699,0.000593874,5.13E-06,0.000411019,9.28E-05,3.92E-06,0.000569572,2.66E-06,,,,2.03E-05,,0.00030764,8.65E-05,,4.04E-06,2.47E-06,0.000103379,6.29E-06,3.92E-06,,,,,
YEM,0.052501355,0.021174688,0.017046445,,,,,,0.090722278,0.055013432,0.005296138,0.023915097,0.006172112,0.000325752,0.049786969,0.002703683,1.06E-05,,,0.005043461,,0.01083362,0.005297607,,0.000182823,0.002592455,0.013070984,0.000874505,0.000325752,,,,,
ZAF,0.922140569,0.132058008,0.057302843,0.00284681,0.00303296,0.000933729,,0.006813667,1.118314877,0.866598699,0.080749942,0.109982373,0.056403993,0.004579661,0.846515936,0.073010143,0.002614491,,,0.014815377,0.000218805,0.062112095,0.054911858,,0.005267596,0.000707516,0.045255787,0.001492136,0.004579661,0.00284681,0.00303296,0.000933729,,0.006813667
ZMB,0.010147573,0.041186097,0.034849241,2.21E-06,,,,2.21E-06,0.08618522,0.018081286,0.002820787,0.058352584,0.006581557,0.000349214,0.007857323,0.00229025,,,,0.00954841,,0.025389604,0.006248293,,0.000675574,0.000528292,0.03296298,0.000333181,0.000349214,2.21E-06,,,,2.21E-06
ZWE,0.028502732,0.014070148,0.010772969,,,,,,0.053346059,0.02712875,0.001567225,0.023421706,0.000851861,0.000376392,0.027127911,0.001374801,,,,3.62E-09,2.85E-06,0.013544438,0.000522919,,8.33E-07,0.000189579,0.009877268,0.000328941,0.000376392,,,,,
EU28,7.48065087,0.954489571,0.522896595,0.220656817,0.006719812,0.014117616,0.00034321,0.241837074,9.199874658,7.109162146,0.852005002,0.923103079,0.292628841,0.022974846,6.86867749,0.583523093,0.02176012,0.006688747,0,0.179054679,0.003413865,0.508152442,0.263868794,0,0.061429404,0.023230487,0.393190703,0.022071477,0.022974846,0.220656817,0.006719812,0.014117616,0.00034321,0.241837074
EARTH,74.48637484,16.9206339,6.531020912,1.829969198,0.108276019,0.115483525,0.008241248,2.061969337,100,74.13253462,9.303427676,12.76830814,3.442339266,0.353390644,67.26844542,6.815218813,0.346657668,0.056021671,3.00E-05,6.257363036,0.031865869,7.530009342,3.101395608,2.52E-06,0.606726269,0.394372456,4.891642213,0.284921341,0.353358112,1.829969198,0.108276019,0.115483525,0.008241248,2.061969337
