iso3, Y1990, Y1991, Y1992, Y1993, Y1994, Y1995, Y1996, Y1997, Y1998, Y1999, Y2000, Y2001, Y2002, Y2003, Y2004, Y2005, Y2006, Y2007, Y2008, Y2009, Y2010, Y2011, Y2012, Y2013, Y2014, Y2015, Y2016, Y2017, Y2018, Y2019, Y2020, Y2021, Y2022, Y2023, Y2024, Y2025, Y2026, Y2027, Y2028, Y2029, Y2030
ABW, 1.7053, 1.749, 1.5329, 1.6681, 1.6907000000000003, 1.7488, 1.7642, 1.8211, 1.8756, 1.8881, 2.4681, 2.499, 2.5289, 2.6556, 2.7111, 2.8145, 2.8117, 2.9208, 2.7569, 2.7285, 2.6095, 2.6039, 1.4532, 0.96826, 0.9808600000000002, 1.0009, 1.0284, 1.025, 0.5894199999999999, 0.6177533333333334, 0.6481266666666666, 0.68135, 0.7174299999999999, 0.75618, 0.7974066666666667, 0.8409200000000001, 0.8872666666666666, 0.9368566666666668, 0.9891866666666664, 1.0437966666666665, 1.1002666666666667
AFG, 12.8281, 13.0307, 12.0476, 12.1969, 12.24, 12.8216, 13.9125, 14.8752, 15.6795, 16.5714, 14.8423, 13.286, 15.9498, 16.7076, 16.3504, 17.1656, 17.567, 18.3722, 21.7611, 24.884, 28.6984, 32.6811, 31.2559, 30.5344, 32.0983, 31.6482, 33.5513, 34.0195, 36.8493, 36.3735, 36.0918, 35.9944, 36.0331, 36.216, 36.5459, 37.0227, 37.6668, 38.4944, 39.4967, 40.6657, 41.9954
AGO, 72.2615, 74.4525, 76.7984, 76.156, 69.8744, 81.2641, 82.0381, 77.2704, 79.961, 75.8694, 70.5544, 71.7326, 76.1997, 76.6953, 86.2492, 87.1718, 84.6794, 90.1656, 89.1923, 91.0484, 97.0942, 99.5551, 100.8591, 97.0342, 97.0693, 100.353, 100.8752, 100.5013, 121.0242, 126.2708, 130.6309, 128.00490751950042, 124.33432958740681, 120.00445201048493, 115.3234166859295, 110.5254, 104.9528477144173, 98.98217013311123, 92.78264922732811, 86.47032098090757, 80.1165
AIA, 0.054377, 0.054476, 0.058155, 0.06931699999999999, 0.069626, 0.069793, 0.073539, 0.073516, 0.080897, 0.084593, 0.092123, 0.099456, 0.099554, 0.10699000000000003, 0.12612, 0.13360999999999998, 0.1484, 0.15575999999999998, 0.15572, 0.15202000000000002, 0.15581, 0.14856, 0.1486, 0.14167000000000002, 0.14915, 0.15231, 0.15669, 0.15602, 0.15074, 0.15074, 0.15074, 0.15074, 0.15074, 0.15074, 0.15074, 0.15074, 0.15074, 0.15074, 0.15074, 0.15074, 0.15074
ALB, 6.7815, 8.0866, 5.7988, 5.8929, 6.4466, 6.3907, 6.4465, 6.5214, 7.3211, 7.7653, 7.0273, 7.4074, 7.7159, 8.0177, 8.3061, 8.11, 8.0436, 8.2718, 8.1844, 8.6573, 8.9149, 9.6455, 9.2906, 9.513, 10.3286, 9.8756, 10.174, 10.2403, 10.5317, 10.5287, 10.5536, 10.5061734, 10.5163303, 10.573287050000001, 10.666673999999999, 10.7869125, 10.9316158, 11.0972616, 11.2733648, 11.449829049999998, 11.616687
AND, 0.47714, 0.48598, 0.49545, 0.50605, 0.51027, 0.53838, 0.56996, 0.58065, 0.5948, 0.61322, 0.62583, 0.6261899999999999, 0.6332399999999999, 0.63672, 0.66355, 0.67923, 0.6481899999999999, 0.64369, 0.64212, 0.62003, 0.6241, 0.59558, 0.59006, 0.58323, 0.56972, 0.5702, 0.5774199999999999, 0.58098, 0.5786016666666667, 0.5786016666666667, 0.5786016666666667, 0.5546130273138066, 0.5306243879609465, 0.5066357486080862, 0.4826471092552261, 0.458658469902366, 0.4346698305495058, 0.41068119119664565, 0.3866925518437855, 0.3627039124909254, 0.3387152731380652
ANT, 5.6017, 4.5335, 3.7773, 5.7309, 5.5054, 5.4514, 5.1144, 5.3662, 0.5403899999999999, 2.3595, 5.8629, 5.9758, 5.7525, 5.7515, 6.0379, 5.994, 6.2328, 6.9968, 6.7378, 6.871, 4.7683, 6.0712, 7.2597, 6.4981, 7.1833, 7.3295, 7.5345, 7.4944, 7.216583333333332, 7.216583333333332, 7.216583333333332, 7.216583333333332, 7.216583333333332, 7.216583333333332, 7.216583333333332, 7.216583333333332, 7.216583333333332, 7.216583333333332, 7.216583333333332, 7.216583333333332, 7.216583333333332
ARE, 61.2097, 67.2973, 68.9758, 76.3247, 83.2046, 84.7661, 77.7487, 80.9749, 103.0591, 103.0369, 137.7742, 134.6088, 125.6334, 156.3638, 171.1557, 183.0349, 186.4729, 193.729, 212.261, 215.8088, 204.1377, 205.3739, 211.7397, 205.9782, 236.8704, 254.1235, 262.4122, 259.7016, 263.2493, 273.3559, 283.6089, 293.8127, 303.4543, 312.7021, 321.7236, 330.6843, 339.5919, 348.4727, 357.5119, 366.8836, 376.7485
ARG, 242.8383, 252.4021, 257.77, 261.462, 266.6969, 260.6655, 272.747, 274.4033, 278.8986, 280.945, 296.9296, 293.5946, 287.0193, 304.9927, 317.2126, 326.7034, 341.3797, 355.7947, 352.1372, 341.5865, 315.8042, 325.657, 327.4683, 337.4221, 339.2946, 342.361, 347.167, 348.1714, 339.0243, 350.2043, 361.3369, 364.2720711911871, 367.448950802027, 370.5936253617731, 373.45315121173456, 375.7950293164015, 377.3974023218057, 378.0781970567041, 377.69654763173963, 376.1318440007776, 373.283315420156
ARM, 25.9566, 24.3446, 28.934, 13.3996, 13.2646, 14.0969, 10.6776, 10.904000000000002, 9.4562, 7.4859, 6.072, 6.1206, 5.9108, 6.4129, 6.825, 7.6766, 8.0107, 8.826, 9.5409, 8.4695, 8.5031, 9.3504, 10.4292, 10.3439, 10.4658, 11.2202, 11.5894, 11.2487, 11.3259, 11.7144, 12.1059, 12.4953, 12.8745, 13.2505, 13.6301, 14.0195, 14.4203, 14.8335, 15.2641, 15.7162, 16.1934
ATA, 0.011, 0.014667, 0.014667, 0.014667, 0.014667, 0.0036667, 0.0036667, 0.0036667, 0.0036667, 0.0036667, 0.0036667, 0.0036667, 0.0036667, 0.0036667, 0.0073334, 0.0073334, 0.0073334, 0.011, 0.005308, 0.005177, 0.0050461, 0.0049151, 0.0047842, 0.0046532, 0.0045223, 0.004391300000000001, 0.0042604, 0.0041294, 0.0044568, 0.0044568, 0.0044568, 0.0044568, 0.0044568, 0.0044568, 0.0044568, 0.0044568, 0.0044568, 0.0044568, 0.0044568, 0.0044568, 0.0044568
ATG, 0.39326, 0.38078, 0.3783, 0.38698, 0.38593, 0.39643, 0.41559, 0.4315, 0.44368, 0.45805, 0.47712, 0.48354, 0.50722, 0.54322, 0.56438, 0.57422, 0.5905199999999999, 0.61717, 0.62929, 0.6593100000000001, 0.65377, 0.64837, 0.66099, 0.66233, 0.67843, 0.6913600000000001, 0.71007, 0.7086399999999999, 0.6853033333333333, 0.6853033333333333, 0.6853033333333333, 0.6853033333333333, 0.6853033333333333, 0.6853033333333333, 0.6853033333333333, 0.6853033333333333, 0.6853033333333333, 0.6853033333333333, 0.6853033333333333, 0.6853033333333333, 0.6853033333333333
AUS, 423.1711, 424.2326, 428.5787, 429.1679, 429.2794, 437.9366, 445.5559, 457.6026, 471.375, 476.9807, 487.9023, 495.3852, 499.2842, 500.9888, 518.8514, 524.7326, 529.4055, 536.1612, 540.0882, 543.9627, 540.3462, 541.371, 543.7739, 533.5425, 528.081, 538.3126, 549.9258, 557.2955, 556.8654, 561.2103, 566.1206, 551.7735875598527, 539.1703896632083, 527.8122782433769, 517.2230505726144, 506.95656990901216, 496.4918868350876, 485.35394391951536, 473.225754949448, 459.838224333262, 444.9712965000001
AUT, 80.4576, 83.9334, 77.1334, 77.3347, 77.5754, 81.0456, 84.4512, 84.2258, 83.5248, 81.5883, 81.9584, 85.9521, 87.8089, 93.4656, 92.8841, 94.2608, 91.923, 89.113, 88.2875, 81.4958, 86.0418, 83.8026, 81.2778, 81.7035, 78.006, 80.1987, 80.8729, 83.5135, 80.0305, 80.3686, 80.8307, 76.82321925162938, 73.06804638524271, 69.45742291105218, 65.89414396178975, 62.292416762456774, 58.567142687133085, 54.64981595654581, 50.495342349967814, 46.06923492753583, 41.3484725
AZE, 77.7572, 70.4957, 62.25899999999999, 53.3245, 47.3087, 49.8308, 42.527, 41.5298, 41.0383, 41.5124, 42.92, 43.7859, 44.3755, 46.5268, 48.8905, 52.6715, 57.2676, 51.2619, 61.6612, 55.9269, 55.9475, 56.9446, 59.1994, 59.9713, 65.9996, 70.4519, 71.0048, 70.9912, 77.7531, 79.3178, 80.6036, 78.16509973628483, 75.30315635025163, 72.21651683187049, 69.06402064029092, 65.9667325621796, 62.93366306600035, 59.89656408534225, 56.832763157233856, 53.72087263977476, 50.54218
BDI, 3.3439, 3.4194, 3.4626, 3.4781, 3.4358, 3.4741, 3.5096, 3.6159, 3.5707, 3.346, 3.4211, 3.8131, 3.8828, 3.9376, 4.2494, 4.3556, 4.5885, 4.7084, 4.9072, 5.1222, 5.4216, 5.6858, 5.8161, 6.3717, 6.5995, 6.7153, 6.5052, 6.542000000000002, 7.207000000000002, 7.5935, 8.0222, 8.475163199999999, 8.9920832, 9.569866800000002, 10.2051624, 10.894660000000002, 11.6868066, 12.576345600000002, 13.5474634, 14.5862208, 15.681213999999999
BEL, 149.1429, 151.6762, 150.3104, 149.3628, 154.032, 156.2326, 159.9459, 151.4238, 156.5186, 149.8055, 150.8292, 149.2934, 148.7061, 149.0979, 150.4191, 146.5845, 144.0614, 140.545, 140.3714, 127.5175, 134.4336, 123.6072, 120.7712, 120.7777, 114.9977, 118.6341, 117.3127, 116.0868, 113.0125, 113.0367, 113.2628, 109.72250154906399, 106.70324517867972, 104.0519159116465, 101.63117126175501, 99.3182551190444, 97.02119920976297, 94.66213949143155, 92.15853067081423, 89.43949270964278, 86.44575749999998
BEN, 6.0105, 6.31, 6.4868, 6.7926, 7.2457, 7.1088, 7.3502, 7.5369, 7.8241, 8.1495, 8.5694, 8.5964, 9.7783, 9.6036, 9.4757, 10.5634, 11.4111, 12.3791, 11.9033, 12.4378, 13.1166, 13.5639, 13.7157, 14.2646, 14.7982, 15.099, 16.2077, 16.8924, 16.343, 17.0286, 17.7616, 19.0305075820952, 20.429998391758712, 21.957719656072136, 23.611487072422232, 25.38905996566129, 27.320770340548066, 29.44093790385162, 31.755166474063458, 34.271412898781925, 37.0
BES, nan, nan, nan, nan, nan, nan, nan, nan, nan, nan, nan, nan, nan, nan, nan, nan, nan, nan, nan, nan, nan, nan, nan, nan, nan, nan, nan, nan, nan, nan, nan, nan, nan, nan, nan, nan, nan, nan, nan, nan, nan
BFA, 13.6168, 14.1316, 14.5005, 14.7762, 15.1587, 15.4802, 15.9174, 16.7072, 16.9664, 16.9518, 18.1595, 18.0018, 18.9525, 21.7482, 22.9081, 24.3538, 24.1997, 25.5968, 26.5088, 27.4874, 28.8139, 29.1793, 29.7382, 31.0541, 31.3899, 31.8139, 33.5942, 34.9692, 34.005, 35.49800000000001, 37.1487, 37.93457463352352, 38.808562155979374, 39.73683857276041, 40.688183992002536, 41.633986799999995, 44.108315056448376, 46.74817853644463, 49.53695488747455, 52.46006961931663, 55.505382
BGD, 49.5221, 49.9081, 51.9293, 51.6391, 53.5831, 60.6614, 64.4848, 67.7389, 69.0419, 73.9552, 78.5126, 85.3755, 88.5413, 92.122, 95.3347, 99.363, 104.4517, 106.366, 111.1042, 114.2796, 120.1434, 124.0083, 128.3082, 132.4228, 138.034, 151.2776, 152.4987, 157.8102, 157.3462, 161.19299999999996, 165.4623, 169.2826335, 173.46651300000002, 178.0928265, 183.222466, 188.90352, 195.176998, 202.05691099999999, 209.54457599999998, 217.645455, 226.37075
BGR, 102.3903, 83.928, 78.4921, 78.3798, 74.2972, 75.4204, 76.0036, 72.9985, 68.7632, 61.901, 60.6627, 63.5974, 60.4745, 65.1645, 64.0114, 64.5813, 64.9917, 69.2189, 67.3221, 58.3289, 60.9814, 66.3566, 61.4257, 55.8736, 58.8424, 62.0127, 59.392, 61.6766, 59.0368, 60.3524, 61.6515, 60.9891624486693, 60.57114903863034, 60.3010466827638, 60.09123735763524, 59.86233247001589, 59.59584524778904, 59.25986668314757, 58.77031664018844, 58.0565640411718, 57.0611925
BHR, 19.0705, 15.7501, 15.1484, 19.4345, 19.3628, 19.4466, 20.274, 22.2739, 23.3671, 23.1515, 23.7094, 19.203, 21.0584, 21.7617, 23.4541, 26.0756, 26.2084, 34.331, 37.5488, 36.0745, 37.1644, 36.6606, 34.5658, 39.9658, 40.2458, 33.7106, 33.4963, 33.6601, 37.0959, 38.767, 40.4489, 42.1417, 43.807, 45.4318, 47.0067, 48.5256, 49.9747, 51.3745, 52.7716, 54.2098, 55.7296
BHS, 2.4838, 2.322, 2.3343, 2.2473, 2.2485, 2.266, 2.2806, 1.9796, 2.3162, 2.3133, 2.3037, 2.2136, 2.2234, 2.1807, 2.4094, 2.4292, 2.3633, 2.4031, 2.2289, 2.3656, 2.3815, 2.6353, 2.7466, 3.585, 3.1992, 3.2637, 3.3465, 3.3463, 3.4033, 3.4835, 3.5612, 3.6404, 3.7256, 3.815, 3.9074, 4.0012, 4.0928, 4.1794, 4.2604, 4.3355, 4.4042
BIH, 35.7405, 33.5304, 16.4415, 11.6069, 11.5161, 10.4271, 12.0521, 15.0794, 19.4461, 19.8434, 21.0718, 21.18, 21.6975, 21.5618, 23.0851, 23.2916, 24.5253, 24.2535, 26.0366, 26.6158, 26.9242, 28.9406, 27.2884, 26.812, 28.6035, 27.2683, 28.0383, 28.4031, 28.6161, 29.1089, 29.6097, 30.159460199999998, 30.912851999999997, 31.816747200000002, 32.8210144, 33.876711, 34.9764844, 36.1194478, 37.268016, 38.385397999999995, 39.435984
BLR, 140.629, 132.245, 122.4665, 108.6001, 92.8255, 84.5128, 86.5316, 90.2277, 86.9915, 83.5911, 82.0192, 82.0804, 80.8387, 83.0256, 89.8025, 91.4119, 97.3351, 94.9296, 98.8893, 94.9638, 99.4877, 97.2374, 98.2594, 100.5673, 100.106, 95.7898, 97.7312, 100.4263, 106.97, 107.6698, 108.5109, 107.14495599198703, 106.13842346304011, 105.39999699800282, 104.84319604054404, 104.38661586921148, 103.97249621574963, 103.53223038353367, 102.9804301110078, 102.2422456601919, 101.25287999999999
BLZ, 0.5662, 0.60839, 0.63042, 0.6325, 0.62865, 0.60144, 0.5329999999999999, 0.6297, 0.62907, 0.626, 0.6711699999999999, 0.74103, 0.79101, 0.85505, 0.68691, 0.73745, 0.7620899999999999, 0.8219200000000001, 0.7841199999999999, 0.97792, 0.91939, 1.0362, 0.8997, 1.0218, 0.98147, 1.1157, 1.1616, 1.1539, 1.0984, 1.1301, 1.1619, 1.1974, 1.2392, 1.2857, 1.3351, 1.3858, 1.4378, 1.4917, 1.546, 1.5997, 1.6513
BOL, 17.2293, 18.1582, 19.551, 21.5086, 23.0389, 27.8903, 38.8178, 50.895, 55.7545, 53.2913, 49.8349, 39.7257, 36.0016, 40.2784, 51.6656, 57.2577, 61.9435, 61.7556, 64.7567, 67.6132, 72.3231, 74.8494, 79.7542, 81.9588, 84.9771, 86.2277, 89.5123, 91.9917, 95.3009, 99.2029, 103.0543, 106.9884, 111.1032, 115.3628, 119.726, 124.1465, 128.6903, 133.3998, 138.1916, 142.9841, 147.69799999999995
BRA, 609.0778, 633.7114, 643.4618, 657.4176, 677.7683, 704.2104, 711.1596, 738.4007, 757.0196, 775.3815, 805.4803, 823.2369, 841.4680000000002, 867.8152, 903.1933, 920.1377, 925.7024, 929.8725, 959.0568, 945.1708, 1009.0299, 1045.8348, 1075.3144, 1120.1361, 1148.9333, 1132.0831, 1107.2593, 1119.5129, 1257.3335, 1305.1151, 1350.5053, 1293.9781507034863, 1232.6282283444325, 1165.6584543696893, 1092.3933726129264, 1012.2878333333333, 994.9127222145603, 973.64771508912, 948.4581291457685, 919.3333596098372, 886.2878333333335
BRB, 1.2829, 1.4169999999999998, 1.1896, 1.3154, 0.95317, 1.0354, 1.0599, 1.1046, 1.3472, 1.4163, 1.3975, 1.419, 1.4095, 1.4457, 1.4792, 1.5219, 1.5333, 1.5562, 1.8048, 1.794, 1.6532, 1.7207, 1.6669, 1.6408, 1.4591, 1.4880000000000002, 1.5243, 1.5215, 1.3721, 1.3969, 1.4196, 1.4417, 1.4657, 1.4914, 1.5185, 1.5469, 1.5759, 1.6042, 1.6313, 1.6563, 1.6786
BRN, 10.0307, 10.0277, 9.9848, 9.262, 9.1452, 9.3697, 9.4491, 9.6885, 9.8647, 8.8091, 9.874, 10.0074, 9.6116, 10.2281, 10.3751, 10.291, 10.961, 14.3852, 16.0821, 13.9643, 14.0452, 15.7564, 15.630999999999998, 14.2671, 15.6626, 15.9487, 17.2321, 17.6195, 17.374000000000002, 17.045, 16.7331, 16.4239, 16.1163, 15.8246, 15.5577, 15.3205, 15.0902, 14.8541, 14.6251, 14.4115, 14.2179
BTN, 0.99485, 1.0512, 1.0707, 1.0519, 1.0664, 1.2579, 1.3551, 1.4380000000000002, 1.4397, 1.4742, 1.4587, 1.4055, 1.4578, 1.4228, 1.3628, 1.5294, 1.5147, 1.5511, 1.5273, 1.7609, 1.8779, 2.0826, 2.1593, 2.2606, 2.325, 2.2836, 2.397, 2.4512, 2.6347, 2.8047, 2.9642, 3.1128, 3.257, 3.4001, 3.5449, 3.6941, 3.8466, 4.0011, 4.1588, 4.3210000000000015, 4.4891
BVT, nan, nan, nan, nan, nan, nan, nan, nan, nan, nan, nan, nan, nan, nan, nan, nan, nan, nan, nan, nan, nan, nan, nan, nan, nan, nan, nan, nan, nan, nan, nan, nan, nan, nan, nan, nan, nan, nan, nan, nan, nan
BWA, 14.2395, 13.6456, 13.5581, 13.6784, 13.949000000000002, 14.7936, 14.9972, 14.5547, 14.1919, 13.9173, 14.1537, 17.9504, 18.5851, 9.7662, 10.1925, 12.1252, 14.3715, 12.3605, 22.9149, 11.174, 27.2441, 30.0562, 15.2028, 14.518, 14.3204, 13.3984, 13.2758, 18.9871, 16.0698, 16.6255, 17.1561, 17.6429, 18.0807, 18.4862, 18.8755, 19.2633, 19.6348, 19.9786, 20.3125, 20.6514, 21.008000000000006
CAF, 19.3474, 19.7827, 19.9213, 20.0172, 20.2575, 21.7911, 22.6681, 24.0882, 27.3651, 25.8623, 30.3879, 30.6953, 27.4744, 38.4104, 38.5029, 38.5512, 14.6742, 14.8193, 15.0547, 8.8555, 9.2718, 9.9912, 9.4785, 9.6982, 9.6372, 9.9495, 10.55, 10.640999999999998, 8.4094, 8.7247, 9.0732, 9.42948135, 9.829717800000003, 10.2726932, 10.756709160000002, 11.279790600000004, 11.848882620000005, 12.467603310000005, 13.128929760000005, 13.826130080000008, 14.553144900000007
CAN, 609.0678, 600.2213, 617.0832, 619.3192, 640.8868, 657.4751, 678.5577, 693.7686, 701.1502, 714.0323, 737.1631, 726.3384, 730.6818, 747.1831, 749.13, 736.3004, 727.6668, 750.5125, 730.1257, 687.7322, 699.3821, 709.3876, 717.0581, 728.265, 729.2702, 728.1482, 713.8603, 721.8594, 728.0816, 727.5685, 727.4571, 709.7968221309283, 694.5681397015678, 681.4733441164705, 670.2006663669322, 660.440595795404, 651.479683504248, 642.5837962516011, 633.4406083539544, 623.7661748075993, 613.3034
CHE, 53.2806, 55.1435, 54.9068, 52.352, 51.3503, 52.2284, 52.8639, 51.6708, 53.3244, 53.0039, 52.3802, 53.922, 52.2939, 53.4288, 54.0565, 54.7446, 54.3645, 52.4703, 53.9361, 52.5845, 54.1393, 50.0397, 51.4642, 52.2356, 48.3679, 47.8193, 48.1861, 47.1623, 49.5783, 50.9442, 52.3858, 49.13928199715414, 45.83269274115767, 42.37102263748919, 38.66485402600803, 34.63239, 33.43455053424288, 32.06499160987067, 30.49310493550383, 28.692186328454618, 26.640299999999996
CHL, 52.5898, 50.6064, 52.4855, 54.9667, 58.7915, 62.1666, 68.2802, 75.4853, 75.9245, 80.1167, 77.1984, 72.0107, 73.8671, 74.3697, 79.4048, 80.8241, 83.71700000000001, 90.8004, 92.5363, 87.8734, 92.4099, 99.8892, 103.2675, 104.9387, 107.5347, 109.6827, 112.4264, 111.178, 116.8308, 121.8521, 126.8645, 122.49280354252404, 117.62080183749552, 112.1405262677809, 105.9590224773654, 99.0, 98.94755422530154, 98.53659380343981, 97.7497451780805, 96.5738890329464, 95.0
CHN, 3627.3725, 3767.8442, 3897.485, 4078.6184, 4333.2711, 4682.0469, 4874.6176, 4851.3636, 4709.9324, 4796.2031, 4922.4501, 5027.7604, 5451.2209, 6224.5119, 7050.2596, 7808.0066, 8557.444, 9087.3472, 9684.52, 10161.0383, 11029.6326, 12079.6658, 12428.9881, 12546.8774, 12672.6489, 12682.5306, 12754.1024, 12950.3744, 14149.2151, 14569.8498, 15001.0139, 15275.859909219502, 15554.072988815502, 15827.676566344799, 16089.973510464697, 16335.231494514202, 16561.745684419795, 16766.569754788048, 16943.523413673618, 17087.34041866777, 17193.426399554555
CIV, 14.5021, 14.3105, 14.1142, 15.5079, 15.1955, 17.9151, 19.356, 19.5386, 18.8945, 18.3715, 19.2117, 20.9959, 22.2363, 18.9923, 20.5014, 22.7689, 21.7212, 21.4951, 21.38, 19.9143, 21.5236, 23.218000000000004, 25.5048, 27.5031, 27.1459, 27.7921, 29.7595, 30.5388, 30.4588, 32.7289, 35.1813, 37.9831, 41.2552, 44.8943, 48.8043, 52.8981, 57.2958, 62.108, 67.2537, 72.6696, 78.3092
CMR, 27.5353, 26.8963, 29.6808, 31.2045, 56.5906, 54.9384, 50.8165, 47.5066, 46.6946, 44.9681, 44.2039, 43.0301, 40.9539, 42.3474, 41.7367, 43.7252, 42.9253, 44.5545, 44.1678, 45.0583, 43.0861, 40.685, 40.9122, 42.0359, 41.5374, 42.2268, 42.7917, 43.517, 41.5757, 43.3235, 45.2062, 47.2597, 49.4899, 51.889, 54.4495, 57.165, 60.0652, 63.174, 66.4795, 69.9734, 73.6518
COD, 38.8914, 37.9633, 38.3203, 38.3769, 42.9958, 43.0952, 38.8756, 38.239, 38.3488, 35.6427, 35.9378, 41.3238, 43.9852, 46.9504, 48.5358, 49.0923, 51.0406, 48.1545, 50.6108, 50.3465, 52.1229, 51.597, 51.6952, 54.8073, 55.8578, 56.3177, 56.1633, 55.3876, 61.51, 65.60600000000001, 70.3823, 76.4059, 83.9323, 92.6667, 102.3353, 112.6873, 124.2462, 137.4475, 151.9558, 167.484, 183.7954
COG, 11.5025, 11.3452, 11.6655, 11.7834, 12.1251, 12.6441, 13.6163, 14.2326, 13.6238, 12.8935, 12.2959, 11.5766, 9.0103, 11.0095, 10.9892, 12.8324, 14.0185, 12.4492, 12.1865, 13.672, 14.7795, 13.5632, 13.9157, 14.2637, 13.7889, 13.8011, 13.8128, 13.1374, 14.4226, 15.0618, 15.772, 16.5713, 17.4404, 18.3642, 19.3289, 20.3218, 21.3332, 22.3633, 23.4155, 24.494, 25.6027
COK, 0.047810000000000005, 0.047917, 0.048621, 0.055635, 0.057325, 0.058576, 0.069299, 0.070326, 0.07147300000000001, 0.067785, 0.066726, 0.049716, 0.045336, 0.048847, 0.071573, 0.079056, 0.08287699999999999, 0.08282300000000001, 0.086651, 0.08665199999999999, 0.086564, 0.08656799999999999, 0.086621, 0.086487, 0.086478, 0.089783, 0.10074, 0.103, 0.09218483333333333, 0.09218483333333333, 0.09218483333333333, 0.09218483333333333, 0.09218483333333333, 0.09218483333333333, 0.09218483333333333, 0.09218483333333333, 0.09218483333333333, 0.09218483333333333, 0.09218483333333333, 0.09218483333333333, 0.09218483333333333
COL, 100.0052, 103.3243, 108.3673, 109.9991, 111.4432, 113.0649, 116.3869, 120.8503, 120.6721, 115.4761, 117.7676, 116.6155, 117.1489, 121.38, 125.0654, 130.0685, 138.6201, 140.1527, 138.3157, 145.7016, 146.9671, 142.9275, 148.7596, 156.8218, 159.8163, 160.7913, 168.3775, 166.6983, 171.9242, 179.2297, 186.3625, 188.36264812684578, 190.11620756183697, 191.7418799761871, 193.33914614811604, 194.98807445928412, 196.6672116878915, 198.18211496796664, 199.34868827353907, 200.00047206033088, 199.98986495026287
COM, 0.33742, 0.34547, 0.35143, 0.36191, 0.36657, 0.37563, 0.38502, 0.39471, 0.41098, 0.42426, 0.41459, 0.44188, 0.44536, 0.4613100000000001, 0.49832, 0.50421, 0.54637, 0.4851, 0.5191899999999999, 0.5511699999999999, 0.59828, 0.5936, 0.61117, 0.6604300000000001, 0.65385, 0.67686, 0.69592, 0.71327, 0.73243, 0.75945, 0.79043, 0.8285600000000001, 0.87549, 0.92957, 0.98923, 1.053, 1.1228, 1.2008, 1.2859, 1.3773, 1.4744
CPV, 0.25614000000000003, 0.26959, 0.30546, 0.31254, 0.30191, 0.3359, 0.32724000000000003, 0.34741, 0.37555, 0.41045, 0.44379, 0.46761, 0.51159, 0.5472899999999999, 0.58865, 0.7025100000000001, 0.73311, 0.76846, 0.73679, 0.80612, 0.8486899999999999, 0.8702, 0.76449, 0.7670100000000001, 0.7590399999999999, 0.97624, 1.0323, 1.0568, 0.96401, 1.0052, 1.0466, 1.0877, 1.1281, 1.1683, 1.2089, 1.2504, 1.293, 1.3368, 1.3825, 1.4307, 1.4822
CRI, 7.0104, 7.9567, 9.0531, 9.8257, 11.3917, 11.0312, 11.7654, 12.1688, 12.5847, 12.3575, 11.9806, 11.9176, 12.3498, 12.959, 13.0366, 13.0574, 13.3822, 14.5673, 14.9912, 14.4481, 14.7093, 15.4081, 15.1463, 15.224, 15.1601, 16.7405, 17.5688, 17.439, 16.8379, 17.7342, 18.6322, 19.5631, 20.5583, 21.6074, 22.6989, 23.8209, 24.9593, 26.1031, 27.2429, 28.369, 29.471
CUB, 51.1446, 46.5134, 47.6473, 44.1387, 46.744, 40.0409, 41.4068, 41.2322, 39.9088, 40.2719, 40.7967, 39.6703, 39.4702, 38.8262, 38.2546, 38.6482, 40.5621, 40.1928, 43.7889, 43.3407, 50.4576, 48.3258, 48.4902, 47.9449, 48.183, 48.5926, 49.5023, 49.1483, 49.2121, 50.1284, 51.1105, 52.2607, 53.5949, 55.0541, 56.581, 58.1196, 59.6422, 61.1375, 62.5762, 63.9291, 65.1678
CUW, nan, nan, nan, nan, nan, nan, nan, nan, nan, nan, nan, nan, nan, nan, nan, nan, nan, nan, nan, nan, nan, nan, nan, nan, nan, nan, nan, nan, nan, nan, nan, nan, nan, nan, nan, nan, nan, nan, nan, nan, nan
CYP, 5.8418, 6.365, 6.7573, 7.0434, 7.3106, 7.2515, 7.6008, 7.6887, 8.0197, 8.2884, 8.5597, 8.4774, 8.7136, 9.1007, 9.3196, 9.4859, 9.6862, 10.0255, 10.1669, 9.9598, 9.6435, 9.3265, 8.7812, 8.0369, 8.4135, 8.5027, 8.9435, 9.15, 7.8733, 7.9055, 7.9337, 7.48194229623738, 7.0649112925090405, 6.66941255068447, 6.284194491361272, 5.898972679737969, 5.507564394918337, 5.102735989027902, 4.675308390154592, 4.218378100462281, 3.7271036250000003
CZE, 198.7131, 180.4246, 173.9632, 166.2178, 158.7216, 157.8689, 160.9541, 156.2807, 150.1333, 140.5604, 150.4914, 150.49, 146.8488, 149.9248, 150.803, 148.6544, 149.7741, 151.5465, 146.8541, 138.3071, 140.7635, 138.7808, 134.68200000000002, 129.7461, 127.8005, 128.8053, 130.7716, 129.6766, 123.0681, 124.7915, 126.664, 125.21200796737239, 124.29207758857758, 123.73511643498458, 123.38522174222405, 123.0980634564181, 122.7861321944828, 122.3699770953797, 121.7353150220138, 120.7814016402404, 119.420885
DEU, 1259.072, 1211.907, 1161.5437, 1152.4479, 1132.8118, 1129.7134, 1149.3179, 1114.282, 1089.0626, 1055.2201, 1054.8375, 1069.4646, 1046.9998, 1043.9976, 1027.5603, 1001.6685, 1010.0873, 983.1256, 984.0531, 915.5707, 952.6824, 930.2584, 934.1591, 950.8857, 911.6112, 915.4342, 919.1411, 914.4587, 897.1182, 891.9339, 888.2232, 865.0118509023116, 845.8033293918511, 829.6702214755112, 815.7686069040446, 803.3381745790635, 791.4454104859224, 779.3821846196785, 766.8165688034535, 753.4538910094404, 739.0347999999999
DJI, 1.1523, 1.1698, 1.1568, 1.1709, 1.145, 1.1948, 1.2295, 1.2685, 1.2495, 1.2779, 1.3151, 1.3967, 1.4029, 1.4402, 1.4599, 1.4780000000000002, 1.4713, 1.5686, 1.6333, 1.6057, 1.6702, 1.6337, 1.7564, 1.7919999999999998, 1.9013, 1.9525, 1.9581, 2.0103, 1.9071, 2.0035, 2.1048, 2.123904, 2.141024, 2.154768, 2.1640919999999997, 2.16792, 2.166228, 2.158704, 2.143904, 2.12064, 2.088
DMA, 0.11636, 0.11707, 0.11633, 0.12085, 0.12534, 0.14475, 0.13898, 0.1514, 0.15295, 0.16324, 0.19262, 0.20254, 0.19521, 0.19548, 0.18655, 0.20122, 0.19511, 0.24147, 0.21394, 0.21292, 0.22071, 0.21277, 0.22043, 0.21861, 0.21986, 0.22635, 0.22807, 0.22793, 0.22354166666666667, 0.22354166666666667, 0.22354166666666667, 0.22354166666666667, 0.22354166666666667, 0.22354166666666667, 0.22354166666666667, 0.22354166666666667, 0.22354166666666667, 0.22354166666666667, 0.22354166666666667, 0.22354166666666667, 0.22354166666666667
DNK, 70.9338, 81.5991, 75.5702, 77.7696, 81.6612, 78.7197, 91.9224, 82.4352, 78.4395, 76.0079, 71.6879, 73.3792, 72.9048, 77.9645, 71.8177, 68.0306, 75.1853, 70.6014, 66.9544, 64.1466, 64.4535, 59.3981, 54.9293, 56.2617, 52.104, 49.4798, 51.5165, 49.4373, 46.4897, 46.7767, 47.1226, 46.50587951697521, 46.06610684439537, 45.76569777317793, 45.568369203601186, 45.43944425223153, 45.334951183742845, 45.21970242852707, 45.074887930897724, 44.88188809516633, 44.623338749999995
DOM, 13.8265, 16.0019, 17.9042, 20.0371, 21.9288, 24.9152, 25.296, 24.9603, 24.6632, 25.2807, 27.2353, 27.2637, 28.7737, 28.3525, 26.124, 25.9314, 26.8613, 28.2114, 27.7023, 27.1679, 27.491, 27.937, 28.4855, 28.5766, 29.0653, 29.7597, 30.7824, 31.0481, 29.622, 31.0811, 32.5274, 33.9967, 35.5309, 37.1254, 38.7744, 40.4712, 42.1913, 43.9047, 45.5937, 47.2396, 48.8225
DZA, 162.9917, 166.6011, 199.1805, 196.251, 194.3447, 206.7739, 204.903, 182.6172, 195.7046, 178.9668, 174.9349, 163.6143, 166.1925, 176.708, 170.4169, 190.4105, 187.2101, 192.7042, 195.5467, 200.6628, 200.361, 200.6289, 210.9286, 215.0089, 225.9071, 231.7052, 229.661, 229.1638, 236.5759, 244.4575, 252.1963, 257.9865636, 263.5408408, 268.8203793, 273.79325159999996, 278.43656450000003, 282.66441440000006, 286.5346833, 290.2289296, 293.9040113, 297.691419
EARTH, 32105.432404952004, 32534.596650024974, 31788.528363159003, 31963.69102846502, 32166.097310580004, 32855.019179424016, 33629.73901953599, 33741.32705289499, 33628.13921603298, 33910.004725599, 34642.832442078994, 34863.980028870996, 35482.75886659699, 36989.34279534902, 38475.17821355, 39650.64626499098, 40736.69019505399, 41766.682307438, 42516.41878525103, 42032.63490216398, 43914.77435785799, 45178.648001957015, 45793.450313552006, 46077.692281977004, 46567.74169341201, 46764.75702885802, 47075.98640849302, 47649.817667138006, 49187.53828557168, 50208.10168640499, 51268.383219738345, 52097.625627637164, 53024.98637107591, 54032.67573528901, 55104.347118481935, 56224.92988997649, 57461.18442485771, 58723.58001554719, 59999.57182980823, 61277.526483608905, 62546.739697104844
ECU, 46.4013, 43.9873, 50.4277, 54.0439, 42.8104, 51.9287, 54.1708, 47.6971, 49.0468, 46.8075, 43.2654, 47.9793, 49.1897, 51.4863, 54.6871, 55.6062, 54.3771, 56.9894, 59.4752, 63.1096, 64.6466, 66.203, 65.313, 68.2963, 70.2319, 67.7633, 65.6577, 64.7473, 70.8493, 72.85300000000002, 74.9561, 75.9080108, 77.0581112, 78.3341922, 79.6680576, 80.995278, 83.961605, 87.009832, 90.079353, 93.109471, 96.039489
EGY, 125.9885, 128.6292, 132.2391, 145.0244, 136.9279, 148.4164, 155.526, 159.3492, 169.5168, 174.5941, 187.7472, 181.4974, 188.9995, 216.2225, 223.6407, 247.3347, 257.4692, 268.7817, 283.5006, 286.0681, 286.9543, 304.8532, 303.6668, 299.941, 289.8876, 295.3082, 305.4326, 309.726, 330.671, 350.68, 370.3136, 389.3661, 408.3933, 427.6264, 447.3061, 467.6823, 488.9407, 511.1996, 534.6364, 559.4568, 585.8916
ERI, 5.2478, 5.2258, 5.3752, 4.6497, 4.7166, 4.8477, 5.3891, 5.7692, 5.5069, 5.6626, 5.8413, 5.5782, 5.535, 5.805, 5.922999999999999, 6.0221, 5.6669, 6.0292, 5.8966, 6.0195, 5.9158, 6.2285, 6.3415, 6.4136, 6.4923, 6.5436, 6.5939, 6.6863, 6.5265, 6.5412, 6.5995, 6.65375748, 6.78290608, 6.96171796, 7.167441599999999, 7.380090199999999, 7.613155199999999, 7.87679392, 8.16601184, 8.47626288, 8.803431999999999
ESP, 294.4794, 302.8792, 311.3464, 301.2949, 317.6941, 333.6848, 325.8913, 340.702, 351.5351, 379.2369, 395.0517, 391.3259, 409.7072, 418.33, 433.6747, 447.832, 439.8411, 451.4459, 417.0515, 376.7138, 362.457, 362.6663, 355.4473, 327.6306, 330.2859, 341.6234, 330.2365, 343.7742, 297.6356, 297.3262, 297.4803, 283.7339414154055, 271.09931986964875, 259.2788346236716, 247.99781588506607, 237.00552514431774, 226.08044660804265, 214.95079113496573, 203.34518191099187, 191.0415687741347, 177.86862749999997
EST, 41.7486, 38.5183, 28.2016, 22.0544, 23.0596, 21.2501, 21.938, 21.5423, 19.8294, 18.2987, 18.1588, 18.6116, 18.105, 19.9727, 20.3226, 20.2083, 19.1183, 23.4723, 21.2447, 17.852, 21.7581, 22.5069, 21.3216, 23.0665, 22.3021, 19.3012, 20.8637, 22.1033, 21.2098, 21.3071, 21.4278, 21.631337567011244, 21.927365823358723, 22.30150377094668, 22.739140393180993, 23.22533388919115, 23.742202943960823, 24.271227545157778, 24.79636011244106, 25.301520392274213, 25.7709975
ETH, 53.5077, 53.4868, 55.1733, 50.6453, 53.4549, 53.3908, 56.0038, 79.8693, 80.9284, 81.265, 79.5901, 83.2523, 91.7181, 91.3491, 98.1782, 85.3124, 89.1459, 101.0466, 103.313, 107.7272, 115.259, 114.9046, 120.0952, 122.5713, 121.6092, 123.9145, 126.3579, 129.0128, 135.1095, 141.5484, 148.5815, 156.2629, 164.5558, 173.5317, 183.2524, 193.7698, 205.203, 217.571, 230.7753, 244.7296, 259.3619
EU28, 5730.6841, 5631.744000000001, 5456.418200000001, 5358.797400000001, 5328.840999999999, 5382.565299999999, 5493.480900000001, 5402.369700000001, 5355.3257, 5244.3744, 5240.017400000002, 5294.4299, 5252.445800000002, 5334.472799999999, 5333.075400000001, 5297.5535, 5285.769300000002, 5235.6377999999995, 5116.937800000001, 4743.8388, 4850.1741, 4692.8847000000005, 4628.460800000001, 4532.504000000001, 4361.397900000001, 4389.4449, 4365.413600000001, 4383.7235, 4198.476, 4217.2147, 4240.3706999999995, 4135.526773619009, 4047.5269914343035, 3971.9011254114757, 3904.5186989239637, 3841.5891221619304, 3779.5271489867214, 3715.0960727415763, 3645.5339293074026, 3568.415196767208, 3481.6631181399994
FIN, 72.1382, 69.8738, 68.499, 70.7654, 76.5805, 73.488, 78.8363, 77.3469, 73.6406, 73.0478, 71.1598, 76.555, 79.0214, 86.5884, 82.8548, 70.8085, 82.1714, 80.5068, 72.3664, 68.6638, 76.5617, 68.6576, 63.2003, 63.7334, 59.5546, 55.9263, 58.8296, 56.1014, 53.44, 53.5018, 53.6444, 52.768598635920426, 52.10654954687038, 51.615138845210744, 51.253574528912324, 50.98359766707467, 50.76031638343801, 50.541583713441376, 50.297961839798525, 50.00174802535997, 49.6278075
FJI, 1.958, 1.8275, 1.9071, 1.9888, 2.0381, 2.1244, 2.1857, 2.1584, 2.1034, 2.0879, 2.0907, 2.3472, 2.1704, 2.2675, 2.6166, 2.3416, 2.4533, 2.4125, 2.171, 2.0342, 2.4555, 2.3308, 2.3107, 2.4031, 2.5487, 2.6386, 2.8054, 2.8671, 2.7014, 2.6201, 2.5516, 2.469852, 2.398746, 2.338282, 2.2878719999999997, 2.24675, 2.21464, 2.191452, 2.17626, 2.167893, 2.16522
FRA, 556.1092, 583.0459999999998, 571.6084, 549.9424, 542.8318, 551.9126, 568.2928, 560.6746, 574.3113, 566.2195, 559.3292, 566.0735, 559.7213, 563.1833, 561.2514, 563.3538, 550.1615, 540.8897, 534.3989, 513.7027, 520.4189, 494.2441, 494.4682, 494.5916, 464.9001, 469.7758, 470.9837, 474.3601, 462.9265, 466.2482, 470.185, 455.6679019451535, 442.80361389553445, 431.0960181912849, 420.0842845491037, 409.34277652636877, 398.49647885521193, 387.186596659512, 375.0680155551784, 361.83776224839704, 347.23774499999996
FSM, 0.14773, 0.15433, 0.16004000000000002, 0.16097999999999998, 0.16558, 0.17032, 0.17027, 0.17379, 0.18085, 0.17328, 0.18774, 0.23175, 0.20609, 0.20615, 0.20608, 0.18412, 0.18405, 0.20329, 0.18122, 0.22772, 0.17998, 0.1908, 0.20558, 0.2146, 0.22192, 0.22926, 0.25258, 0.25924, 0.23053000000000004, 0.23053000000000004, 0.23053000000000004, 0.21145856000000002, 0.19238712, 0.17331568000000003, 0.15424424, 0.13517279999999998, 0.13517279999999998, 0.13517279999999998, 0.13517279999999998, 0.13517279999999998, 0.13517279999999998
GAB, 27.5213, 21.8835, 22.2799, 22.436, 20.818, 21.7132, 22.3033, 19.8214, 20.756, 18.4537, 16.9076, 17.2179, 16.6801, 18.622, 17.1614, 16.5574, 14.2773, 12.8961, 13.5213, 13.3209, 13.8909, 13.1137, 13.0674, 12.4959, 11.7322, 10.9676, 10.4991, 9.8379, 11.2904, 11.5108, 11.7474, 12.0065, 12.2791, 12.5599, 12.8439, 13.1263, 13.3996, 13.6655, 13.9331, 14.2102, 14.5035
GBR, 812.4498, 820.5067, 799.2241, 780.3732, 770.8371, 764.1383, 785.8380000000002, 760.4325, 757.5668, 726.6904, 725.2767, 727.7698, 707.301, 714.0373, 711.0953, 703.8168, 696.6285, 685.6165, 665.1578, 608.3927, 622.8277, 575.5728, 592.2164, 577.9338, 537.4193, 519.7811, 494.7203, 481.9158, 485.6848, 492.6927, 499.8798, 495.9781167587928, 493.93839442705683, 493.360239080879, 493.8527126265864, 495.03801359963325, 496.4417313769511, 497.6335169380068, 498.3236010314004, 498.23877957453647, 497.123006
GEO, 46.5928, 39.0056, 26.5988, 18.0789, 14.1708, 11.9077, 14.924, 15.2131, 13.6269, 12.4772, 11.78, 11.0833, 11.1107, 11.7992, 12.4427, 12.703, 14.9746, 15.6329, 14.9137, 14.0709, 13.8448, 17.0268, 18.328, 17.3643, 18.8834, 17.0197, 17.5294, 17.6581, 18.583, 19.3696, 20.1697, 20.658208, 21.103901999999998, 21.5133805, 21.893164, 22.249765, 22.577737, 22.874231, 23.149016000000003, 23.410187, 23.66468
GHA, 10.9077, 10.6641, 11.1356, 11.5846, 11.8471, 12.2813, 13.0034, 14.0402, 14.2238, 15.1099, 16.82, 16.9922, 17.6643, 18.3442, 18.8142, 19.6429, 21.8915, 21.7358, 21.3912, 20.3496, 23.489, 26.4548, 26.1452, 29.3942, 29.6006, 30.2911, 31.3615, 32.8511, 34.5815, 36.7534, 39.1161, 40.6143102529101, 42.135848901817546, 43.67852424125967, 45.24061282225871, 46.82010578960849, 49.52047360321871, 52.39431399761661, 55.44731327117523, 58.68957066982292, 62.13600427900811
GIN, 9.7936, 10.1391, 10.116, 10.5037, 11.1212, 11.8934, 11.3799, 11.2268, 12.2211, 12.4619, 13.143, 14.183, 15.5584, 15.4789, 15.652, 17.1193, 17.3014, 17.5684, 18.5652, 18.9541, 21.2522, 22.5919, 23.5407, 23.7842, 24.3171, 25.0875, 28.1458, 27.453000000000007, 28.8676, 32.7373, 36.6911, 40.879, 45.548, 50.6205, 56.025, 61.6959, 67.7737, 74.3112, 81.1359, 88.1027, 95.0918
GMB, 1.1602, 1.2004, 1.1954, 1.1948, 1.2342, 1.2668, 1.3155, 1.2732, 1.337, 1.3322, 1.4201, 1.4443, 1.4625, 1.5081, 1.6399, 1.6898, 1.803, 1.8172, 1.9718, 2.2687, 2.4084, 2.0766, 2.1573, 2.2415, 2.3844, 2.4526, 2.501, 2.59, 2.5292, 2.6265, 2.7347, 2.8566, 2.991, 3.1373, 3.2947, 3.4625, 3.6429, 3.837, 4.0431, 4.2599, 4.4862
GNB, 1.6022, 1.6185, 1.6562, 1.6885, 1.7245, 1.7559, 1.681, 1.6725, 1.6449, 1.7831, 1.7566, 1.9864, 2.0997, 2.1413, 2.0971, 2.064, 2.232, 2.2621, 2.1785, 2.2872, 2.3819, 2.385, 2.5715, 2.5267, 2.5258, 2.7017, 2.672, 2.8096, 2.4939, 2.5655, 2.6526, 2.763, 2.8971, 3.0514, 3.2226, 3.4073, 3.6121, 3.8426, 4.0946, 4.3645, 4.649
GNQ, 0.20222, 0.2909, 0.32243, 0.27332, 4.5289, 4.5556, 4.5008, 5.8171, 6.2635, 6.4312, 5.8846, 10.0517, 10.7036, 12.3198, 12.366, 12.0297, 11.9301, 12.2717, 11.859000000000002, 11.2588, 11.5573, 13.0262, 9.869, 11.9762, 12.1894, 12.9423, 13.0733, 13.0496, 15.8056, 15.9095, 16.057000000000002, 16.3068, 16.6516, 17.0385, 17.4184, 17.7475, 18.0119, 18.2399, 18.4521, 18.6666, 18.8986
GRC, 103.766, 103.8133, 105.074, 104.6985, 107.4575, 109.8024, 112.8874, 117.8126, 123.386, 123.5512, 126.9113, 128.0053, 127.9438, 131.7245, 132.5037, 136.9482, 133.0394, 135.5798, 132.2302, 125.0804, 118.9112, 115.8971, 112.5696, 103.0177, 99.5722, 95.7775, 92.1329, 95.8439, 83.5339, 84.6909, 85.5987, 82.90066306524079, 80.45798125213544, 78.21079608960166, 76.10066844766212, 74.07218079046787, 72.07681239304019, 70.03504984258375, 67.85850679551766, 65.47388578033068, 62.82295999999999
GRD, 0.15054, 0.15453, 0.1622, 0.16598, 0.1904, 0.19825, 0.20264, 0.21834, 0.22541, 0.2447, 0.25585, 0.2573, 0.269, 0.28119, 0.27144, 0.28541, 0.30079, 0.30971, 0.32418, 0.32428, 0.33305, 0.32826, 0.34684, 0.3833, 0.32252, 0.32913000000000003, 0.33793, 0.33807, 0.312975, 0.31230749999999996, 0.31161, 0.31149499999999997, 0.312375, 0.313945, 0.31589, 0.31792000000000004, 0.320065, 0.32247750000000003, 0.32504, 0.3276325, 0.33014
GTM, 15.6993, 16.1977, 17.5491, 17.2775, 18.7391, 18.8227, 17.5847, 18.7415, 19.854, 20.3833, 21.2124, 22.1251, 22.6165, 22.2279, 23.5669, 24.7581, 25.1892, 25.8133, 24.5769, 25.8558, 26.9775, 27.6621, 28.0955, 29.7247, 34.6218, 33.0896, 33.9384, 34.2275, 34.4049, 35.854, 37.3736, 38.68571232, 40.29188176, 42.10711104, 44.04751968, 46.0309504, 48.078564160000006, 50.23125503999999, 52.437947519999994, 54.6484304, 56.8140624
GUY, 2.8256, 2.8457, 2.8684, 2.8882, 2.8908, 2.9315, 3.0525, 3.2502, 3.3033, 3.3819, 3.205, 3.6755, 2.9989, 3.3052, 3.2603, 2.9634, 2.7793, 3.0927, 3.1715, 3.2118, 3.4168, 3.5557, 3.811, 3.8794, 4.0695, 4.1172, 3.9153, 4.0538, 4.1601, 4.2865, 4.4169, 4.5592, 4.7151, 4.8798, 5.0488, 5.2173, 5.3814, 5.5394, 5.6901, 5.8321, 5.9639
HKG, 30.9415, 32.3954, 36.8029, 38.7214, 35.1208, 35.226, 32.7935, 34.4363, 43.1342, 46.8533, 44.6174, 42.2198, 43.9331, 47.6474, 45.9896, 48.1384, 46.2104, 47.8018, 47.9964, 46.1934, 44.6905, 47.8593, 47.4907, 49.0203, 48.2179, 48.588, 49.6234, 52.6236, 49.2676, 49.9231, 50.6114, 51.257, 51.8379, 52.4244, 53.0715, 53.8221, 54.5957, 55.3377, 56.1102, 56.9612, 57.9275
HND, 9.2981, 9.4427, 9.7828, 9.1193, 9.8804, 10.5321, 10.5294, 10.9105, 11.329, 10.8922, 11.5112, 12.2336, 12.7213, 14.3779, 15.1034, 15.6944, 15.0376, 16.9162, 16.6754, 16.2091, 16.3735, 17.656, 17.6619, 18.0183, 18.4163, 19.268, 19.9762, 20.1051, 19.0364, 19.7133, 20.4212, 21.2185, 22.1455, 23.1797, 24.2983, 25.4772, 26.7387, 28.0972, 29.517, 30.9619, 32.3965
HRV, 32.5698, 25.7768, 24.1163, 24.2242, 23.316, 23.9008, 24.6214, 25.7228, 25.9329, 26.9811, 26.6332, 27.8361, 29.03, 30.5121, 30.8085, 31.3063, 31.8574, 33.3739, 32.3164, 29.3312, 28.9173, 28.5314, 26.6571, 25.6989, 24.9376, 25.4574, 25.6289, 26.2975, 23.3468, 23.4289, 23.512, 22.862007988556503, 22.30032118213681, 21.807781684815396, 21.36644898180165, 20.959616406704047, 20.569500669588006, 20.17573528331788, 19.761006482498708, 19.309936460420193, 18.8095175
HTI, 6.5127, 6.7989, 7.1777, 6.9537, 6.7039, 7.4186, 7.7404, 8.2304, 8.2341, 8.4177, 8.7386, 9.0061, 9.2336, 9.1973, 9.5466, 11.7012, 11.9224, 12.3949, 12.6765, 12.7842, 12.781, 13.3544, 13.6384, 14.1942, 14.982, 15.3953, 15.8844, 16.2117, 16.1806, 17.0061, 17.8912, 18.802017499999998, 19.855638, 21.026401, 22.287846, 23.6122575, 25.03958, 26.593856, 28.22304, 29.876219999999996, 31.504089999999998
HUN, 94.6912, 87.9169, 78.0777, 78.8877, 77.7848, 76.1611, 78.3582, 76.7816, 76.3158, 76.7225, 73.8149, 75.7877, 74.1494, 77.1462, 76.113, 75.8855, 74.6684, 72.9015, 71.0893, 65.0681, 65.425, 63.7984, 60.0858, 57.2278, 57.8363, 61.1761, 61.5372, 64.1734, 58.8403, 58.9342, 59.1466, 58.39858210793787, 58.00824878431273, 57.875682137389546, 57.90996964090979, 58.027420302062076, 58.19912756105454, 58.408909409268965, 58.59969637967593, 58.718285154053866, 58.71586999999999
IDN, 369.9945, 408.9461, 431.5375, 450.2695, 428.7178, 450.777, 481.2311, 507.3944, 530.7552, 538.8518, 548.7876, 580.9627, 585.2982, 618.0744, 627.2875, 628.5054, 636.9559, 658.6447, 647.6371, 670.7009, 722.4704, 778.5732, 823.3529, 781.4033, 829.2356, 845.2282, 862.0057, 888.7277, 937.615, 956.5049, 978.666, 988.72072848, 1001.0764439200001, 1015.37409044, 1031.27739744, 1048.4802366000001, 1066.90775928, 1086.61975368, 1107.5216649600002, 1129.50915644, 1152.4785396
IND, 1163.6778, 1212.4951, 1263.3354, 1293.2581, 1347.9627, 1406.057, 1479.9259, 1522.5886, 1545.8124, 1617.4254, 1651.5663, 1644.1748, 1638.1379, 1685.2524, 1750.0475, 1807.0605, 1883.8975, 1979.7734, 2124.6673, 2282.9389, 2259.6287, 2377.3654, 2527.3238, 2548.1587, 2744.4142, 2813.5179, 2900.7872, 2983.61, 2972.6922, 3036.0039, 3108.2444, 3449.2334817001206, 3812.009544395639, 4199.418730037947, 4614.220864877963, 5059.086043647612, 5535.402612227042, 6044.7727265601925, 6590.052647839216, 7174.030020930652, 7799.479492472935
IOT, nan, nan, nan, nan, nan, nan, nan, nan, nan, nan, nan, nan, nan, nan, nan, nan, nan, nan, nan, nan, nan, nan, nan, nan, nan, nan, nan, nan, nan, nan, nan, nan, nan, nan, nan, nan, nan, nan, nan, nan, nan
IRL, 55.6824, 56.3614, 56.2114, 56.7033, 57.9851, 59.43, 61.5122, 62.8811, 65.4286, 66.5873, 68.7299, 70.7597, 68.6886, 69.0794, 68.9906, 70.4642, 70.2142, 68.9784, 68.3174, 62.5601, 62.5346, 57.8812, 58.5, 58.3658, 58.0427, 60.2008, 62.3025, 61.8206, 55.2706, 55.981, 56.7709, 54.42533090721634, 52.18624875112961, 49.9935603793296, 47.79048922220051, 45.52424908347123, 43.14084754487092, 40.59183434945079, 37.84138406551107, 34.860444543336705, 31.627852500000003
IRN, 382.4282, 405.3264, 409.8999, 402.4766, 446.944, 444.6808, 450.7057, 439.644, 463.2609, 532.2126, 524.6531, 547.6725, 554.0759, 589.9142, 633.9866, 661.1631, 709.9228, 726.8402, 740.6606, 754.6613, 777.7194, 792.2453, 811.6629, 836.2566, 865.9392, 868.2602, 882.5418, 915.7444, 874.0830000000002, 896.2769, 916.8891, 932.4568251320998, 947.8604785905974, 962.8100666090922, 977.0231933048227, 990.2482052485636, 1002.0069835229871, 1012.9133669199708, 1024.247667550803, 1037.114695944697, 1052.4622498354286
IRQ, 107.4897, 93.7907, 106.3064, 110.2795, 113.0948, 115.1563, 107.3673, 117.9676, 125.0229, 127.2161, 126.2771, 141.6529, 137.2907, 137.1937, 167.6418, 166.0629, 152.422, 114.1615, 148.0845, 165.9662, 178.31900000000005, 203.3901, 222.4054, 230.8716, 234.3426, 235.044, 257.765, 262.8362, 304.7484, 327.0307, 347.0655, 363.24927226666665, 376.24517000000003, 387.8097262, 399.6072314666667, 413.1783326666667, 428.9321808, 446.23968446666674, 465.0121373333333, 485.1999278, 506.7944946666667
ISL, 3.6168, 3.3996, 3.3117, 3.3958, 3.3193, 3.4431, 3.492, 3.6605, 3.8225, 4.0457, 4.0523, 3.9489, 4.0318, 4.0096, 4.1142, 3.9729, 4.5771, 4.8781, 5.2691, 4.9687, 4.8694, 4.6054, 4.6258, 4.6172, 4.6515, 4.7307, 4.6541, 4.7675, 4.2639999999999985, 4.3339, 4.4102, 4.281443728477884, 4.1650902760139425, 4.054689830769006, 3.9443032166722567, 3.828701893421225, 3.704001468068661, 3.567374166139217, 3.41533842692762, 3.245067740232466, 3.0544659715031575
ISR, 42.93899999999999, 43.4063, 49.4082, 51.6808, 55.5684, 58.1907, 60.6837, 63.9605, 66.381, 65.4232, 71.0076, 75.063, 71.9046, 75.9517, 77.0537, 77.9642, 79.9079, 83.3964, 83.5571, 80.4748, 83.0059, 84.8728, 90.2793, 84.5002, 83.2061, 85.2273, 85.6242, 87.1511, 87.3406, 91.6618, 95.8648, 104.64465309016836, 113.51446815669267, 122.53939600548344, 131.80165752730585, 141.39898302326054, 141.11215145335828, 140.51032529029388, 139.74501943315568, 138.9377106744057, 138.1815046135245
ITA, 524.6919, 525.891, 522.7419, 516.693, 510.2924, 539.0395, 531.7467, 538.3772, 549.4098, 554.5229, 560.086, 567.0703, 567.1543, 581.7347, 586.1149, 586.9249, 576.3694, 566.7179, 553.7405, 501.4115, 511.1595, 497.6606, 477.6568, 447.9631, 431.3908, 439.1472, 437.1469, 432.6601, 402.4007, 402.7349, 403.5295, 393.7117268270586, 385.73947491674477, 379.1682346813232, 373.5919667364978, 368.64065485322556, 364.02738623170177, 359.47849941465995, 354.69175164178534, 349.394695669723, 343.34533999999996
JAM, 9.6278, 9.9164, 9.9645, 10.292, 10.4746, 11.5142, 12.0051, 12.3956, 12.0227, 12.329, 12.9708, 13.2368, 12.8907, 13.4465, 13.2815, 13.0299, 13.8672, 12.0334, 12.5577, 10.1197, 9.4982, 10.0914, 9.7474, 10.4811, 9.8772, 10.0303, 10.2045, 10.1425, 9.1163, 9.1966, 9.2777, 9.229231200000001, 9.2097456, 9.208124799999998, 9.2143584, 9.219412, 9.38918448, 9.56269216, 9.73404404, 9.89761536, 10.047495000000001
JOR, 12.5918, 12.3512, 14.9618, 14.8564, 16.3378, 16.5919, 17.3747, 17.8214, 18.1731, 18.436, 19.5603, 20.3263, 22.0028, 22.6238, 24.5472, 26.8254, 27.0694, 28.5237, 28.0389, 28.4055, 27.8038, 28.7005, 31.6281, 31.7232, 34.1421, 28.1092, 28.008000000000006, 27.9263, 31.7766, 33.6045, 35.4972, 37.435063050000004, 39.4947592, 41.656498400000004, 43.9036878, 46.22459575, 48.6714785, 51.3000338, 54.1120684, 57.11598239999999, 60.3268175
JPN, 1275.3941, 1289.2746, 1301.9766, 1294.4157, 1358.9081, 1380.196, 1392.7753, 1384.98, 1336.1281, 1359.6613, 1379.9243, 1354.3141, 1378.1433, 1384.0464, 1376.5449, 1383.715, 1362.068, 1398.1567, 1325.8239, 1252.7535, 1306.9891, 1358.2195, 1401.0597, 1412.2362, 1364.1815, 1325.5093, 1309.7259, 1293.5371, 1321.9802, 1308.7727, 1298.4148, 1257.7245270875173, 1224.9221046746286, 1197.7507192386522, 1174.2326212527594, 1152.6318817698912, 1132.0660288049917, 1111.8844110069433, 1090.9810287670416, 1068.400469182769, 1043.3354379999998
KAZ, 388.5074, 375.3655, 346.8735, 307.4343, 257.5966, 238.2279, 219.414, 209.8278, 206.7426, 178.6446, 214.0235, 174.5649, 193.8995, 216.6688, 225.6795, 239.676, 266.3531, 275.7695, 279.4963, 274.047, 305.8739, 297.4755, 304.068, 311.5549, 327.3759, 333.134, 337.8544, 355.089, 378.6564, 397.1678, 416.1851, 416.5709845336495, 415.9796104905736, 413.4070330142539, 408.1329047036106, 399.70342985546154, 388.1519801710466, 374.1976925270224, 358.47858223126144, 341.472139351891, 323.502615
KEN, 41.9392, 40.1436, 40.9197, 41.6605, 42.3269, 43.2187, 43.2727, 41.9678, 46.7427, 45.8393, 43.2332, 43.3851, 43.9911, 46.2603, 48.202, 50.1325, 48.7302, 65.2626, 62.729, 62.4456, 62.2187, 65.0656, 68.8616, 65.3515, 67.7268, 68.7191, 72.1173, 71.515, 71.4189, 74.6257, 78.0817, 81.8226, 85.8473, 90.1691, 94.8003, 99.7526, 105.0803, 110.8121, 116.9251, 123.4037, 130.2398
KGZ, 29.9596, 27.0631, 23.3787, 18.8131, 14.2723, 10.7148, 10.6232, 11.6136, 10.457, 10.046, 10.1337, 10.0928, 10.7531, 11.2589, 12.0833, 12.5084, 12.5732, 13.6375, 14.9952, 14.9468, 14.0631, 15.5215, 18.2308, 18.5992, 18.7053, 18.8929, 19.1878, 19.1944, 19.7854, 20.4496, 21.1707, 21.711930193, 22.287194028, 22.885764484, 23.497718988, 24.114858985, 24.744316089999998, 25.395029034, 26.063439736, 26.746893562, 27.44411868
KHM, 18.1511, 17.8915, 18.4813, 19.3525, 18.182, 21.3019, 21.2328, 21.3182, 21.9015, 23.1655, 22.0876, 22.6541, 23.6462, 25.3997, 25.1869, 25.8119, 27.5952, 28.3488, 28.7799, 31.2669, 31.6628, 33.1745, 32.7317, 32.0576, 32.7516, 33.5669, 34.1699, 35.1842, 34.3936, 34.8716, 35.348, 35.7967, 36.2292, 36.6867, 37.2014, 37.7985, 38.4708, 39.204, 40.0058, 40.8826, 41.8397
KIR, 0.033967000000000004, 0.0343, 0.037233, 0.039774, 0.039917, 0.040815, 0.044224, 0.040494, 0.043857, 0.044859, 0.046359, 0.044818, 0.055759, 0.056375, 0.059765, 0.061677, 0.094192, 0.10027, 0.096437, 0.080028, 0.10666, 0.10726, 0.10786, 0.10818, 0.11746, 0.12185, 0.13412000000000002, 0.13769, 0.12119333333333332, 0.12119333333333332, 0.12119333333333332, 0.11787263599999999, 0.11455193866666666, 0.11123124133333331, 0.10791054399999998, 0.10458984666666665, 0.10480799466666665, 0.10502614266666666, 0.10524429066666664, 0.10546243866666666, 0.10568058666666666
KNA, 0.13765, 0.13864, 0.14295, 0.14741, 0.15456, 0.16144, 0.16659000000000002, 0.17995999999999998, 0.18788, 0.19953, 0.21323000000000006, 0.21804, 0.2355, 0.23609, 0.25217, 0.23765, 0.24062, 0.25713, 0.25991, 0.26695, 0.26421, 0.27524, 0.25665, 0.25959, 0.26625, 0.27184, 0.2789, 0.27801, 0.26854, 0.26854, 0.26854, 0.26854, 0.26854, 0.26854, 0.26854, 0.26854, 0.26854, 0.26854, 0.26854, 0.26854, 0.26854
KOR, 316.0829, 336.6732, 357.4644, 393.309, 417.2845, 450.2916, 484.4418, 514.4177, 442.6144, 481.0183, 516.6166, 529.2732, 553.7399, 563.5015, 572.6177, 580.1012, 581.8475, 595.9814, 609.3112, 613.4676, 671.5169, 700.2018, 706.7901, 715.4274, 709.7366, 722.2795, 730.0832, 745.5149, 727.9494, 724.7579, 722.4932, 693.9635121, 665.5324975999999, 637.4746966, 609.8904828, 582.7640385, 555.2907314, 527.2272057, 499.12642559999995, 471.3128720000001, 443.948337
KWT, 69.3811, 504.3367, 42.5239, 59.9779, 72.0908, 84.2093, 79.2549, 85.1546, 77.236, 77.0689, 77.9287, 80.5898, 81.2105, 87.3489, 91.3834, 103.9209, 104.184, 104.5686, 111.8073, 114.3758, 116.6548, 119.9165, 132.8307, 128.8255, 119.7449, 128.5731, 129.3064, 128.8471, 163.0049, 167.8127, 172.5048, 176.9225, 180.8788, 184.5587, 188.1343, 191.7634, 195.4767, 199.2756, 203.2568, 207.5089, 212.1126
LAO, 6.9421, 6.8934, 7.2323, 7.267, 7.6704, 7.9206, 8.2144, 8.6167, 8.2599, 8.4155, 8.8232, 9.0353, 9.418, 9.5818, 10.0895, 10.118, 10.3527, 10.1495, 10.334, 10.9215, 11.6998, 11.5561, 12.2699, 12.1551, 12.6949, 13.0558, 13.5202, 13.6987, 13.8166, 14.127, 14.4513, 14.7829, 15.1211, 15.4791, 15.8678, 16.2963, 16.7652, 17.272000000000002, 17.8201, 18.4127, 19.0529
LBN, 11.6426, 11.8595, 13.979, 15.4174, 15.8277, 17.7172, 18.1464, 19.2116, 20.794, 20.2026, 19.0004, 20.135, 20.0287, 22.5451, 21.409, 20.87, 19.0303, 18.0323, 21.8445, 25.6174, 24.8065, 25.4763, 27.2634, 26.948, 29.5993, 23.1476, 22.8231, 22.8666, 26.4425, 27.4629, 28.4376, 28.818347873301168, 29.105101404082447, 29.31623933032669, 29.469001492458997, 29.578851905205106, 29.637066533733606, 29.64863290314206, 29.644182033323485, 29.64902395556869, 29.6837
LBR, 1.6507, 1.394, 1.3554, 1.315, 1.2811, 1.289, 1.3532, 1.491, 1.6179, 1.7358, 1.866, 1.9917, 2.016, 2.1047, 2.3265, 2.4961, 2.6165, 2.6016, 2.615, 2.685, 3.0343, 3.1921, 3.3501, 3.3864, 3.3999, 3.6911, 3.8426, 3.9745, 4.2127, 4.5803, 4.9889, 5.4668, 6.0275, 6.6556, 7.3369, 8.0584, 8.8401, 9.7036, 10.640999999999998, 11.6466, 12.7168
LBY, 82.2197, 88.3052, 87.1789, 93.3595, 100.2976, 104.2284, 100.733, 88.3528, 82.2646, 76.5395, 77.9426, 76.506, 75.7814, 81.5193, 82.5556, 87.3428, 88.9511, 84.3852, 90.97, 90.6353, 96.7244, 61.2326, 82.8977, 87.2918, 87.6936, 81.50399999999998, 79.7916, 82.4103, 52.6367, 55.4349, 58.2063, 60.8844, 63.4161, 65.8533, 68.2486, 70.6544, 73.0343, 75.3585, 77.6859, 80.0708, 82.5621
LCA, 0.30768, 0.31948000000000004, 0.35909, 0.38504, 0.43317, 0.5000899999999999, 0.5371100000000001, 0.53728, 0.51236, 0.53333, 0.55283, 0.59113, 0.5422, 0.58413, 0.58704, 0.60851, 0.61815, 0.65391, 0.67723, 0.67656, 0.70962, 0.71832, 0.72344, 0.73112, 0.74475, 0.75653, 0.7693399999999999, 0.7677, 0.7488133333333332, 0.7488133333333332, 0.7488133333333332, 0.7488133333333332, 0.7488133333333332, 0.7488133333333332, 0.7488133333333332, 0.7488133333333332, 0.7488133333333332, 0.7488133333333332, 0.7488133333333332, 0.7488133333333332, 0.7488133333333332
LIE, 0.24653000000000005, 0.2526, 0.25189, 0.25785, 0.24494, 0.24828000000000006, 0.25004, 0.2619, 0.27304, 0.26985, 0.26118, 0.26096, 0.26677, 0.27698, 0.27853, 0.27964, 0.28266, 0.25341, 0.27302, 0.2578, 0.24403, 0.23034, 0.23887, 0.2464, 0.21484, 0.2122, 0.20217, 0.20818000000000006, 0.22044333333333327, 0.22044333333333327, 0.22044333333333327, 0.20975111874999994, 0.1990589041666666, 0.18836668958333327, 0.17767447499999994, 0.1669822604166666, 0.15629004583333325, 0.14559783124999995, 0.13490561666666662, 0.12421340208333327, 0.11352118749999994
LKA, 14.9437, 14.7181, 15.9648, 16.0716, 16.8115, 17.0942, 17.6318, 18.1943, 17.6113, 18.9073, 20.4446, 20.4206, 21.3278, 21.3675, 22.3316, 22.9445, 22.7794, 22.9123, 23.9261, 24.384, 25.0903, 27.2536, 28.0655, 27.5608, 30.0678, 34.8812, 37.1249, 38.5736, 38.0455, 39.1169, 40.269, 41.287008573527764, 42.297954671854534, 43.359016519907016, 44.51719829969191, 45.811379771994446, 47.2196610234985, 48.71075020347046, 50.30002127599703, 51.99881534109671, 53.815574548971426
LSO, 3.3281, 3.3931, 3.6183, 3.6397, 3.6508, 3.6113, 3.6291, 3.6333, 3.5832, 4.1862, 4.1544, 4.1808, 3.9823, 4.0717, 4.0902, 4.2954, 4.2604, 4.3525, 4.3264, 4.4437, 4.4991, 4.605, 4.6742, 4.6196, 4.6423, 4.691, 4.7304, 5.0964, 4.9074, 5.059, 5.2252, 5.29806864, 5.37602824, 5.45893424, 5.5464012799999995, 5.6383624, 5.8759852, 6.1384444799999995, 6.4243344, 6.7326064, 7.0628400000000005
LTU, 48.6851, 50.7054, 31.3554, 25.2504, 23.7729, 22.7537, 23.8134, 23.3692, 24.3209, 21.4925, 19.9413, 20.6988, 21.0874, 21.2327, 22.1243, 23.3237, 23.6332, 25.7509, 24.8367, 20.4916, 21.3483, 21.9063, 21.8281, 20.6049, 20.5619, 20.8272, 20.8585, 21.0517, 20.0224, 20.2421, 20.4573, 21.267744118459873, 22.146685622639655, 23.09539303720004, 24.113829404209284, 25.200415295780882, 26.336172631441773, 27.499542491910894, 28.684618020849726, 29.883947150668764, 31.089059999999996
LUX, 12.8713, 13.5236, 13.253, 13.4071, 12.5778, 10.1907, 10.2524, 9.5983, 8.7147, 9.1823, 9.7667, 10.2617, 11.0383, 11.4795, 12.9006, 13.1428, 12.9647, 12.3786, 12.2564, 11.7011, 12.2734, 12.1584, 11.8696, 11.3407, 10.8893, 10.3977, 10.155, 10.3395, 10.5893, 10.7524, 10.9145, 10.636591756728238, 10.389836760914541, 10.160166465905737, 9.934807788748602, 9.702325117597153, 9.449820088006444, 9.169278126639908, 8.858031797939644, 8.513645413012325, 8.134447
LVA, 26.8104, 24.8563, 20.0861, 16.6489, 14.7125, 13.3103, 13.371, 12.7953, 12.2977, 11.5061, 10.8866, 11.4523, 11.4323, 11.6158, 11.5977, 11.7667, 12.3157, 12.8131, 12.3826, 11.6374, 12.7526, 11.9634, 11.8472, 11.764, 11.6867, 11.7791, 11.8055, 11.8464, 11.3876, 11.5386, 11.7146, 11.223990645891787, 10.751963815618852, 10.286524675872124, 9.816056044333893, 9.329778002543128, 8.82089065823941, 8.278560156113482, 7.688847011365843, 7.041252149595109, 6.329027487499999
MAC, 1.176, 1.2397, 1.2402, 1.3424000000000005, 1.4355, 1.3874000000000002, 1.6131, 1.6863, 1.7634, 1.7453, 1.8206, 1.8836, 1.7006, 1.7126, 1.9032, 2.0368, 1.863, 1.915, 1.7191, 2.4893, 1.8113, 1.8887, 1.7360999999999998, 1.6289, 1.7558, 1.8355, 2.0396, 2.1079, 2.304666666666667, 2.4030666666666662, 2.500666666666667, 2.5965333333333334, 2.6881, 2.7779666666666665, 2.8684333333333334, 2.9616333333333333, 3.0558, 3.1480666666666663, 3.2387, 3.3278, 3.4151333333333334
MAR, 42.4744, 43.3893, 43.6586, 44.6587, 46.8409, 48.4771, 51.4583, 54.0654, 55.7345, 59.2385, 61.598, 67.0767, 69.38, 70.4424, 78.8351, 83.3391, 87.6271, 90.6902, 94.7371, 95.773, 101.2148, 98.8444, 97.5034, 105.0705, 107.0225, 109.3424, 110.1822, 115.1722, 116.6837, 121.9341, 127.2952, 128.58250572, 129.63728808000002, 130.42945332, 130.93752672, 131.14840439999998, 136.55256819999997, 142.08889067999996, 147.81251627999998, 153.78116156, 160.0542888
MCO, 0.17886, 0.1791, 0.183, 0.18066, 0.18188, 0.17972, 0.18539, 0.18345, 0.17618, 0.17585, 0.17613, 0.17439000000000002, 0.17359000000000002, 0.16975, 0.16517, 0.16409, 0.1562, 0.16022999999999998, 0.15737, 0.15194000000000002, 0.15388, 0.15097, 0.15333, 0.15395, 0.14745999999999998, 0.1521, 0.15085, 0.14976, 0.1512416666666667, 0.1512416666666667, 0.1512416666666667, 0.13817611546625003, 0.12511056426583336, 0.11204501306541668, 0.09897946186500002, 0.08591391066458336, 0.07284835946416666, 0.05978280826375, 0.04671725706333334, 0.033651705862916666, 0.020586154662500005
MDA, 45.2389, 41.0335, 33.0318, 24.8901, 21.1346, 17.9288, 17.6196, 16.2253, 14.5937, 12.8293, 11.8427, 12.6013, 12.3771, 12.7456, 13.7073, 13.9866, 13.1096, 12.9196, 14.0749, 14.5814, 14.6938, 15.1245, 14.2516, 13.7169, 14.5512, 15.135, 15.5058, 15.6432, 16.1838, 16.4277, 16.7316, 16.225551259191818, 15.794366780741967, 15.390868009197966, 14.975825814871415, 14.516598666844223, 14.012198512237925, 13.45723895167135, 12.823237438517236, 12.089035957801844, 11.240558285714284
MDG, 22.2278, 22.4478, 22.6411, 22.8856, 23.2353, 24.9379, 26.5315, 28.4042, 29.9482, 30.8545, 30.492, 28.1803, 26.4512, 26.3885, 26.5888, 28.7184, 30.6898, 30.7975, 30.2645, 30.5093, 30.9458, 31.3482, 32.3551, 32.1824, 32.5879, 32.9325, 34.0544, 33.9906, 33.2701, 34.3321, 35.5159, 36.9203, 38.6193, 40.5614, 42.698, 44.9851, 47.4957, 50.2971, 53.3429, 56.5936, 60.0171
MDV, 0.206, 0.18836, 0.26647, 0.23464, 0.2381, 0.29539, 0.33864, 0.38007, 0.35299, 0.47648, 0.49731, 0.50998, 0.64462, 0.5596899999999999, 0.72268, 0.65901, 0.82, 0.8451299999999999, 0.90878, 0.95199, 1.0073, 1.0611, 1.1892, 1.1698, 1.4135, 1.3367, 1.3961, 1.4551, 1.4243, 1.4225, 1.4263, 1.4196600000000001, 1.41512, 1.413678, 1.416288, 1.42329, 1.4339700000000002, 1.447359, 1.464088, 1.484301, 1.50813
MEX, 454.3874, 463.0508, 464.9716, 469.8352, 494.0048, 485.7627, 516.9789, 550.2369, 579.0708, 556.033, 563.1332, 552.6421, 568.7299, 570.6087, 574.3883, 593.3897, 620.0876, 664.5313, 745.3385, 710.3623, 688.7677, 690.3539, 671.0736, 681.8095, 691.2049, 695.0717, 734.7292, 741.7181, 704.618, 725.1938, 746.0388, 751.229673, 757.2384224, 763.6673540000002, 770.1441456000001, 776.320656, 781.829734, 786.2488812, 789.1890488, 790.29481, 789.247446
MHL, 0.097591, 0.10244, 0.10125, 0.10982, 0.11439, 0.11511, 0.11577, 0.11635, 0.12073, 0.11739, 0.13057, 0.13525, 0.13979, 0.14069, 0.1455, 0.14207999999999998, 0.15306, 0.16446, 0.17015, 0.17496, 0.17805, 0.17732, 0.17808, 0.17627, 0.1914, 0.19816, 0.21841, 0.22394, 0.19771, 0.19771, 0.19771, 0.19771, 0.19771, 0.19771, 0.19771, 0.19771, 0.19771, 0.19771, 0.19771, 0.19771, 0.19771
MKD, 13.6629, 12.9481, 12.403, 12.8162, 12.3928, 12.606, 12.279000000000002, 13.0624, 13.701, 13.2822, 12.9591, 13.046, 13.3203, 12.9302, 12.8501, 13.6429, 12.9154, 13.44, 13.6539, 13.7476, 13.8485, 13.9481, 14.0535, 13.238, 12.9084, 12.6431, 12.6795, 13.2494, 13.2338, 13.4287, 13.6557, 13.9526, 14.3443, 14.8131, 15.342, 15.9137, 16.5251, 17.1745, 17.8459, 18.5237, 19.1916
MLI, 9.7445, 9.6743, 9.7394, 9.8785, 10.1195, 10.3745, 10.8072, 11.2973, 12.5029, 13.4513, 14.114, 18.553, 22.3762, 25.3413, 31.852, 34.3837, 38.1765, 41.0077, 46.7507, 46.048, 54.3495, 54.6978, 55.3479, 57.3156, 58.8089, 60.3494, 67.6768, 70.5462, 67.0209, 69.7595, 72.5802, 75.6159, 79.063, 82.8464, 86.8975, 91.1551, 95.6803, 100.5399, 105.6918, 111.1014, 116.742
MLT, 2.1516, 2.3284, 2.5314, 2.5564, 2.7279, 2.7288, 2.6935, 2.7532, 2.7588, 2.8097, 2.8144, 2.7277, 2.7298, 2.9443, 2.8839, 2.9669, 3.0259, 3.1257, 3.1282, 2.925, 2.9669, 3.0407, 3.2537, 2.9164, 2.9316, 2.2451, 1.9529, 2.2092, 2.1875, 2.2404, 2.2969, 2.216512541869274, 2.14049999142901, 2.0646898639498508, 1.9852829262495029, 1.8988843316629371, 1.80328641144169, 1.696731312789619, 1.5768831461239028, 1.4417913593015093, 1.2899152775
MMR, 63.6897, 62.832, 66.1429, 68.1216, 70.5654, 73.1007, 72.5896, 72.0118, 73.6574, 78.7791, 81.8524, 81.1978, 82.4535, 86.3452, 92.0443, 94.0148, 99.2881, 102.0291, 99.3915, 101.3894, 105.4253, 105.5851, 102.9193, 107.035, 118.2528, 121.5147, 125.9906, 129.9725, 128.0552, 128.6984, 129.5157, 130.4286, 131.4123, 132.5737, 133.9934, 135.7312, 137.7602, 140.0431, 142.6043, 145.4609, 148.6261
MNE, 6.3354, 7.095, 5.2427, 3.5905, 2.7287, 2.412, 3.4338, 4.8781, 5.2019, 5.4508, 6.0938, 5.8478, 6.5143, 6.0283, 5.8605, 5.271, 5.7001, 5.8542, 5.5804, 4.2287, 5.0343, 5.3643, 4.8696, 4.4686, 4.4385, 4.6834, 4.5574, 4.6184, 4.232, 4.2593, 4.2934, 4.2638460837752055, 4.255193585747574, 4.26168046089206, 4.278357687980478, 4.300589269581491, 4.327338593471919, 4.357954141533493, 4.388302990294112, 4.415064625286681, 4.43478
MNG, 23.6604, 25.205, 23.4309, 22.214, 21.723000000000006, 22.5942, 21.3958, 22.3491, 22.8433, 22.9438, 21.406, 18.4468, 18.0496, 18.0967, 18.8833, 21.3893, 24.5999, 26.8359, 27.693, 28.7616, 25.9991, 28.8628, 32.2758, 35.1042, 37.2615, 39.5443, 43.4721, 45.723, 46.8135, 48.4722, 50.1248, 51.7656, 53.3854, 55.0056, 56.6453, 58.3212, 60.0611, 61.8529, 63.6601, 65.4559, 67.2209
MOZ, 22.8234, 22.9966, 23.2235, 23.6015, 23.8014, 24.1029, 21.9384, 20.6079, 22.7694, 22.1304, 21.2763, 25.8987, 27.1664, 28.3444, 28.8869, 31.0209, 30.2977, 31.9438, 33.8453, 31.51, 34.6985, 33.7583, 35.7857, 37.0857, 42.2286, 41.6686, 40.319, 42.0719, 44.09, 46.5993, 49.2852, 52.1723, 55.2594, 58.5563, 62.0723, 65.8161, 69.8369, 74.1618, 78.7704, 83.6489, 88.7902
MRT, 4.3001, 4.3761, 4.5181, 4.7025, 5.0122, 5.0025, 5.1858, 5.3101, 5.4431, 5.6929, 5.8618, 6.0627, 6.2928, 6.3451, 6.7713, 6.9054, 7.5269, 7.9505, 8.0272, 8.3367, 8.6783, 8.9333, 9.1222, 9.4451, 9.6729, 10.2643, 10.7815, 10.9101, 11.0926, 11.5807, 12.0852, 12.567342470193914, 13.056416735390094, 13.55888352909813, 14.080437187066513, 14.626311274211568, 15.18978171675092, 15.763120380040041, 16.349340450039268, 16.951224164599946, 17.57152
MSR, nan, nan, nan, nan, nan, nan, nan, nan, nan, nan, nan, nan, nan, nan, nan, nan, nan, nan, nan, nan, nan, nan, nan, nan, nan, nan, nan, nan, nan, nan, nan, nan, nan, nan, nan, nan, nan, nan, nan, nan, nan
MUS, 2.3239, 2.3899, 2.5993, 2.668, 2.502, 2.8259, 2.9701, 3.0673, 3.3109, 3.6777, 4.1375, 4.5486, 4.4315, 4.6091, 4.6167, 4.7404, 5.9761, 6.158, 6.3742, 6.4208, 6.7337, 6.8489, 6.9866, 7.2266, 7.6356, 7.9775, 8.2596, 8.5371, 8.1669, 8.632, 9.0955, 9.5538, 10.0077, 10.4596, 10.9119, 11.3673, 11.8223, 12.2771, 12.7402, 13.2194, 13.7222
MWI, 5.3678, 5.5710000000000015, 5.6007, 5.7259, 5.3611, 5.5467, 5.6534, 5.754, 5.974, 6.0238, 6.1865, 6.1157, 6.5152, 6.8249, 7.1475, 7.3025, 7.6211, 7.9811, 8.6489, 8.6164, 9.6102, 9.9061, 10.0487, 10.497, 11.1851, 11.3896, 11.8403, 12.3563, 12.3331, 12.9444, 13.6169, 14.3738, 15.2287, 16.176, 17.2098, 18.3246, 19.5459, 20.8925, 22.351, 23.9104, 25.5618
MYS, 97.44, 110.6156, 118.1385, 132.2487, 139.4417, 146.6984, 167.6684, 189.68, 183.4806, 199.4634, 214.5082, 223.9698, 232.4956, 247.5333, 264.0498, 293.0196, 292.1785, 306.5336, 317.8937, 309.1011, 338.1322, 322.9235, 326.284, 347.0796, 357.2161, 371.3211, 369.6279, 373.4748, 366.1498, 365.031, 364.7732, 424.21671314553504, 483.9800655073425, 544.5655649616893, 606.5106056401065, 670.3553621157677, 735.8392113629384, 802.7305674033241, 871.5846343184163, 942.9164001217322, 1017.1955774444125
NAM, 10.9532, 11.2703, 11.1797, 11.1149, 11.2251, 11.1441, 10.7756, 10.7843, 10.8192, 10.8631, 11.0205, 11.2973, 10.3989, 10.8606, 10.7465, 11.149, 12.3386, 12.9169, 11.4882, 13.868, 12.9359, 14.199000000000002, 15.1624, 10.9824, 12.4885, 12.5989, 12.2359, 14.8002, 13.7203, 14.1176, 14.5377, 14.832972, 15.136786, 15.446959, 15.760992, 16.076945000000002, 16.387960000000003, 16.690152, 16.986236, 17.277988, 17.56692
NER, 5.7875, 6.65, 7.53, 8.5692, 9.4523, 10.4123, 11.6184, 12.6053, 13.8288, 14.9067, 15.2551, 14.8565, 15.7955, 16.2624, 16.9895, 17.1578, 17.4331, 18.0227, 18.7167, 19.8378, 20.9456, 20.9961, 22.995, 24.1694, 25.5462, 25.3342, 26.6553, 27.8743, 28.0452, 29.1901, 30.5148, 31.878312356670254, 33.43907682576024, 35.17699450090076, 37.07236589672316, 39.106375727022396, 41.322161528215844, 43.75431998244997, 46.37396650681931, 49.15519813733818, 52.07652
NGA, 302.558, 313.0581, 323.5403, 328.5995, 310.7778, 319.3617, 344.6423, 313.3165, 279.5373, 262.0245, 299.2178, 313.361, 298.3786, 326.3381, 325.7809, 328.3315, 313.3898, 304.1769, 302.6741, 275.86, 302.2185, 313.0458, 320.018, 307.9276, 305.0855, 321.0983, 333.8373, 335.4237, 376.9951, 396.8528, 418.1839, 430.34671672888055, 442.91524817550595, 455.80091293531177, 468.9166985561076, 482.1800043450273, 495.7489274967397, 509.6426709253194, 523.6156215023155, 537.4757269053677, 551.0794
NIC, 10.1605, 8.7529, 9.7458, 10.3582, 10.5827, 10.0621, 9.9877, 10.7336, 10.8827, 12.1537, 12.5231, 12.7598, 13.1455, 13.9304, 13.692, 13.9408, 14.2372, 14.4204, 14.2464, 14.4872, 14.7358, 15.9021, 16.1228, 16.3579, 17.2393, 18.5197, 18.7249, 18.4173, 17.8549, 18.5146, 19.2078, 20.0044, 20.9433, 21.9926, 23.1196, 24.2909, 25.5299, 26.8566, 28.231, 29.6135, 30.965
NIU, 0.0058255, 0.0058371, 0.0058415, 0.0058377, 0.005871, 0.005935899999999999, 0.0060055, 0.0060745, 0.0061431, 0.006210800000000001, 0.0062789, 0.006461, 0.006603699999999999, 0.0067439, 0.0068869, 0.0070977, 0.0082697, 0.0097322, 0.0064375, 0.0066728, 0.006655599999999999, 0.011729, 0.011772, 0.011771, 0.016831, 0.017536000000000003, 0.019705, 0.020276, 0.01631516666666667, 0.01631516666666667, 0.01631516666666667, 0.01631516666666667, 0.01631516666666667, 0.01631516666666667, 0.01631516666666667, 0.01631516666666667, 0.01631516666666667, 0.01631516666666667, 0.01631516666666667, 0.01631516666666667, 0.01631516666666667
NLD, 222.194, 229.8878, 230.591, 231.2848, 232.1859, 232.3614, 243.508, 235.1521, 235.5974, 222.3209, 220.5787, 221.2765, 219.1521, 219.8704, 221.2945, 215.5717, 210.4591, 209.0034, 208.4679, 202.6217, 214.6019, 200.5922, 196.539, 196.2416, 188.5718, 196.8529, 196.679, 194.557, 188.291, 188.203, 188.3127, 181.42278344697036, 175.29488445758594, 169.71452298418347, 164.48779312625612, 159.44112175818822, 154.39265447970976, 149.1836033798648, 143.7049674986908, 137.86670793433728, 131.5983875
NOR, 52.2056, 49.8422, 48.2301, 50.037, 51.9385, 52.2251, 55.222, 55.1926, 55.4668, 56.3594, 55.7763, 57.0945, 56.0499, 56.7107, 57.2595, 56.3183, 56.2767, 57.9662, 56.4632, 54.0041, 56.3494, 55.5737, 55.085, 54.9713, 55.0715, 55.3951, 54.5829, 53.6864, 57.1676, 57.8061, 58.4672, 55.3961017662389, 52.41409857654156, 49.48145560394208, 46.55529942803989, 43.59181104854898, 40.528726893030786, 37.292961687680595, 33.83326933119853, 30.111353924708045, 26.1028
NPL, 23.1717, 23.5644, 23.6734, 24.4812, 25.1787, 26.5319, 27.4249, 28.0509, 27.9041, 29.054, 29.2073, 29.6002, 29.1728, 29.6966, 29.9382, 30.6586, 30.5584, 30.7875, 32.4089, 34.0178, 35.0786, 36.1782, 36.961, 38.0657, 39.877, 39.7336, 40.9428, 41.9243, 41.4819, 41.2132, 41.1068, 41.1787, 41.4294, 41.8557, 42.4515, 43.2099, 44.1757, 45.3805, 46.8011, 48.4194, 50.2229
NRU, 0.041554, 0.041895, 0.041232, 0.039625, 0.0388, 0.036095, 0.033372000000000006, 0.031353, 0.028452, 0.024944, 0.021481, 0.028955, 0.036428, 0.043836, 0.04207, 0.037786, 0.02747, 0.024901, 0.031376, 0.037873, 0.044378, 0.041264, 0.041293, 0.044957, 0.048084, 0.049949, 0.055752, 0.05726000000000001, 0.049549166666666665, 0.049549166666666665, 0.049549166666666665, 0.049549166666666665, 0.049549166666666665, 0.049549166666666665, 0.049549166666666665, 0.049549166666666665, 0.049549166666666665, 0.049549166666666665, 0.049549166666666665, 0.049549166666666665, 0.049549166666666665
NZL, 65.9299, 66.8061, 67.9528, 67.7269, 69.0856, 69.803, 71.9152, 74.7496, 72.6404, 74.4839, 76.5773, 79.4968, 79.7783, 81.9557, 81.638, 83.6751, 83.835, 81.7435, 81.6802, 78.8711, 79.3597, 79.0717, 81.4372, 80.9355, 81.7049, 81.5967, 79.5312, 81.2495, 80.0073, 79.6281, 79.4522, 76.50526043582411, 73.81409682853969, 71.33008380843847, 69.00605695957796, 66.79708541423656, 64.63970387294601, 62.47317536520479, 60.26116696750663, 57.97140796951431, 55.57592
OMN, 38.2675, 36.7255, 36.9087, 37.9575, 34.8713, 36.5815, 35.6762, 36.8915, 34.5454, 38.8502, 40.4575, 41.5553, 47.4549, 56.7614, 51.8056, 54.0281, 64.4209, 68.1305, 68.1376, 67.0984, 74.637, 82.0733, 87.3766, 91.2225, 91.7012, 95.1702, 96.4827, 96.6866, 115.1138, 118.1423, 121.0541, 123.7627, 126.1852, 128.4209, 130.5615, 132.6914, 134.80700000000002, 136.8968, 139.0213, 141.2327, 143.5753
PAK, 188.2609, 190.1517, 197.9503, 207.6239, 217.2808, 221.5156, 235.8568, 239.3019, 246.2259, 253.9975, 265.9923, 271.2661, 277.1126, 291.1605, 308.7724, 319.1115, 336.4092, 353.4394, 359.414, 367.2107, 368.0734, 376.5875, 378.9031, 391.4027, 398.7311, 412.0035, 435.0605, 455.7832, 419.2358, 414.7546, 411.9131, 410.6857, 410.9365, 412.7002, 415.9583, 420.6626, 426.8343, 434.5737, 443.906, 454.8309, 467.3392
PAN, 6.6225, 7.126, 8.2663, 8.0031, 8.3985, 7.0488, 8.747, 9.5741, 9.9856, 9.6511, 9.738, 11.3666, 10.2365, 10.4867, 10.0739, 11.2496, 11.8319, 11.5457, 11.8643, 13.1651, 13.8061, 14.8387, 14.8694, 15.5047, 13.3809, 15.2412, 15.6519, 15.5658, 16.1507, 17.136, 18.1564, 19.242, 20.4059, 21.6344, 22.9125, 24.2238, 25.5517, 26.8823, 28.2025, 29.499, 30.7581
PCN, 2.6232e-05, 2.6185e-05, 2.6039000000000006e-05, 2.5995e-05, 2.595e-05, 2.5904e-05, 2.5856e-05, 2.5905e-05, 2.5953e-05, 2.5999e-05, 2.5949e-05, 2.5891e-05, 2.5927e-05, 2.5959e-05, 2.59e-05, 2.5841e-05, 2.5784000000000006e-05, 2.5728e-05, 2.5671e-05, 2.5614e-05, 2.5558e-05, 2.5637e-05, 2.5612e-05, 2.5587e-05, 2.5562e-05, 2.5538e-05, 2.5513e-05, 2.5488e-05, 2.555e-05, 2.555e-05, 2.555e-05, 2.555e-05, 2.555e-05, 2.555e-05, 2.555e-05, 2.555e-05, 2.555e-05, 2.555e-05, 2.555e-05, 2.555e-05, 2.555e-05
PER, 53.5792, 54.621, 54.1368, 63.14, 60.3452, 61.6921, 67.0578, 70.4809, 66.8297, 67.0164, 69.2508, 66.8148, 67.4599, 68.3914, 76.6974, 82.2794, 78.3824, 84.697, 82.1533, 93.7086, 100.5543, 92.959, 97.3734, 99.5078, 103.6377, 109.5374, 113.7114, 111.1252, 115.5562, 121.6594, 127.8173, 129.33622450207923, 130.7833237223794, 132.038978142034, 132.99081275149874, 133.53502664147746, 133.59997950282414, 133.10846745394383, 131.97012788640157, 130.1140520557248, 127.4887658541229
PHL, 106.789, 109.181, 112.763, 114.8473, 123.5818, 130.998, 135.4614, 144.9981, 136.5906, 144.6454, 149.7573, 149.2301, 151.3607, 152.1529, 156.6091, 156.8488, 151.045, 156.781, 164.5207, 164.9178, 172.74, 174.7333, 180.7739, 189.14, 196.124, 205.4482, 216.234, 228.5573, 214.2314, 214.6709, 215.8088, 217.4633, 219.4818, 222.0602, 225.342, 229.4323, 234.2814, 239.8242, 246.1011, 253.1338, 260.9333
PLW, 0.23669, 0.23684, 0.23703, 0.23708, 0.23716, 0.23698, 0.23784, 0.24118, 0.24111, 0.24495, 0.25212, 0.25572, 0.25176, 0.25544, 0.2554, 0.26287, 0.26669, 0.26295, 0.25571, 0.24841, 0.25576, 0.25578, 0.2558, 0.25936, 0.26303000000000004, 0.27499, 0.31208, 0.32176, 0.28117000000000003, 0.28117000000000003, 0.28117000000000003, 0.28117000000000003, 0.28117000000000003, 0.28117000000000003, 0.28117000000000003, 0.28117000000000003, 0.28117000000000003, 0.28117000000000003, 0.28117000000000003, 0.28117000000000003, 0.28117000000000003
PNG, 7.4253, 7.3837, 7.4295, 7.439, 7.6705, 7.7246, 7.7669, 8.499, 11.0467, 8.4967, 9.2185, 9.4941, 10.1886, 10.5772, 11.5607, 12.5483, 13.1584, 14.2398, 13.8328, 12.4419, 11.7193, 12.3173, 12.1045, 13.8441, 14.0925, 14.4748, 15.33, 15.7189, 14.4711, 14.3544, 14.3292, 14.3858, 14.4861, 14.6382, 14.8477, 15.1176, 15.4576, 15.8702, 16.348, 16.8842, 17.4733
POL, 483.9311, 470.2611, 457.2355, 456.257, 450.138, 452.745, 465.6367, 457.2052, 424.992, 414.1509, 402.6906, 401.2669, 391.251, 405.6077, 408.8761, 408.5541, 423.7542, 424.2352, 416.7587, 398.0488, 416.9563, 416.3499, 408.8936, 404.5246, 391.4469, 394.6131, 403.1, 417.5679, 409.5142, 412.5571, 415.797, 402.9462590319094, 391.3819947262516, 380.6030527516996, 370.1563352022789, 359.6388412112007, 348.6816187109969, 337.00139755050316, 324.39582792714674, 310.70755384481055, 295.8254725
PRK, 222.0811, 216.2722, 191.8819, 180.0796, 165.8625, 146.0203, 124.1461, 110.6567, 91.9318, 91.4787, 89.1623, 95.2959, 94.2909, 96.2319, 98.4899, 103.0215, 104.8605, 90.235, 98.2645, 96.9198, 92.8127, 73.8703, 75.3664, 62.6925, 67.4521, 69.278, 75.0018, 76.73, 71.0868, 71.0868, 71.0868, 70.5181056, 69.9494112, 69.3807168, 68.81202239999999, 68.24332799999999, 67.6746336, 67.1059392, 66.5372448, 65.9685504, 65.399856
PRT, 60.2105, 62.0379, 66.3008, 64.8468, 65.8104, 70.1906, 67.8734, 71.1664, 75.8832, 83.9613, 83.2564, 82.7129, 86.6771, 81.2233, 84.2922, 86.5727, 81.7974, 79.5601, 77.0823, 73.9237, 69.6871, 68.303, 66.4235, 64.5836, 64.5727, 68.59, 66.7812, 71.3826, 67.3956, 67.9186, 68.3627, 65.58719046499094, 63.0850761973993, 60.75986533156519, 58.52560814413443, 56.306753104121746, 54.05039346517113, 51.70720537417946, 49.22247415812674, 46.55195392058519, 43.6622875
PRY, 25.9796, 24.4716, 25.6859, 27.6956, 29.4592, 31.0749, 29.5277, 29.3548, 29.0071, 28.6674, 26.1035, 29.094, 29.8405, 33.8099, 33.203, 35.4185, 36.9776, 41.1297, 40.4628, 42.8419, 46.4166, 48.3555, 49.5242, 52.0481, 54.7265, 54.4377, 54.6596, 55.6762, 59.8043, 62.6237, 65.4416, 65.58815347113247, 65.83970098283399, 66.05777475237358, 66.11934360439552, 65.91707805986489, 65.47743468802453, 64.81037099204198, 63.8124262158878, 62.402270778888195, 60.521049255394416
QAT, 28.2143, 33.6991, 42.9213, 46.2292, 45.1286, 45.3291, 48.4856, 63.3146, 57.5803, 58.6447, 63.084, 68.5514, 68.5947, 71.494, 76.0632, 84.2071, 99.2106, 103.3522, 109.9252, 118.9526, 133.534, 152.498, 171.8527, 153.5137, 179.6945, 196.9597, 199.1734, 205.571, 244.7929, 254.9266, 265.0371, 274.9451, 284.0824, 292.5201, 300.3402, 307.6312, 314.2918, 320.2498, 325.6363, 330.571, 335.156
R5ASIA, 6792.767515020001, 7084.378933840001, 7336.93511042, 7651.87508427, 8009.54275103, 8519.35183932, 8916.761332079997, 9069.72949119, 8877.713428979996, 9162.248728699997, 9435.73770363, 9633.77068748, 10137.912600769994, 11082.29732139, 12097.049799550005, 12995.522616950004, 13884.573069169997, 14601.704493410001, 15403.22817078, 16115.959015850001, 17176.062195800005, 18430.458663119996, 19004.519792339997, 19189.328787389994, 19648.249639149988, 19861.116873919997, 20142.381292680002, 20555.678984449998, 21681.468744988324, 22192.45634498833, 22732.28124498834, 23389.087543154626, 24076.09312233683, 24790.07900202755, 25528.413978822027, 26288.900708770667, 27069.034716455575, 27866.261367940653, 28678.91577353864, 29505.644728332172, 30345.382300813977
R5LAM, 2005.4198622319996, 2043.7498781850002, 2078.9554470390003, 2143.0216369950003, 2204.1522619499997, 2247.5629579039996, 2325.096779856, 2425.2646849050006, 2513.8833219529997, 2514.628183999, 2549.841522949, 2571.651391891, 2622.918065927, 2692.449435959001, 2743.8810958999993, 2843.1869758410003, 2923.518145784001, 3007.7343657279994, 3141.311585671, 3102.5933656140005, 3153.139455557999, 3201.6351856369993, 3264.157585612, 3338.371095586999, 3401.4515955620004, 3399.460255538, 3431.962375512999, 3442.8461954880004, 3614.120282216666, 3736.71154805, 3857.4406238833344, 3830.4322891188435, 3801.8725355541783, 3769.1436933512136, 3729.8334153733576, 3681.742993723037, 3703.177601959751, 3717.52939594256, 3723.239910370759, 3718.896725477848, 3703.2410878926116
R5MAF, 2945.399229, 3498.9174870000006, 3136.1848589999995, 3242.2002620000007, 3374.8917699999993, 3428.8054960000013, 3493.829711999999, 3494.5302309999997, 3557.0134590000002, 3623.9087939999995, 3785.673513, 3862.709726999999, 3913.229959000001, 4155.802957000001, 4367.016369, 4516.293948999999, 4592.489039000001, 4669.204199, 4856.113070999999, 4890.951346999999, 5106.773736000001, 5189.313400999999, 5361.501157000001, 5385.5976599999985, 5538.722840999998, 5672.993042999999, 5789.686204, 5861.28545, 6202.745569166667, 6451.518179166668, 6699.944959166665, 6922.681088137779, 7147.4353769042245, 7376.68622861651, 7612.763381047995, 7857.835433900058, 8111.743786078782, 8377.778523342216, 8656.458325988415, 8948.342873979691, 9254.048875080884
R5OECD, 13592.5944987, 13569.959850999998, 13631.641646699998, 13677.926145200003, 13857.112627600003, 14051.3750862, 14388.878295599998, 14414.097945799998, 14463.608606100002, 14481.890718899998, 14724.740902500005, 14609.224022500002, 14643.527240900003, 14783.426781, 14933.456849099999, 14926.122823200001, 14817.920941100003, 14944.043449300001, 14539.870357800002, 13676.5101737, 14056.9708705, 13825.4661522, 13623.9245786, 13718.640938999999, 13572.6811177, 13434.229756400002, 13269.347436300002, 13252.3179372, 13147.0681892, 13206.307614200003, 13274.661391700001, 13178.388136403713, 13138.031204376173, 13142.46512446713, 13180.973829980407, 13243.282743756286, 13321.471865340818, 13402.058449964172, 13476.396351373569, 13536.322420615516, 13574.173815547389
R5REF, 6769.251299999999, 6337.5905, 5604.8113, 5248.6679, 4720.3979, 4607.9238, 4505.1729000000005, 4337.7047, 4215.9204, 4127.3283, 4146.8388, 4186.6242, 4165.171000000001, 4275.366300000001, 4333.7741, 4369.519899999999, 4518.188999999999, 4543.9958, 4575.8956, 4246.621, 4421.828099999999, 4531.7746, 4539.347199999999, 4445.7537999999995, 4406.6365, 4396.9571, 4442.6091, 4537.6891, 4542.1355, 4621.107999999999, 4704.055, 4777.036570822206, 4861.554131904511, 4954.301686826605, 5052.362513258178, 5153.168009826411, 5255.75645502279, 5359.952278357598, 5464.561468536845, 5568.319735203666, 5669.89361777
ROU, 250.7574, 206.504, 194.2474, 185.7543, 183.5245, 189.8676, 192.6504, 189.837, 170.4515, 150.1942, 145.3049, 148.9943, 151.7605, 155.4996, 154.4628, 153.016, 154.4578, 155.4308, 151.5614, 130.9454, 124.9922, 130.5059, 127.0723, 117.3774, 117.3862, 117.5056, 115.3002, 114.809, 105.0793, 106.7881, 108.681, 110.9479726077964, 113.89770329343662, 117.44547234038905, 121.50527076441996, 125.98771145689976, 130.89817445622828, 136.20438825440428, 141.75465439910909, 147.39337404935895, 152.960465
RUS, 3234.2753, 3074.8204, 2596.6969, 2446.2778, 2176.8621, 2123.8377, 2065.3343, 1949.6359, 1917.1921, 1944.1321, 1932.2815, 1975.4682, 1952.3387, 1993.6219, 2014.358, 2029.5855, 2083.9772, 2085.2411, 2113.4826, 1989.6439, 2087.2637, 2152.3637, 2187.0926, 2119.7137, 2118.0576, 2121.8212, 2125.2309, 2182.8106, 2184.2803, 2208.9574, 2234.3078, 2293.849173123395, 2357.8424205392694, 2426.0343794214405, 2498.153567294682, 2573.9106361647814, 2652.9979758225863, 2735.090694798908, 2819.846213785727, 2906.9049352964234, 2995.8902624999996
RWA, 3.4251, 3.4079, 3.3394, 3.2152, 3.0724, 3.0925, 3.2989, 3.6531, 3.8789, 4.2360000000000015, 4.0827, 4.3079, 4.4232, 4.7394, 5.073, 5.2999, 5.6426, 5.9006, 6.1666, 6.3573, 6.6846, 6.6531, 6.8301, 6.9995, 7.0571, 7.7004, 7.7044, 7.8617, 7.8505, 8.2947, 8.7913, 9.3563, 9.9885, 10.6815, 11.429, 12.2253, 13.0791, 13.999, 14.9806, 16.0208, 17.1179
SAU, 227.3231, 287.8565, 301.0424, 319.4833, 336.4321, 280.6274, 304.1811, 275.0428, 267.0551, 279.0331, 344.7993, 350.9693, 377.3509, 389.8137, 446.815, 454.8648, 487.6878, 455.1411, 499.0274, 525.3340000000002, 576.0224, 560.8988, 615.0784, 600.0305, 653.7539, 671.3241, 682.7954, 675.2517, 793.7177, 820.0416, 845.7499, 869.9214, 891.6629, 911.9968, 931.8854, 952.222, 973.4795, 995.5989, 1018.6352, 1042.6584, 1067.7465
SDN, 50.3178, 51.8317, 56.1989, 58.9266, 64.678, 66.1635, 68.3518, 71.3489, 72.8086, 75.5072, 79.2048, 81.6952, 85.6645, 88.6902, 91.6213, 93.409, 93.9366, 97.563, 98.2953, 100.1318, 100.4232, 98.3742, 101.4502, 103.2823, 103.2116, 104.829, 106.4306, 108.8499, 116.5469, 124.1394, 131.0861, 137.1904, 143.0545, 148.9886, 155.2748, 162.1655, 169.6523, 177.5649, 185.8916, 194.6233, 203.7547
SEN, 14.008, 14.5092, 14.7427, 15.1444, 15.6257, 15.3409, 15.9786, 15.3841, 15.3753, 16.472, 17.4663, 18.1294, 18.1416, 17.0155, 18.2781, 19.3753, 19.4446, 18.5642, 19.8884, 18.6986, 22.6285, 23.484, 22.1589, 23.3248, 23.8494, 23.5031, 25.2989, 25.886, 25.3861, 26.493, 27.6654, 28.6982624, 29.8194312, 31.015327999999997, 32.273507200000005, 33.583104, 35.173065799999996, 36.8608744, 38.650260599999996, 40.54634639999999, 42.55591499999999
SGP, 23.293000000000006, 23.8091, 25.2879, 26.7786, 32.1349, 26.8191, 32.7693, 41.5391, 38.9712, 42.8843, 48.2191, 50.8403, 43.8219, 32.3135, 30.6527, 32.8078, 34.0703, 25.7827, 39.344, 55.0432, 55.4668, 55.7404, 57.2115, 82.3806, 83.6782, 88.6778, 94.6946, 99.6566, 101.3447, 101.0618, 100.8371, 97.25608837604858, 93.58104728799168, 89.90810758412896, 86.29514445973348, 82.77245458007869, 79.2201515946536, 75.58969788987676, 71.97009036855417, 68.41504118632578, 64.95282027142858
SGS, nan, nan, nan, nan, nan, nan, nan, nan, nan, nan, nan, nan, nan, nan, nan, nan, nan, nan, nan, nan, nan, nan, nan, nan, nan, nan, nan, nan, nan, nan, nan, nan, nan, nan, nan, nan, nan, nan, nan, nan, nan
SHN, 0.010989, 0.010411, 0.010407, 0.014118, 0.01361, 0.013654, 0.013475, 0.013376, 0.013396000000000002, 0.013395, 0.013653, 0.013507, 0.013529, 0.013547, 0.013749, 0.013789, 0.013729, 0.013839, 0.014021, 0.014016999999999998, 0.014046, 0.014061, 0.014047, 0.01417, 0.014221, 0.014253, 0.014294, 0.01435, 0.014222499999999999, 0.014222499999999999, 0.014222499999999999, 0.014222499999999999, 0.014222499999999999, 0.014222499999999999, 0.014222499999999999, 0.014222499999999999, 0.014222499999999999, 0.014222499999999999, 0.014222499999999999, 0.014222499999999999, 0.014222499999999999
SLB, 0.25366, 0.25674, 0.25418, 0.25657, 0.25275, 0.26288, 0.26672, 0.26846, 0.26863000000000004, 0.27986, 0.29011, 0.29657, 0.30304000000000003, 0.31208, 0.31984, 0.31767, 0.32671999999999995, 0.3503, 0.3631, 0.37385, 0.38082, 0.38401, 0.38761, 0.3977, 0.4024, 0.41621, 0.4492600000000001, 0.4613, 0.44373, 0.44388, 0.4466100000000001, 0.44151312, 0.43855784000000003, 0.43715296000000003, 0.4367676000000001, 0.43697280000000016, 0.43171444000000003, 0.42691488000000005, 0.42234576, 0.41778303999999994, 0.413028
SLE, 3.777, 3.8026, 3.6956, 3.7622, 3.7519, 3.5283, 3.2982, 3.3375, 3.2447, 3.0863, 3.1135, 3.5119, 3.9073, 4.275, 4.7392, 5.0207, 5.9229, 5.3011, 5.1863, 5.4019, 5.598, 6.1459, 6.8423, 7.0544, 7.1121, 6.9027, 7.636, 7.3684, 7.8498, 8.0948, 8.4027, 8.7888, 9.2353, 9.7353, 10.2824, 10.8705, 11.514, 12.2244, 12.9923, 13.8096, 14.6695
SLV, 7.152, 7.9463, 8.1918, 8.5232, 9.394, 9.5044, 9.5497, 10.6102, 10.4879, 10.4863, 10.3346, 10.8991, 11.0329, 11.411, 11.4271, 11.7057, 12.2061, 12.3905, 12.0561, 11.7162, 11.5247, 11.4296, 11.6748, 10.727, 10.9584, 12.5605, 12.7023, 12.7628, 11.9126, 12.2004, 12.4771, 11.5861708, 10.666344, 9.706378399999998, 8.696952, 7.630362000000001, 7.836102, 8.04519, 8.25309, 8.455266, 8.647074000000002
SMR, 0.21669, 0.22201, 0.22228, 0.22095, 0.22192, 0.23656, 0.23925, 0.24511, 0.25354, 0.25859, 0.26746, 0.26839, 0.27199, 0.28016, 0.28374, 0.28472, 0.28376, 0.28261, 0.27624, 0.25393000000000004, 0.26002, 0.25623, 0.24317, 0.22299, 0.21033, 0.23452, 0.23117, 0.22784, 0.22833666666666666, 0.22833666666666666, 0.22833666666666666, 0.22152443439180605, 0.21471220211694547, 0.20789996984208486, 0.20108773756722428, 0.19427550529236368, 0.18746327301750307, 0.1806510407426425, 0.17383880846778188, 0.16702657619292127, 0.1602143439180607
SOM, 25.3478, 22.385, 20.4426, 22.3541, 24.1996, 24.772, 25.3043, 25.8507, 25.8106, 26.0342, 26.3579, 26.9567, 27.3914, 27.6597, 28.3286, 28.8688, 27.6341, 26.5438, 26.6379, 26.7072, 26.9663, 27.1629, 27.4867, 27.8209, 27.993, 28.2664, 27.9324, 28.0901, 28.5836, 30.2048, 32.033, 34.2287, 36.9163, 40.0418, 43.5535, 47.4013, 51.8116, 56.9468, 62.6707, 68.8617, 75.4148
SRB, 78.6808, 56.2957, 62.1089, 55.3315, 53.87300000000001, 56.8415, 64.596, 68.7248, 71.0592, 53.6326, 57.809, 61.1553, 64.6392, 67.4508, 73.7409, 70.3815, 74.5845, 73.9118, 73.3633, 68.1673, 68.2937, 72.3617, 67.8743, 68.6994, 61.3571, 72.109, 75.1394, 76.3387, 72.1932, 72.3346, 72.5616, 72.14818440542763, 72.12824540278667, 72.39279063370725, 72.843436194976, 73.39005921321797, 74.01651467566589, 74.71663147567162, 75.42545324906736, 76.08291985925666, 76.63428341428572
SSD, 40.6882, 41.2526, 42.9231, 44.2522, 45.8605, 46.3762, 45.6788, 47.07899999999999, 50.3475, 51.2043, 54.9822, 48.4428, 57.0866, 54.9563, 54.4951, 57.6779, 51.4096, 58.2318, 56.9491, 58.3757, 52.5506, 55.8907, 55.5017, 55.3063, 56.5974, 57.9685, 59.2735, 57.9272, 53.3469, 56.7949, 59.9619, 62.7584, 65.4505, 68.1788, 71.0697, 74.2349, 77.6513, 81.2237, 84.943, 88.7983, 92.7769
STP, 0.08446000000000001, 0.086116, 0.08693200000000001, 0.087274, 0.08707999999999999, 0.088012, 0.08867699999999999, 0.090135, 0.090033, 0.091489, 0.10538, 0.10853, 0.11808, 0.12991, 0.13655, 0.14264000000000002, 0.14753, 0.1512, 0.15437, 0.16374, 0.17232, 0.17764000000000002, 0.19045, 0.19515, 0.19763, 0.21689, 0.22409, 0.22683000000000006, 0.2085066666666667, 0.2085066666666667, 0.2085066666666667, 0.2085066666666667, 0.2085066666666667, 0.2085066666666667, 0.2085066666666667, 0.2085066666666667, 0.2085066666666667, 0.2085066666666667, 0.2085066666666667, 0.2085066666666667, 0.2085066666666667
SUR, 3.0181, 3.3546, 3.4706, 3.333, 3.3093, 3.3645, 3.4371, 3.4005, 3.3576, 3.0982, 3.0779, 3.2627, 2.3011, 2.3488, 2.4026, 2.3665, 2.5557, 2.5359, 2.7884, 2.9204, 3.3192, 2.9199, 3.1653, 2.8281, 2.9569, 3.3012, 3.4379, 3.459, 3.7637, 3.9247, 4.089, 4.2654, 4.4612, 4.671, 4.8895, 5.1114, 5.3349, 5.5591, 5.7798, 5.9929, 6.1945
SVK, 73.6361, 64.2001, 58.789, 55.2466, 52.9204, 53.5039, 53.425, 53.3241, 52.745, 51.4002, 49.4723, 51.7889, 50.4158, 50.684, 51.4369, 51.43, 51.3174, 49.5365, 50.0174, 45.6866, 46.5343, 45.8122, 43.2923, 42.9867, 40.9327, 41.9279, 42.4383, 43.5708, 41.9243, 42.4588, 43.0203, 42.59445960082671, 42.31296202599028, 42.14264001667391, 42.050775783471344, 42.0060276657006, 41.97177272012869, 41.90955015028507, 41.787660576168115, 41.57754480645074, 41.253772500000004
SVN, 20.434, 18.9465, 19.6111, 19.5493, 19.938, 19.7506, 20.4499, 20.5928, 20.2483, 19.5278, 19.7682, 20.7023, 20.8814, 20.5971, 20.9207, 21.2158, 21.4075, 21.5473, 22.2766, 20.2918, 20.3152, 20.3341, 19.7615, 19.0477, 17.3111, 17.5025, 18.3612, 18.1307, 16.5308, 16.6169, 16.7192, 16.215988681339642, 15.778874600074593, 15.387029223883635, 15.021632284440374, 14.665610881183673, 14.30406127377683, 13.924335481173499, 13.515118918387415, 13.066891292722005, 12.572087500000002
SWE, 74.1246, 74.0762, 73.5464, 73.8028, 76.28399999999998, 76.10300000000002, 79.689, 74.9678, 75.4982, 72.5986, 71.359, 72.0986, 72.7416, 72.6942, 71.741, 69.1786, 70.8578, 68.5976, 66.247, 61.463, 67.7752, 62.972, 59.5306, 58.602, 57.0901, 55.9695, 55.6493, 55.2089, 54.6359, 55.8875, 57.231, 56.64250957167315, 56.21012577414877, 55.88314549588033, 55.61129152108916, 55.344625755568124, 55.02520811996917, 54.601313909608976, 54.03511023120577, 53.29105770013888, 52.33692249999999
SWZ, 2.0874, 2.0905, 2.0785, 1.7779, 2.1335, 2.1296, 2.0580000000000003, 2.8431, 2.8074, 2.8689, 2.7637, 2.667, 2.6765, 2.6417, 2.6911, 2.6757, 2.5786, 2.7349, 2.699, 2.5689, 2.5096, 2.5178, 2.6891, 2.6257, 2.7216, 2.7038, 2.7041, 2.8085, 2.7093, 2.7538, 2.7985, 2.8528, 2.9259, 3.012, 3.1056, 3.2014, 3.3011, 3.41, 3.5289, 3.6585, 3.7994
SXM, nan, nan, nan, nan, nan, nan, nan, nan, nan, nan, nan, nan, nan, nan, nan, nan, nan, nan, nan, nan, nan, nan, nan, nan, nan, nan, nan, nan, nan, nan, nan, nan, nan, nan, nan, nan, nan, nan, nan, nan, nan
SYC, 0.22438, 0.25228, 0.24835, 0.26041, 0.2686, 0.26713000000000003, 0.30177, 0.41444, 0.49936, 0.5775100000000001, 0.6531600000000001, 0.71537, 0.62935, 0.64557, 0.83339, 0.78656, 0.8295600000000001, 0.74712, 0.80798, 0.63954, 0.5603899999999999, 0.45973, 0.5575899999999999, 0.53188, 0.62808, 0.57121, 0.55925, 0.54755, 0.5659266666666666, 0.5659266666666666, 0.5659266666666666, 0.5659266666666666, 0.5659266666666666, 0.5659266666666666, 0.5659266666666666, 0.5659266666666666, 0.5659266666666666, 0.5659266666666666, 0.5659266666666666, 0.5659266666666666, 0.5659266666666666
SYR, 64.7697, 73.3481, 77.4074, 83.2075, 85.3377, 78.37100000000002, 77.9482, 73.8534, 81.6586, 82.1243, 79.585, 72.9885, 61.8759, 77.453, 73.8097, 73.9481, 76.916, 90.1298, 89.8707, 85.0788, 83.9362, 79.1034, 65.1785, 54.9099, 48.3947, 64.0542, 61.7123, 60.6047, 52.6826, 57.1778, 61.2091, 64.622, 67.7291, 70.7005, 73.7003, 76.8836, 80.2777, 83.8228, 87.5387, 91.451, 95.5893
TCA, 0.033746, 0.034151999999999995, 0.038201, 0.045951, 0.050076, 0.054212, 0.054524, 0.062239, 0.066386, 0.074188, 0.078477, 0.082816, 0.10923, 0.11391, 0.11486, 0.134, 0.15667, 0.17962, 0.1948, 0.19545, 0.20686, 0.20737, 0.21514, 0.21642, 0.22448, 0.22954, 0.23635, 0.2359, 0.226305, 0.226305, 0.226305, 0.226305, 0.226305, 0.226305, 0.226305, 0.226305, 0.226305, 0.226305, 0.226305, 0.226305, 0.226305
TCD, 16.5997, 16.7773, 17.0425, 17.2367, 17.4262, 17.727999999999994, 18.3647, 18.8459, 18.8164, 19.9303, 21.7822, 20.3948, 22.728, 23.6454, 23.7841, 24.4325, 23.9378, 25.3637, 25.4214, 24.0745, 25.9608, 27.094, 27.3342, 27.1378, 26.6963, 67.2703, 72.2774, 76.4111, 73.4477, 74.2914, 75.5742, 76.68772454, 78.44739462000001, 80.64094666, 83.08058528, 85.60271715, 88.26917902, 91.17204688000001, 94.21636799999999, 97.31858812, 100.4068034
TGO, 5.9062, 5.7254, 5.8854, 6.4182, 6.2185, 5.9818, 6.7998, 7.3586, 6.8604, 7.9255, 7.2368, 7.4419, 7.8355, 8.3535, 8.5446, 8.5258, 8.1834, 8.2467, 8.5199, 10.276, 10.9159, 10.5391, 11.7086, 11.0896, 12.2727, 12.961, 13.1239, 13.2646, 13.526, 14.0243, 14.5638, 14.855202625619755, 15.167639497808402, 15.497376250129607, 15.840949079533718, 16.194784347298512, 16.566248109413966, 16.9610517856513, 17.374233885076865, 17.802013351018456, 18.241179760594935
THA, 185.4034, 198.6267, 210.0006, 224.8061, 239.6479, 259.3366, 278.3071, 286.5451, 263.6701, 278.4709, 282.1799, 297.6988, 311.4764, 334.1407, 354.3496, 360.5557, 366.352, 375.9512, 377.9162, 397.2914, 418.9398, 413.5653, 433.4855, 436.4123, 448.7177, 454.4231, 463.1815, 475.1117, 473.003, 475.1725, 478.5513, 473.36312799999996, 468.919296, 465.18297, 462.075244, 459.49284, 457.195024, 455.05395000000004, 453.08566800000006, 451.26666400000005, 449.54872
TJK, 28.7206, 29.9661, 25.9286, 21.7443, 15.4532, 12.5423, 10.3, 10.1598, 8.9082, 8.5203, 8.4226, 8.3849, 8.3085, 8.6626, 9.6307, 9.1693, 9.8191, 9.0361, 9.1227, 9.7252, 9.6683, 9.0522, 9.6954, 10.3623, 11.4811, 11.3261, 11.5008, 11.6866, 11.4024, 11.8075, 12.2787, 13.11493217806668, 14.062519845875551, 15.106587045899083, 16.232492059237906, 17.425454494757123, 18.707650901892723, 20.096573765548477, 21.572884396076294, 23.11912995573334, 24.719939999999998
TKL, 0.00046552, 0.00046474, 0.00046292, 0.00046357, 0.00046103, 0.00045842, 0.00045858, 0.00045869, 0.00045888, 0.0004588999999999999, 0.00045873, 0.00045848, 0.00045807, 0.00045749, 0.00045765, 0.00045725, 0.00045647, 0.00045621, 0.00045628, 0.00045605, 0.0004562, 0.00045612, 0.00045634, 0.00045539, 0.00045515, 0.00045492, 0.00045468, 0.00045445, 0.000455155, 0.000455155, 0.000455155, 0.000455155, 0.000455155, 0.000455155, 0.000455155, 0.000455155, 0.000455155, 0.000455155, 0.000455155, 0.000455155, 0.000455155
TKM, 58.5008, 58.408, 41.0779, 43.9239, 39.9527, 40.5198, 42.5752, 33.4213, 36.8244, 48.31800000000001, 57.6288, 60.19, 65.347, 72.2568, 71.5159, 76.4636, 79.7443, 81.8387, 86.1776, 68.648, 75.9907, 86.1529, 91.638, 94.5577, 96.687, 105.8231, 105.1621, 108.1855, 113.1498, 121.6208, 129.8643, 137.8509, 145.679, 153.2987, 160.67600000000004, 167.7901, 174.55, 180.9062, 186.9175, 192.6466, 198.1543
TLS, 0.62416, 0.7217600000000001, 0.73961, 0.774, 0.92488, 0.96326, 1.028, 1.0927, 1.166, 1.3638, 1.6452, 1.5135, 1.4808, 1.4736, 2.1756, 1.7909, 1.9596, 2.3982, 2.4275, 2.5928, 2.4332, 2.6496, 2.6946, 2.9718, 3.1047, 3.1753, 3.3192, 3.3584, 3.5843, 3.6537, 3.7328, 3.8201, 3.9136, 4.017, 4.1331, 4.2644, 4.4148, 4.5852, 4.7739, 4.9794, 5.2013
TON, 0.17443, 0.19358, 0.17192000000000002, 0.1863, 0.19202, 0.19007, 0.17734, 0.19717, 0.18578, 0.21079, 0.19792, 0.18997, 0.20306, 0.24091, 0.21482, 0.21786, 0.23209, 0.21549, 0.22398, 0.26157, 0.23987, 0.20899, 0.22788000000000005, 0.2359, 0.22545, 0.23163000000000006, 0.24889, 0.2535, 0.2372083333333333, 0.2372083333333333, 0.2372083333333333, 0.2372083333333333, 0.2372083333333333, 0.2372083333333333, 0.2372083333333333, 0.2372083333333333, 0.2372083333333333, 0.2372083333333333, 0.2372083333333333, 0.2372083333333333, 0.2372083333333333
TTO, 26.5603, 27.0516, 29.3981, 27.4518, 27.5405, 26.0398, 31.4153, 28.6377, 31.11, 36.451, 39.495, 43.3354, 47.0905, 53.5864, 57.7899, 68.1245, 75.595, 79.3155, 77.9456, 78.2779, 83.1897, 81.4357, 77.2792, 86.852, 88.3798, 89.3461, 89.899, 90.0338, 93.2111, 94.7878, 96.1426, 97.404, 98.7837, 100.2046, 101.5945, 102.8864, 103.9983, 104.8725, 105.4846, 105.8117, 105.8324
TUN, 20.6577, 23.7231, 24.2445, 26.2388, 25.2242, 24.9391, 26.6571, 26.7378, 28.2484, 28.9027, 30.4242, 31.3451, 31.4036, 31.8921, 32.9268, 33.6373, 34.1936, 35.407, 36.4039, 36.7709, 39.7174, 37.916, 38.7858, 39.3095, 40.8128, 37.1895, 35.9006, 37.6079, 39.5254, 41.8767, 44.1587, 46.75112845948113, 49.39925209475834, 52.0972893289231, 54.842356558029806, 57.63511214086586, 60.475073296284336, 63.37305048099089, 66.35158758684076, 69.43573567120009, 72.65182415899191
TUR, 227.8821, 233.854, 240.0062, 246.7379, 241.2584, 254.4247, 273.476, 285.4799, 287.8864, 285.1572, 305.9098, 286.6135, 292.3124, 312.4421, 322.4274, 344.6641, 366.6225, 398.2785, 395.5549, 402.8595, 404.9119, 435.1652, 454.2086, 446.3439, 465.3598, 479.6116, 505.9126, 533.7195, 531.1195, 541.2079, 552.1736, 565.2482, 581.1139, 599.497, 620.0972, 642.5872, 666.6510000000002, 691.905, 717.8859, 744.1108, 770.0768
TUV, 0.015762, 0.01653, 0.01665, 0.016519, 0.016647, 0.016699000000000002, 0.016743, 0.016885, 0.016925, 0.017071, 0.01708, 0.017138999999999998, 0.021046, 0.021112, 0.021177, 0.021243, 0.017654, 0.021471, 0.021593, 0.021744, 0.018132, 0.018266, 0.02206, 0.022127, 0.022251, 0.022851, 0.024511, 0.025014, 0.023135666666666662, 0.023135666666666662, 0.023135666666666662, 0.020648109333333328, 0.018160551999999996, 0.015672994666666665, 0.013185437333333333, 0.01069788, 0.01069788, 0.01069788, 0.01069788, 0.01069788, 0.01069788
TWN, 143.6193, 155.1405, 165.2873, 177.1288, 184.5565, 195.5934, 205.1822, 222.0398, 224.069, 232.3684, 246.4985, 254.7028, 265.3626, 275.0965, 290.0712, 287.6566, 298.125, 308.2724, 292.5572, 277.5593, 301.4167, 302.4783, 295.1119, 295.7738, 300.406, 298.6826, 307.8231, 320.8784, 304.9228, 304.9228, 304.47, 303.2509, 301.4346, 299.463, 297.6669, 296.2884, 294.8237, 292.9406, 290.9998, 289.2628, 287.9143
TZA, 44.483, 45.0439, 45.1882, 46.1198, 46.2865, 50.82, 47.5213, 46.8564, 50.601000000000006, 52.1877, 50.3937, 55.5128, 58.2422, 63.5396, 62.9612, 67.391, 64.7787, 67.8493, 70.2282, 71.3941, 75.3564, 78.3829, 82.0148, 86.4887, 88.3516, 91.2732, 92.6295, 93.8663, 96.048, 100.6154, 105.7373, 111.6411, 118.3471, 125.7306, 133.6746, 142.0711, 151.0259, 160.6421, 170.826, 181.5, 192.6032
UGA, 18.4167, 18.9852, 19.4666, 19.9105, 19.7454, 20.1543, 20.329, 21.3752, 22.6978, 22.3756, 22.887, 23.8927, 24.6077, 26.7784, 27.0442, 29.9218, 27.6931, 31.2825, 37.2563, 37.3427, 39.7659, 39.9799, 41.6192, 42.7202, 43.6472, 45.1149, 47.8226, 48.9117, 51.3911, 54.0447, 56.9516, 60.2048, 63.8435, 67.8338, 72.1433, 76.7418, 81.7003, 87.0697, 92.7972, 98.8392, 105.1617
UKR, 977.6962, 891.2581, 833.4527, 743.8992, 628.6065, 597.6773, 537.9917, 523.9884, 508.1411, 478.2422, 459.2383, 471.7564, 454.1414, 454.0161, 462.0952, 463.3248, 473.723, 480.3146, 464.5694, 402.9962, 420.5927, 441.6933, 430.1512, 417.3775, 369.8191, 325.0046, 342.0306, 326.2222, 337.9565, 339.5254, 342.5444, 351.8933041135503, 364.35085933325877, 379.35391000608826, 396.35444641746875, 414.80333819627594, 434.9531339000901, 457.00027139188666, 480.2978516155376, 504.1896438037763, 528.0111825
UMI, nan, nan, nan, nan, nan, nan, nan, nan, nan, nan, nan, nan, nan, nan, nan, nan, nan, nan, nan, nan, nan, nan, nan, nan, nan, nan, nan, nan, nan, nan, nan, nan, nan, nan, nan, nan, nan, nan, nan, nan, nan
URY, 28.4006, 29.8894, 31.5001, 31.3121, 30.8141, 31.901, 34.2345, 34.7829, 35.0387, 34.4647, 30.8083, 32.045, 33.6803, 32.9025, 33.1984, 34.7635, 38.0239, 37.1328, 40.3009, 38.253, 33.861, 38.0482, 41.6592, 38.3685, 35.36199999999999, 36.5752, 37.3927, 36.9207, 38.681, 40.0052, 41.2678, 43.49808974492193, 45.85078712650505, 48.29818082470872, 50.80910340398791, 53.34940879600971, 54.63680879600971, 55.85000879600971, 56.96150879600971, 57.94370879600971, 58.76950879600971
USA, 6529.5062, 6472.042, 6582.3955, 6689.6586, 6790.0226, 6873.0027, 7058.3159, 7120.7653, 7178.5601, 7212.8521, 7369.428000000001, 7255.0279, 7280.472, 7323.1096, 7454.5658, 7457.5928, 7381.9826, 7475.758000000002, 7258.693, 6798.7386, 7028.2703, 6872.9522, 6630.2823, 6786.4112, 6831.3495, 6689.5032, 6552.4554, 6511.432, 6513.6698, 6561.0019, 6608.728, 6671.429, 6761.6542, 6875.1994, 7007.7478, 7154.9059, 7311.1275, 7470.9731, 7630.1631, 7784.4192, 7929.4727
UZB, 191.8553, 194.8977, 188.6539, 220.9739, 199.7691, 200.937, 206.3313, 195.8005, 188.4106, 197.7214, 216.3165, 219.4276, 225.0033, 222.3801, 219.2203, 217.2508, 235.5248, 235.8789, 252.1981, 228.311, 219.5286, 224.3585, 225.7251, 230.0223, 234.4789, 233.1033, 236.7398, 243.4203, 237.2609, 248.2584, 259.8864, 272.338, 285.4065, 298.8711, 312.5322, 326.214, 339.7416, 353.1033, 366.3928, 379.7065, 393.1388
VAT, 0.0069697000000000005, 0.006993999999999999, 0.0069617, 0.006838200000000001, 0.0067676, 0.0071515, 0.0071399, 0.0072331, 0.007422399999999998, 0.007549200000000002, 0.0076528, 0.0075998, 0.0077202, 0.007954300000000001, 0.008005700000000001, 0.0079798, 0.007817699999999999, 0.0076593, 0.0073998000000000015, 0.0066867, 0.0067944, 0.006597100000000001, 0.006414399999999999, 0.006795799999999999, 0.0067254, 0.006655100000000001, 0.0065859, 0.0065178, 0.006615733333333333, 0.006615733333333333, 0.006615733333333333, 0.006615733333333333, 0.006615733333333333, 0.006615733333333333, 0.006615733333333333, 0.006615733333333333, 0.006615733333333333, 0.006615733333333333, 0.006615733333333333, 0.006615733333333333, 0.006615733333333333
VCT, 0.1523, 0.14131, 0.14463, 0.1599, 0.17144, 0.17882, 0.18302, 0.18424, 0.23307, 0.26352, 0.2659, 0.29737, 0.29327, 0.29934, 0.32032, 0.32149, 0.32247, 0.33231, 0.33399, 0.41775, 0.32742, 0.30753, 0.36157, 0.32034, 0.32125, 0.32678, 0.33559, 0.33592, 0.333575, 0.333575, 0.333575, 0.30717500000000003, 0.280775, 0.254375, 0.22797499999999998, 0.20157499999999998, 0.20157499999999998, 0.20157499999999998, 0.20157499999999998, 0.20157499999999998, 0.20157499999999998
VEN, 192.5415, 187.7067, 178.7718, 200.433, 208.4641, 221.2428, 210.7679, 225.1657, 260.3671, 260.7343, 242.5109, 262.1593, 278.7947, 276.8169, 241.9845, 257.7076, 262.1521, 254.1581, 274.7911, 275.1781, 279.0311, 269.276, 299.6513, 280.2448, 281.8606, 271.9379, 261.3894, 255.0584, 306.2556, 310.5654, 315.2668, 321.0123, 327.9122, 335.5672, 343.5957, 351.6330000000001, 359.5012, 367.1667, 374.4942, 381.3488, 387.5962
VGB, 0.08014199999999999, 0.081094, 0.085013, 0.088603, 0.096127, 0.099985, 0.11141, 0.11493, 0.11872, 0.11896, 0.11925, 0.12302, 0.13046, 0.13822, 0.14213, 0.14963, 0.16077, 0.16885, 0.18007, 0.18385, 0.19144, 0.19586, 0.19603, 0.1961, 0.20237, 0.20646, 0.2121, 0.21141, 0.20407833333333336, 0.20407833333333336, 0.20407833333333336, 0.20407833333333336, 0.20407833333333336, 0.20407833333333336, 0.20407833333333336, 0.20407833333333336, 0.20407833333333336, 0.20407833333333336, 0.20407833333333336, 0.20407833333333336, 0.20407833333333336
VNM, 83.4195, 86.4861, 88.29799999999999, 91.6254, 97.1083, 103.809, 114.7496, 127.52, 136.5981, 142.9456, 152.1119, 159.87, 174.4232, 187.7232, 207.7371, 218.5671, 225.8118, 232.192, 245.4076, 267.685, 282.1727, 290.281, 281.4409, 290.7903, 310.4578, 343.0538, 359.245, 363.0697, 354.3449, 361.1518, 367.9407, 369.2331424995634, 370.26422100616594, 371.3688323347514, 372.79106156350355, 374.7023078593425, 376.93718155131774, 379.30356970472553, 381.8639644104994, 384.65538080426177, 387.69710000000003
VUT, 0.43881, 0.45178, 0.46912, 0.49563, 0.5012800000000001, 0.5068199999999999, 0.52775, 0.52867, 0.52688, 0.53238, 0.51042, 0.49252, 0.49018, 0.50776, 0.4906100000000001, 0.5, 0.49781, 0.62557, 0.63016, 0.6225, 0.63668, 0.66259, 0.6511100000000001, 0.64753, 0.7034600000000001, 0.7165100000000001, 0.73669, 0.7477600000000001, 0.7048824999999999, 0.69689, 0.692445, 0.6915500000000001, 0.6934625, 0.6978150000000001, 0.704275, 0.71254, 0.7224025000000001, 0.7336475, 0.746, 0.7591875, 0.7729625
WSM, 0.29452, 0.29841, 0.29813, 0.30201, 0.3083, 0.31015, 0.31893, 0.32376, 0.33033, 0.3409, 0.36438, 0.38426, 0.36273, 0.3736, 0.37262, 0.38292, 0.38778, 0.38717, 0.39185, 0.40819, 0.41985, 0.4421, 0.4404, 0.44592, 0.47524, 0.5039, 0.52044, 0.5273399999999999, 0.4851625000000001, 0.47553, 0.4679225, 0.4622350000000001, 0.458095, 0.4552625, 0.45348, 0.45251, 0.452065, 0.4519625, 0.4521125, 0.45243, 0.452805
YEM, 18.0169, 17.329, 18.3064, 17.2082, 18.6482, 20.0057, 20.7753, 24.3967, 23.6905, 26.1281, 27.6873, 28.8561, 27.7188, 29.9911, 31.1953, 32.4385, 34.2565, 35.3063, 35.7315, 38.1122, 36.8116, 36.759, 40.756, 50.1848, 47.1617, 43.7991, 43.0988, 43.229, 58.6152, 60.8981, 62.8753, 64.503432, 66.163408, 67.87396539999999, 69.6519732, 71.5131375, 73.4976522, 75.6384981, 77.9421344, 80.41677609999999, 83.073672
ZAF, 377.739, 388.9009, 366.5442, 384.8496, 403.5759, 426.0299, 434.6674, 459.6059, 454.9814, 452.4504, 452.2384, 452.3047, 466.4366, 488.3608, 507.9102, 503.984, 512.0980000000002, 538.5913, 538.7204, 530.1977, 536.4354, 553.4375, 539.4535, 549.0938, 552.048, 539.2669999999998, 540.322, 532.875, 561.4518, 568.4705, 576.0958, 585.8109, 598.6776, 614.1823, 631.8072, 651.0253, 671.5009, 692.9043, 714.7075, 736.3814, 757.3963
ZMB, 31.1785, 31.4259, 31.5102, 31.6565, 31.3316, 30.8078, 27.0956, 27.9521, 29.6793, 27.9944, 27.164, 31.5825, 31.4516, 34.1543, 34.5265, 35.931, 33.1954, 34.0901, 34.6942, 33.4464, 36.3562, 36.0593, 39.5458, 40.1982, 40.3507, 41.6271, 41.4723, 41.0671, 43.1119, 45.16, 47.4334, 49.994, 52.8348, 55.9314, 59.2608, 62.8021, 66.6178, 70.744, 75.1284, 79.7281, 84.5102
ZWE, 27.7096, 27.0427, 28.6967, 25.4558, 27.5688, 33.3273, 42.0407, 48.2769, 57.2717, 69.7908, 70.4633, 64.3764, 51.9127, 43.6201, 36.4551, 30.8604, 23.0262, 22.8612, 20.7559, 19.0837, 22.2973, 24.3871, 21.7961, 24.3308, 23.1644, 24.1346, 23.836, 25.4193, 25.4107, 25.6762, 26.0475, 26.6151, 27.3787, 28.2889, 29.2988, 30.3661, 31.5564, 32.9425, 34.4984, 36.203, 38.0407