code,SF6AR4_IPC2_TOTAL_NET_HISTCR_PRIMAPHIST21
entity,SF6
category,IPC2
name_category,IndustrialProcessesAndProductUse
type,NET
class,TOTAL
source,PRIMAPHIST21
descr,Data read in by JG. LJ; interpolation of NaN values by 'perform_interpolation_on_table' Extrapolated with growthrates from SF6_IPC2_TOTAL_NET_HISTORY_RCPI | built by Johannes Guetschow
note,Renamed as composite source from SF6_IPC2_TOTAL_NET_HISTORY_CRF2019! | Renamed as composite source from SF6_IPC2_TOTAL_NET_PMHTHISTCR_TEMPSRC1! | Add the countries {AND} from SF6_IPC2_TOTAL_NET_HISTORY_BUR3IPCC2006I || Renamed as composite source from SF6_IPC2_TOTAL_NET_PMHTHISTCR_TEMPSRC2! | Add the countries {ARG.COL.MEX.MNE} from SF6_IPC2_TOTAL_NET_HISTORY_BUR2IPCC2006I || Renamed as composite source from SF6_IPC2_TOTAL_NET_PMHTHISTCR_TEMPSRC3! | Renamed as composite source from SF6_IPC2_TOTAL_NET_PMHTHISTCR_TEMPSRC4! | Add the countries {BRA.CHL.KOR.MDA.MYS.SGP.URY} from SF6_IPC2_TOTAL_NET_HISTORY_UNFCCC2019BI || Renamed as composite source from SF6_IPC2_TOTAL_NET_PMHTHISTCR_TEMPSRC5! | Add the countries {ARE.CHN.DZA.EGY.GRD.HKG.IDN.IND.IRN.IRQ.ISR.KWT.LBY.NGA.PAK.PHL.SAU.SMR.THA.TWN.VAT.VEN.ZAF} from SF6_IPC2_TOTAL_NET_HISTORY_EDGAR42COMPI || Pad values of country ARG... || Pad values of country AUS... || Pad values of country AUT... || Pad values of country BEL... || Pad values of country BRA... || Pad values of country CAN... || Pad values of country CHE... || Pad values of country CHL... || Pad values of country COL... || Pad values of country CZE... || Pad values of country DEU... || Pad values of country DNK... || Pad values of country ESP... || Pad values of country EST... || Pad values of country FIN... || Pad values of country FRA... || Pad values of country GBR... || Pad values of country GRC... || Pad values of country HUN... || Pad values of country IRL... || Pad values of country ISL... || Pad values of country ITA... || Pad values of country JPN... || Pad values of country KOR... || Pad values of country LIE... || Pad values of country MCO... || Pad values of country MEX... || Pad values of country MYS... || Pad values of country NLD... || Pad values of country NOR... || Pad values of country NZL... || Pad values of country POL... || Pad values of country PRT... || Pad values of country ROU... || Pad values of country RUS... || Pad values of country SGP... || Pad values of country SVN... || Pad values of country SWE... || Pad values of country TUR... || Pad values of country UKR... || Pad values of country USA... ||  | built by Johannes Guetschow
scenario,HISTCR
datatype,CountryYearMatrix
tablekind,csg
family,emi
subsource,Table2(I)s1; Table2(II); Summary1.As1
unit,MtCO2eq
gwp,AR4
iso3,1850,1851,1852,1853,1854,1855,1856,1857,1858,1859,1860,1861,1862,1863,1864,1865,1866,1867,1868,1869,1870,1871,1872,1873,1874,1875,1876,1877,1878,1879,1880,1881,1882,1883,1884,1885,1886,1887,1888,1889,1890,1891,1892,1893,1894,1895,1896,1897,1898,1899,1900,1901,1902,1903,1904,1905,1906,1907,1908,1909,1910,1911,1912,1913,1914,1915,1916,1917,1918,1919,1920,1921,1922,1923,1924,1925,1926,1927,1928,1929,1930,1931,1932,1933,1934,1935,1936,1937,1938,1939,1940,1941,1942,1943,1944,1945,1946,1947,1948,1949,1950,1951,1952,1953,1954,1955,1956,1957,1958,1959,1960,1961,1962,1963,1964,1965,1966,1967,1968,1969,1970,1971,1972,1973,1974,1975,1976,1977,1978,1979,1980,1981,1982,1983,1984,1985,1986,1987,1988,1989,1990,1991,1992,1993,1994,1995,1996,1997,1998,1999,2000,2001,2002,2003,2004,2005,2006,2007,2008,2009,2010,2011,2012,2013,2014,2015,2016,2017
AND,0,0,0,0,0,0,0,0,0,0,0,0,0,0,0,0,0,0,0,0,0,0,0,0,0,0,0,0,0,0,0,0,0,0,0,0,0,0,0,0,0,0,0,0,0,0,0,0,0,0,0,0,0,0,0,0,0,0,0,0,0,0,0,0,0,0,0,0,0,0,0,0,0,0,0,0,0,0,0,0,0,0,0,0,0,0,0,0,0,0,0,0,0,0,0,0,0,0,0,0,0,0,0,0,0,0,0,0,0,0,0,0,0,0,0,0,0,0,0,0,0,0,0,0,0,0,0,0,0,0,0,0,0,0,0,0,0,0,0,0,0,0,0,0,0,0,0,0,0,0,0,0,0,0,0,0,0,0,0,0,0,0.0024822,0.0024166,0.0024625,0.0024605,0.0024605,0.0021899,0.0021899
ANNEXI,0,0,0,0,0,0,0,0,0,0,0,0,0,0,0,0,0,0,0,0,0,0,0,0,0,0,0,0,0,0,0,0,0,0,0,0,0,0,0,0,0,0,0,0,0,0,0,0,0,0,0,0,0,0,0,0,0,0,0,0,0,0,0,0,0,0,0,0,0,0,0,0,0,0,0,0,0,0,0,0,0,0,0,0,0,0,0,0,0,0,0,0.083272,0.31557,0.67062,1.1221,1.6439,2.2095,2.7928,3.3675,3.9073,4.3859,4.8252,5.2646,5.7042,6.1438,6.5836,7.0236,7.4637,7.9041,8.3446,8.7854,9.1947,9.555,9.8872,10.2126,10.5523,10.9274,11.359,11.8683,12.4764,13.2034,14.8694,15.4025,17.271,17.444,19.8326,23.8916,26.6799,28.6687,33.7786,35.2847,36.3011,39.4599,39.139,43.5496,45.8567,49.0343,51.1439,55.3401,57.5873,59.8492,60.7054,60.0544,60.0261,59.3411,60.4431,60.362,54.8248,50.5452,43.9294,39.3006,36.0885,33.5327,32.0129,30.3866,28.4089,26.9293,23.7517,21.4859,17.8286,18.0264,18.2422,21.7056,20.7184,16.3556,16.3362,17.0802,17.2196
AOSIS,0,0,0,0,0,0,0,0,0,0,0,0,0,0,0,0,0,0,0,0,0,0,0,0,0,0,0,0,0,0,0,0,0,0,0,0,0,0,0,0,0,0,0,0,0,0,0,0,0,0,0,0,0,0,0,0,0,0,0,0,0,0,0,0,0,0,0,0,0,0,0,0,0,0,0,0,0,0,0,0,0,0,0,0,0,0,0,0,0,0,0,1.006e-05,3.8122e-05,8.1014e-05,0.00013556,0.00019859,0.00026692,0.00033739,0.00040681,0.00047202,0.00052984,0.00058291,0.00063599,0.00068909,0.0007422,0.00079533,0.00084848,0.00090165,0.00095485,0.0010081,0.0010613,0.0011108,0.0011543,0.0011944,0.0012337,0.0012748,0.0013201,0.0013722,0.0014337,0.0015072,0.0015196,0.0060851,0.010372,0.017064,0.022893,0.036445,0.05044,0.06098,0.070544,0.086629,0.10127,0.094864,0.094892,0.093803,0.11239,0.12786,0.13057,0.13421,0.12955,0.13901,0.16175,0.19904,0.19207,0.17863,0.15666,0.15017,0.13553,0.12417,0.12281,0.13943,0.082072,0.12244,0.15323,0.18731,0.11873,0.099452,0.10944,0.1088,0.1067,0.085352,0.084588,0.086089,0.087595,0.084128,0.080526,0.076925,0.073324,0.069723
ARE,0,0,0,0,0,0,0,0,0,0,0,0,0,0,0,0,0,0,0,0,0,0,0,0,0,0,0,0,0,0,0,0,0,0,0,0,0,0,0,0,0,0,0,0,0,0,0,0,0,0,0,0,0,0,0,0,0,0,0,0,0,0,0,0,0,0,0,0,0,0,0,0,0,0,0,0,0,0,0,0,0,0,0,0,0,0,0,0,0,0,0,0,0,0,0,0,0,0,0,0,0,0,0,0,0,0,0,0,0,0,0,0,0,0,0,0,0,0,0,0,0,0.0062449,0.019558,0.046525,0.079091,0.15232,0.17881,0.21563,0.25693,0.32769,0.40059,0.35515,0.33513,0.31113,0.34833,0.36538,0.38229,0.40047,0.39448,0.43618,0.43512,0.47673,0.50173,0.47523,0.44707,0.41012,0.46068,0.48338,0.4902,0.55966,0.62968,0.65589,0.68105,0.70329,0.73242,0.75954,0.80825,0.85315,0.89806,0.91596,0.95069,0.98541,1.0201,1.0549,1.0896,1.1243,1.159,1.1938
ARG,0,0,0,0,0,0,0,0,0,0,0,0,0,0,0,0,0,0,0,0,0,0,0,0,0,0,0,0,0,0,0,0,0,0,0,0,0,0,0,0,0,0,0,0,0,0,0,0,0,0,0,0,0,0,0,0,0,0,0,0,0,0,0,0,0,0,0,0,0,0,0,0,0,0,0,0,0,0,0,0,0,0,0,0,0,0,0,0,0,0,0,1.8813e-08,7.1295e-08,1.5151e-07,2.5352e-07,3.7139e-07,4.9918e-07,6.3097e-07,7.608e-07,8.8275e-07,9.9088e-07,1.0901e-06,1.1894e-06,1.2887e-06,1.388e-06,1.4874e-06,1.5868e-06,1.6862e-06,1.7857e-06,1.8852e-06,1.9848e-06,2.0773e-06,2.1587e-06,2.2338e-06,2.3073e-06,2.384e-06,2.4688e-06,2.5663e-06,2.6813e-06,2.8187e-06,2.8002e-06,2.126e-05,1.5018e-05,4.196e-05,3.8556e-05,5.5843e-05,8.9987e-05,0.0001227,0.00015597,0.00020131,0.0002299,0.00050928,0.00061095,0.00070092,0.00084077,0.00096566,0.00097047,0.0009747,0.00095506,0.00093809,0.0010475,0.00091979,0.00091156,0.00097841,0.0010672,0.0010242,0.00108,0.0011887,0.0011438,0.0011021,0.0011951,0.0011612,0.0012305,0.0013393,0.0014432,0.0015909,0.0016607,0.0017307,0.0016596,0.0014016,0.0016511,0.0017795,0.001689,0.0017982,0.0018201,0.0019004,0.001945,0.0019896
AUS,0,0,0,0,0,0,0,0,0,0,0,0,0,0,0,0,0,0,0,0,0,0,0,0,0,0,0,0,0,0,0,0,0,0,0,0,0,0,0,0,0,0,0,0,0,0,0,0,0,0,0,0,0,0,0,0,0,0,0,0,0,0,0,0,0,0,0,0,0,0,0,0,0,0,0,0,0,0,0,0,0,0,0,0,0,0,0,0,0,0,0,8.007e-05,0.00030344,0.00064484,0.001079,0.0015807,0.0021246,0.0026855,0.0032381,0.0037571,0.0042173,0.0046397,0.0050622,0.0054849,0.0059076,0.0063305,0.0067535,0.0071768,0.0076002,0.0080238,0.0084477,0.0088412,0.0091876,0.0095071,0.00982,0.010147,0.010507,0.010922,0.011412,0.011997,0.012686,0.020842,0.018704,0.030098,0.023458,0.040904,0.061145,0.079827,0.10376,0.13998,0.15986,0.17002,0.18864,0.19494,0.20641,0.22894,0.24723,0.25608,0.25037,0.24931,0.22056,0.23934,0.25811,0.27687,0.29561,0.31621,0.2891,0.26677,0.24021,0.21129,0.21243,0.2188,0.2251,0.22911,0.23066,0.19622,0.18607,0.17513,0.16332,0.14699,0.14274,0.14079,0.1475,0.14183,0.15517,0.17094,0.18585,0.17622
AUT,0,0,0,0,0,0,0,0,0,0,0,0,0,0,0,0,0,0,0,0,0,0,0,0,0,0,0,0,0,0,0,0,0,0,0,0,0,0,0,0,0,0,0,0,0,0,0,0,0,0,0,0,0,0,0,0,0,0,0,0,0,0,0,0,0,0,0,0,0,0,0,0,0,0,0,0,0,0,0,0,0,0,0,0,0,0,0,0,0,0,0,0.00016146,0.00061186,0.0013003,0.0021757,0.0031873,0.0042841,0.005415,0.0065293,0.0075759,0.0085039,0.0093556,0.010208,0.01106,0.011912,0.012765,0.013618,0.014471,0.015325,0.016179,0.017034,0.017828,0.018526,0.01917,0.019801,0.02046,0.021187,0.022024,0.023011,0.02419,0.022211,0.030968,0.030866,0.03928,0.028667,0.047181,0.060922,0.07106,0.084022,0.098856,0.089591,0.092013,0.096092,0.104,0.080851,0.12085,0.16464,0.18956,0.20907,0.22517,0.47061,0.61414,0.65627,0.744,0.92617,1.1001,1.1769,1.0864,0.86988,0.67637,0.57453,0.62933,0.6133,0.54944,0.48401,0.49363,0.45346,0.36701,0.37343,0.34168,0.33587,0.30735,0.31188,0.30487,0.31313,0.30955,0.39284,0.39903
BASIC,0,0,0,0,0,0,0,0,0,0,0,0,0,0,0,0,0,0,0,0,0,0,0,0,0,0,0,0,0,0,0,0,0,0,0,0,0,0,0,0,0,0,0,0,0,0,0,0,0,0,0,0,0,0,0,0,0,0,0,0,0,0,0,0,0,0,0,0,0,0,0,0,0,0,0,0,0,0,0,0,0,0,0,0,0,0,0,0,0,0,0,1.6527e-05,6.263e-05,0.0001331,0.00022271,0.00032625,0.00043852,0.00055429,0.00066834,0.00077547,0.00087046,0.00095765,0.0010449,0.0011321,0.0012193,0.0013066,0.0013939,0.0014813,0.0015687,0.0016561,0.0017436,0.0018249,0.0018963,0.0019623,0.0020269,0.0020943,0.0021687,0.0022544,0.0023555,0.0024761,0.002515,0.082936,0.13666,0.22156,0.26736,0.39188,0.58238,0.73694,0.87005,1.0998,1.2935,1.4171,1.517,1.7221,2.1032,2.7464,2.8863,3.0507,2.9883,3.0235,3.0137,3.2412,3.5047,3.3851,3.2769,3.2724,3.6264,3.5223,3.2093,4.3077,4.4608,4.7359,6.1142,7.5922,7.7097,8.2433,9.0586,9.8805,10.459,10.5096,10.9127,11.8603,12.5511,13.2419,13.9327,14.6235,15.3,15.9587
BEL,0,0,0,0,0,0,0,0,0,0,0,0,0,0,0,0,0,0,0,0,0,0,0,0,0,0,0,0,0,0,0,0,0,0,0,0,0,0,0,0,0,0,0,0,0,0,0,0,0,0,0,0,0,0,0,0,0,0,0,0,0,0,0,0,0,0,0,0,0,0,0,0,0,0,0,0,0,0,0,0,0,0,0,0,0,0,0,0,0,0,0,0.00041966,0.0015904,0.0033797,0.0056553,0.0082847,0.011135,0.014075,0.016971,0.019692,0.022104,0.024318,0.026532,0.028747,0.030963,0.033179,0.035397,0.037615,0.039834,0.042054,0.044276,0.046339,0.048154,0.049829,0.051469,0.053181,0.055071,0.057246,0.059813,0.062877,0.068118,0.097473,0.091553,0.11937,0.11785,0.15762,0.21061,0.26342,0.32307,0.41235,0.48406,0.56567,0.69323,0.74542,0.88717,0.95337,1.1026,1.2916,1.3538,1.4119,1.622,1.5398,1.6996,1.6355,1.9777,2.1397,2.0596,0.53885,0.29595,0.15366,0.14406,0.13922,0.11617,0.10193,0.090198,0.090688,0.07655,0.078863,0.086883,0.093309,0.10203,0.11209,0.11043,0.11575,0.095218,0.091363,0.094665,0.092028
BGR,0,0,0,0,0,0,0,0,0,0,0,0,0,0,0,0,0,0,0,0,0,0,0,0,0,0,0,0,0,0,0,0,0,0,0,0,0,0,0,0,0,0,0,0,0,0,0,0,0,0,0,0,0,0,0,0,0,0,0,0,0,0,0,0,0,0,0,0,0,0,0,0,0,0,0,0,0,0,0,0,0,0,0,0,0,0,0,0,0,0,0,2.9571e-06,1.1207e-05,2.3815e-05,3.985e-05,5.8377e-05,7.8465e-05,9.9179e-05,0.00011959,0.00013876,0.00015575,0.00017135,0.00018696,0.00020257,0.00021818,0.0002338,0.00024942,0.00026505,0.00028069,0.00029633,0.00031199,0.00032652,0.00033932,0.00035112,0.00036267,0.00037473,0.00038805,0.00040338,0.00042147,0.00044306,0.00046891,0.00051844,0.00060608,0.00072512,0.00086885,0.0010305,0.0012035,0.0013809,0.0015562,0.0017226,0.0018734,0.0020266,0.0021994,0.0023834,0.0025702,0.0027515,0.002919,0.0030642,0.0033,0.0034914,0.0036939,0.0039082,0.0041348,0.0043747,0.0046284,0.0048968,0.0051808,0.0054813,0.0057993,0.0061356,0.0064915,0.006868,0.0072663,0.0076878,0.0081337,0.008165,0.0084834,0.0088143,0.009158,0.0095152,0.01876,0.016967,0.016096,0.020419,0.016878,0.018066,0.018747,0.017514
BLR,0,0,0,0,0,0,0,0,0,0,0,0,0,0,0,0,0,0,0,0,0,0,0,0,0,0,0,0,0,0,0,0,0,0,0,0,0,0,0,0,0,0,0,0,0,0,0,0,0,0,0,0,0,0,0,0,0,0,0,0,0,0,0,0,0,0,0,0,0,0,0,0,0,0,0,0,0,0,0,0,0,0,0,0,0,0,0,0,0,0,0,1.538e-09,5.8285e-09,1.2386e-08,2.0726e-08,3.0362e-08,4.0809e-08,5.1583e-08,6.2197e-08,7.2167e-08,8.1006e-08,8.912e-08,9.7236e-08,1.0535e-07,1.1347e-07,1.216e-07,1.2972e-07,1.3785e-07,1.4598e-07,1.5412e-07,1.6226e-07,1.6982e-07,1.7648e-07,1.8261e-07,1.8862e-07,1.949e-07,2.0183e-07,2.098e-07,2.192e-07,2.3043e-07,2.4388e-07,2.6964e-07,3.1522e-07,3.7713e-07,4.5188e-07,5.3598e-07,6.2592e-07,7.1822e-07,8.0938e-07,8.9591e-07,9.7432e-07,1.054e-06,1.1439e-06,1.2396e-06,1.3368e-06,1.4311e-06,1.5181e-06,1.5937e-06,1.6533e-06,1.6927e-06,1.7075e-06,1.7084e-06,1.7091e-06,1.7095e-06,1.7098e-06,1.71e-06,1.1172e-05,5.7342e-05,6.6234e-05,8.8692e-05,9.69e-05,0.00011058,0.0001181,0.00016473,0.00024464,0.0003534,0.00044597,0.00054139,0.0012534,0.0014529,0.0020973,0.0023036,0.00246,0.0025109,0.0024269,0.0025151,0.002737,0.0029081
BRA,0,0,0,0,0,0,0,0,0,0,0,0,0,0,0,0,0,0,0,0,0,0,0,0,0,0,0,0,0,0,0,0,0,0,0,0,0,0,0,0,0,0,0,0,0,0,0,0,0,0,0,0,0,0,0,0,0,0,0,0,0,0,0,0,0,0,0,0,0,0,0,0,0,0,0,0,0,0,0,0,0,0,0,0,0,0,0,0,0,0,0,6.5932e-06,2.4986e-05,5.3097e-05,8.8848e-05,0.00013016,0.00017494,0.00022113,0.00026663,0.00030937,0.00034726,0.00038205,0.00041684,0.00045164,0.00048645,0.00052127,0.0005561,0.00059095,0.00062582,0.0006607,0.0006956,0.00072801,0.00075653,0.00078284,0.0008086,0.0008355,0.0008652,0.00089937,0.00093969,0.00098784,0.00098135,0.002472,0.0022245,0.0053133,0.005324,0.0098131,0.015697,0.033853,0.036302,0.048079,0.053005,0.093393,0.10608,0.11302,0.12658,0.14166,0.1687,0.17753,0.20006,0.20748,0.228,0.22344,0.2508,0.32148,0.3192,0.32376,0.31464,0.38532,0.33744,0.33516,0.34884,0.33288,0.399,0.46284,0.5244,0.57456,0.63612,0.73872,0.77748,0.4674,0.17556,0.1824,0.18924,0.19608,0.20292,0.20976,0.20229,0.177
CAN,0,0,0,0,0,0,0,0,0,0,0,0,0,0,0,0,0,0,0,0,0,0,0,0,0,0,0,0,0,0,0,0,0,0,0,0,0,0,0,0,0,0,0,0,0,0,0,0,0,0,0,0,0,0,0,0,0,0,0,0,0,0,0,0,0,0,0,0,0,0,0,0,0,0,0,0,0,0,0,0,0,0,0,0,0,0,0,0,0,0,0,0.0090622,0.034342,0.072981,0.12212,0.1789,0.24046,0.30394,0.36648,0.42522,0.47731,0.52511,0.57293,0.62077,0.66861,0.71647,0.76435,0.81225,0.86017,0.90812,0.95609,1.0006,1.0398,1.076,1.1114,1.1484,1.1892,1.2362,1.2916,1.3578,1.4599,1.5208,1.623,1.738,1.8255,1.9436,2.0672,2.199,2.3075,2.4302,2.4868,2.6487,2.8017,2.8919,3.0008,3.1677,3.3026,3.422,3.5439,3.6621,3.2259,3.6852,2.5571,2.3735,2.4417,2.2752,1.7686,1.8276,2.3575,2.4101,2.903,2.5571,3.0158,2.6514,2.3399,1.4174,1.5267,0.72619,0.64433,0.37387,0.45521,0.41854,0.44015,0.43288,0.41994,0.4623,0.47226,0.40749
CHE,0,0,0,0,0,0,0,0,0,0,0,0,0,0,0,0,0,0,0,0,0,0,0,0,0,0,0,0,0,0,0,0,0,0,0,0,0,0,0,0,0,0,0,0,0,0,0,0,0,0,0,0,0,0,0,0,0,0,0,0,0,0,0,0,0,0,0,0,0,0,0,0,0,0,0,0,0,0,0,0,0,0,0,0,0,0,0,0,0,0,0,0.00011061,0.00041916,0.00089076,0.0014905,0.0021835,0.0029348,0.0037096,0.004473,0.0051899,0.0058257,0.0064092,0.0069928,0.0075766,0.0081606,0.0087448,0.0093292,0.0099138,0.010499,0.011084,0.011669,0.012213,0.012692,0.013133,0.013565,0.014016,0.014514,0.015088,0.015764,0.016572,0.016453,0.02089,0.018666,0.025824,0.020738,0.029987,0.039723,0.046458,0.054846,0.070304,0.073098,0.068225,0.0733,0.068443,0.077818,0.081511,0.085902,0.089852,0.085659,0.089527,0.13701,0.13921,0.14139,0.12053,0.10689,0.093234,0.090072,0.12424,0.15261,0.13991,0.14379,0.14478,0.15836,0.16458,0.18609,0.20319,0.18564,0.1716,0.22216,0.17965,0.14798,0.15953,0.20891,0.25246,0.25884,0.25576,0.20711,0.19655
CHL,0,0,0,0,0,0,0,0,0,0,0,0,0,0,0,0,0,0,0,0,0,0,0,0,0,0,0,0,0,0,0,0,0,0,0,0,0,0,0,0,0,0,0,0,0,0,0,0,0,0,0,0,0,0,0,0,0,0,0,0,0,0,0,0,0,0,0,0,0,0,0,0,0,0,0,0,0,0,0,0,0,0,0,0,0,0,0,0,0,0,0,2.9527e-05,0.0001119,0.00023779,0.0003979,0.0005829,0.00078347,0.0009903,0.0011941,0.0013855,0.0015552,0.001711,0.0018668,0.0020226,0.0021785,0.0023345,0.0024905,0.0026465,0.0028027,0.0029589,0.0031152,0.0032603,0.0033881,0.0035059,0.0036213,0.0037417,0.0038747,0.0040278,0.0042083,0.004424,0.0044913,0.004583,0.0046765,0.004772,0.0048694,0.0049687,0.0050701,0.071807,0.052023,0.070211,0.069953,0.054846,0.059343,0.043974,0.037302,0.038593,0.05044,0.028444,0.038527,0.041405,0.0684,0.1361,0.10815,0.095614,0.0684,0.087618,0.074734,0.072898,0.13627,0.25156,0.0912,0.13878,0.27643,0.34536,0.18448,0.20591,0.18573,0.20695,0.22191,0.23979,0.2508,0.2432,0.2356,0.228,0.2432,0.2584,0.2736,0.24257
CHN,0,0,0,0,0,0,0,0,0,0,0,0,0,0,0,0,0,0,0,0,0,0,0,0,0,0,0,0,0,0,0,0,0,0,0,0,0,0,0,0,0,0,0,0,0,0,0,0,0,0,0,0,0,0,0,0,0,0,0,0,0,0,0,0,0,0,0,0,0,0,0,0,0,0,0,0,0,0,0,0,0,0,0,0,0,0,0,0,0,0,0,5.2904e-06,2.0049e-05,4.2606e-05,7.1292e-05,0.00010444,0.00014038,0.00017743,0.00021394,0.00024824,0.00027865,0.00030656,0.00033447,0.0003624,0.00039033,0.00041827,0.00044622,0.00047418,0.00050216,0.00053015,0.00055815,0.00058416,0.00060704,0.00062815,0.00064883,0.00067041,0.00069424,0.00072166,0.00075402,0.00079265,0.00084258,0.00094313,0.0010506,0.0010506,0.0011581,0.0012656,0.022189,0.028379,0.035824,0.052895,0.058017,0.049897,0.055646,0.18885,0.20837,0.51094,0.58854,0.70299,0.69831,0.59683,0.61972,0.90912,1.216,1.2674,1.3691,1.5738,1.9479,1.7819,1.5719,2.6045,3.9003,4.1866,5.4845,6.7167,6.8082,7.2916,8.0452,8.7644,9.2882,9.6438,10.3154,11.2882,11.9629,12.6377,13.3124,13.9872,14.662,15.3367
COL,0,0,0,0,0,0,0,0,0,0,0,0,0,0,0,0,0,0,0,0,0,0,0,0,0,0,0,0,0,0,0,0,0,0,0,0,0,0,0,0,0,0,0,0,0,0,0,0,0,0,0,0,0,0,0,0,0,0,0,0,0,0,0,0,0,0,0,0,0,0,0,0,0,0,0,0,0,0,0,0,0,0,0,0,0,0,0,0,0,0,0,1.0112e-06,3.8321e-06,8.1437e-06,1.3627e-05,1.9962e-05,2.6831e-05,3.3915e-05,4.0893e-05,4.7448e-05,5.326e-05,5.8595e-05,6.3931e-05,6.9268e-05,7.4607e-05,7.9948e-05,8.5291e-05,9.0636e-05,9.5983e-05,0.00010133,0.00010669,0.00011166,0.00011603,0.00012007,0.00012402,0.00012814,0.0001327,0.00013794,0.00014412,0.00015151,0.0006489,0.0014749,0.0012477,0.0026885,0.0027169,0.0041125,0.0066711,0.0094509,0.012637,0.017261,0.021044,0.043892,0.05037,0.055546,0.064257,0.071429,0.065093,0.057691,0.047848,0.037041,0.03795,0.037167,0.03289,0.034965,0.035975,0.03572,0.034519,0.03329,0.030697,0.02752,0.025664,0.034874,0.044147,0.053585,0.065698,0.075445,0.08167,0.085819,0.088004,0.096895,0.096467,0.10806,0.10771,0.13467,0.14255,0.14259,0.15007,0.15755
CYP,0,0,0,0,0,0,0,0,0,0,0,0,0,0,0,0,0,0,0,0,0,0,0,0,0,0,0,0,0,0,0,0,0,0,0,0,0,0,0,0,0,0,0,0,0,0,0,0,0,0,0,0,0,0,0,0,0,0,0,0,0,0,0,0,0,0,0,0,0,0,0,0,0,0,0,0,0,0,0,0,0,0,0,0,0,0,0,0,0,0,0,1.6673e-08,6.3187e-08,1.3428e-07,2.2469e-07,3.2915e-07,4.4241e-07,5.5921e-07,6.7428e-07,7.8236e-07,8.7819e-07,9.6616e-07,1.0541e-06,1.1421e-06,1.2302e-06,1.3182e-06,1.4063e-06,1.4945e-06,1.5826e-06,1.6708e-06,1.7591e-06,1.8411e-06,1.9132e-06,1.9797e-06,2.0449e-06,2.1129e-06,2.188e-06,2.2744e-06,2.3764e-06,2.4981e-06,2.6439e-06,2.9232e-06,3.4173e-06,4.0885e-06,4.8989e-06,5.8105e-06,6.7856e-06,7.7862e-06,8.7745e-06,9.7126e-06,1.0563e-05,1.1427e-05,1.2401e-05,1.3439e-05,1.4492e-05,1.5514e-05,1.6458e-05,1.7277e-05,1.7924e-05,1.8351e-05,2.5767e-05,3.0088e-05,3.4247e-05,3.8501e-05,5.031e-05,5.815e-05,6.596e-05,6.9532e-05,6.734e-05,6.515e-05,7.6266e-05,7.6551e-05,8.209e-05,8.8986e-05,0.00010013,0.000115,0.00012131,0.00013707,0.00015159,0.00016054,0.00015035,0.00015594,0.00015697,0.00015044,0.00014833,0.00016405,0.00016531,0.00016531
CZE,0,0,0,0,0,0,0,0,0,0,0,0,0,0,0,0,0,0,0,0,0,0,0,0,0,0,0,0,0,0,0,0,0,0,0,0,0,0,0,0,0,0,0,0,0,0,0,0,0,0,0,0,0,0,0,0,0,0,0,0,0,0,0,0,0,0,0,0,0,0,0,0,0,0,0,0,0,0,0,0,0,0,0,0,0,0,0,0,0,0,0,0.00036972,0.0014011,0.0029775,0.0049823,0.0072988,0.0098103,0.0124,0.014952,0.017348,0.019473,0.021424,0.023375,0.025326,0.027278,0.029231,0.031185,0.033139,0.035094,0.03705,0.039007,0.040824,0.042424,0.043899,0.045344,0.046852,0.048517,0.050434,0.052695,0.055395,0.056238,0.057386,0.058558,0.059752,0.060972,0.062216,0.063486,0.064782,0.066104,0.067453,0.068829,0.070234,0.071668,0.07313,0.074622,0.076146,0.077699,0.079285,0.080903,0.082554,0.084239,0.084075,0.085408,0.086564,0.087662,0.088679,0.098306,0.096105,0.094975,0.095936,0.1084,0.098817,0.12128,0.14469,0.12061,0.11184,0.10512,0.093788,0.088667,0.089054,0.082762,0.088641,0.092437,0.083041,0.079904,0.078267,0.078629,0.074312
DEU,0,0,0,0,0,0,0,0,0,0,0,0,0,0,0,0,0,0,0,0,0,0,0,0,0,0,0,0,0,0,0,0,0,0,0,0,0,0,0,0,0,0,0,0,0,0,0,0,0,0,0,0,0,0,0,0,0,0,0,0,0,0,0,0,0,0,0,0,0,0,0,0,0,0,0,0,0,0,0,0,0,0,0,0,0,0,0,0,0,0,0,0.00098319,0.0037259,0.007918,0.013249,0.019409,0.026088,0.032975,0.03976,0.046134,0.051785,0.056972,0.06216,0.067349,0.07254,0.077733,0.082927,0.088124,0.093323,0.098525,0.10373,0.10856,0.11282,0.11674,0.12058,0.12459,0.12902,0.13412,0.14013,0.14731,0.13889,0.2365,0.19956,0.3385,0.22271,0.45591,0.68324,1.0948,1.247,1.6327,1.699,1.6868,1.8776,1.8738,2.1962,2.6965,3.1683,3.515,3.8097,4.1442,4.428,4.7459,5.2378,5.9736,6.2492,6.4671,6.1625,6.1088,5.8889,4.2899,4.0725,3.7518,3.0823,3.0134,3.2411,3.252,3.2006,3.0896,2.9427,2.9426,3.0025,3.0353,3.0825,3.1224,3.1594,3.3421,3.5435,3.8343
DNK,0,0,0,0,0,0,0,0,0,0,0,0,0,0,0,0,0,0,0,0,0,0,0,0,0,0,0,0,0,0,0,0,0,0,0,0,0,0,0,0,0,0,0,0,0,0,0,0,0,0,0,0,0,0,0,0,0,0,0,0,0,0,0,0,0,0,0,0,0,0,0,0,0,0,0,0,0,0,0,0,0,0,0,0,0,0,0,0,0,0,0,2.4779e-05,9.3903e-05,0.00019955,0.00033391,0.00048916,0.00065748,0.00083106,0.0010021,0.0011627,0.0013051,0.0014358,0.0015666,0.0016974,0.0018282,0.0019591,0.00209,0.002221,0.002352,0.0024831,0.0026143,0.0027361,0.0028432,0.0029421,0.0030389,0.00314,0.0032516,0.0033801,0.0035316,0.0037126,0.0034003,0.0050598,0.0048671,0.0064231,0.0047326,0.0077911,0.010451,0.01265,0.01535,0.018564,0.018238,0.020186,0.023058,0.025612,0.025175,0.032459,0.036772,0.037988,0.037229,0.036226,0.042408,0.061064,0.086327,0.097961,0.11811,0.10394,0.059319,0.07072,0.057792,0.062992,0.056916,0.028666,0.024068,0.03022,0.03165,0.020843,0.034505,0.029201,0.030507,0.035497,0.037136,0.077614,0.12966,0.1501,0.1546,0.12165,0.10441,0.076043
DZA,0,0,0,0,0,0,0,0,0,0,0,0,0,0,0,0,0,0,0,0,0,0,0,0,0,0,0,0,0,0,0,0,0,0,0,0,0,0,0,0,0,0,0,0,0,0,0,0,0,0,0,0,0,0,0,0,0,0,0,0,0,0,0,0,0,0,0,0,0,0,0,0,0,0,0,0,0,0,0,0,0,0,0,0,0,0,0,0,0,0,0,0,0,0,0,0,0,0,0,0,0,0,0,0,0,0,0,0,0,0,0,0,0,0,0,0,0,0,0,0,0,0.0005734,0.00049403,0.0020796,0.0024939,0.0049668,0.0092413,0.014332,0.020601,0.030011,0.038565,0.077667,0.084605,0.088545,0.097315,0.10275,0.13592,0.17402,0.21293,0.25779,0.31099,0.21895,0.18999,0.15437,0.12389,0.094364,0.12614,0.15024,0.1974,0.24636,0.29705,0.30128,0.30366,0.30418,0.30677,0.3058,0.32669,0.34635,0.36601,0.404,0.42286,0.44172,0.46059,0.47945,0.49832,0.51718,0.53605,0.55491
EARTH,0,0,0,0,0,0,0,0,0,0,0,0,0,0,0,0,0,0,0,0,0,0,0,0,0,0,0,0,0,0,0,0,0,0,0,0,0,0,0,0,0,0,0,0,0,0,0,0,0,0,0,0,0,0,0,0,0,0,0,0,0,0,0,0,0,0,0,0,0,0,0,0,0,0,0,0,0,0,0,0,0,0,0,0,0,0,0,0,0,0,0,0.083393,0.31603,0.6716,1.1238,1.6463,2.2128,2.7969,3.3724,3.913,4.3923,4.8323,5.2723,5.7125,6.1528,6.5932,7.0338,7.4746,7.9156,8.3568,8.7982,9.2082,9.5689,9.9017,10.2275,10.5677,10.9434,11.3756,11.8856,12.4946,13.2332,15.2671,16.1046,18.4579,18.9972,22.2849,27.0165,30.5113,33.0543,39.2067,41.6052,42.6515,45.9869,45.8757,51.6786,55.4879,59.0692,61.5722,65.6798,68.5965,71.0312,72.5147,71.9165,70.9427,69.7797,72.6292,71.6257,65.9322,60.4153,57.3203,50.7487,48.515,47.993,49.6231,48.2783,48.8566,48.4107,48.5843,47.3937,44.304,48.3171,46.8603,50.3815,51.1741,48.8593,51.1069,53.41,55.0278
EGY,0,0,0,0,0,0,0,0,0,0,0,0,0,0,0,0,0,0,0,0,0,0,0,0,0,0,0,0,0,0,0,0,0,0,0,0,0,0,0,0,0,0,0,0,0,0,0,0,0,0,0,0,0,0,0,0,0,0,0,0,0,0,0,0,0,0,0,0,0,0,0,0,0,0,0,0,0,0,0,0,0,0,0,0,0,0,0,0,0,0,0,0,0,0,0,0,0,0,0,0,0,0,0,0,0,0,0,0,0,0,0,0,0,0,0,0,0,0,0,0,0,0.024009,0.042203,0.067494,0.083978,0.12426,0.13003,0.16078,0.16433,0.19186,0.20902,0.21134,0.23338,0.24844,0.32304,0.40218,0.37985,0.34519,0.29947,0.28353,0.24476,0.27828,0.27494,0.25211,0.22374,0.2047,0.23207,0.25141,0.26972,0.32251,0.018012,0.027256,0.055828,0.062929,0.025025,0.025766,0.01997,0.021096,0.021278,0.021839,0.021583,0,0,0,0,0,0,0
ESP,0,0,0,0,0,0,0,0,0,0,0,0,0,0,0,0,0,0,0,0,0,0,0,0,0,0,0,0,0,0,0,0,0,0,0,0,0,0,0,0,0,0,0,0,0,0,0,0,0,0,0,0,0,0,0,0,0,0,0,0,0,0,0,0,0,0,0,0,0,0,0,0,0,0,0,0,0,0,0,0,0,0,0,0,0,0,0,0,0,0,0,2.494e-05,9.4512e-05,0.00020085,0.00033608,0.00049234,0.00066175,0.00083645,0.0010086,0.0011702,0.0013136,0.0014451,0.0015767,0.0017084,0.0018401,0.0019718,0.0021035,0.0022354,0.0023672,0.0024992,0.0026312,0.0027538,0.0028617,0.0029612,0.0030587,0.0031604,0.0032727,0.003402,0.0035545,0.0037366,0.0037078,0.0060922,0.0054193,0.0084863,0.0063386,0.011119,0.015861,0.019502,0.024012,0.031151,0.032705,0.032142,0.034936,0.033879,0.034763,0.03824,0.046904,0.054135,0.056065,0.059857,0.06399,0.068767,0.071958,0.075986,0.083572,0.099813,0.11026,0.15131,0.15686,0.16668,0.18633,0.16318,0.18041,0.17633,0.19978,0.2126,0.23201,0.23843,0.245,0.23126,0.23489,0.23915,0.22,0.21386,0.20999,0.22135,0.22962,0.2256
EST,0,0,0,0,0,0,0,0,0,0,0,0,0,0,0,0,0,0,0,0,0,0,0,0,0,0,0,0,0,0,0,0,0,0,0,0,0,0,0,0,0,0,0,0,0,0,0,0,0,0,0,0,0,0,0,0,0,0,0,0,0,0,0,0,0,0,0,0,0,0,0,0,0,0,0,0,0,0,0,0,0,0,0,0,0,0,0,0,0,0,0,2.0727e-07,7.8547e-07,1.6692e-06,2.7931e-06,4.0917e-06,5.4996e-06,6.9515e-06,8.382e-06,9.7255e-06,1.0917e-05,1.201e-05,1.3104e-05,1.4198e-05,1.5292e-05,1.6387e-05,1.7482e-05,1.8578e-05,1.9674e-05,2.077e-05,2.1867e-05,2.2886e-05,2.3783e-05,2.461e-05,2.542e-05,2.6265e-05,2.7199e-05,2.8273e-05,2.9541e-05,3.1054e-05,3.1527e-05,3.2171e-05,3.2827e-05,3.3497e-05,3.4181e-05,3.4878e-05,3.559e-05,3.6317e-05,3.7058e-05,3.7814e-05,3.8585e-05,3.9373e-05,4.0177e-05,4.0996e-05,4.1833e-05,4.2687e-05,4.3558e-05,4.4447e-05,4.5355e-05,4.628e-05,4.7225e-05,4.8188e-05,9.0352e-05,0.0013865,0.0029677,0.0030744,0.0033331,0.0028509,0.0028482,0.0028813,0.0026102,0.0016698,0.0013752,0.001273,0.0010378,0.0010327,0.0011007,0.00092238,0.0012876,0.0013641,0.0017227,0.0017632,0.0018745,0.0020088,0.0020916,0.0022358,0.0025219,0.0024372
EU28,0,0,0,0,0,0,0,0,0,0,0,0,0,0,0,0,0,0,0,0,0,0,0,0,0,0,0,0,0,0,0,0,0,0,0,0,0,0,0,0,0,0,0,0,0,0,0,0,0,0,0,0,0,0,0,0,0,0,0,0,0,0,0,0,0,0,0,0,0,0,0,0,0,0,0,0,0,0,0,0,0,0,0,0,0,0,0,0,0,0,0,0.0032043,0.012143,0.025806,0.04318,0.063257,0.085023,0.10747,0.12958,0.15035,0.16877,0.18568,0.20258,0.2195,0.23641,0.25334,0.27027,0.2872,0.30415,0.3211,0.33806,0.35381,0.36768,0.38046,0.39298,0.40605,0.42049,0.4371,0.45669,0.48009,0.47741,0.7396,0.63351,0.99659,0.75595,1.2679,1.8294,2.9688,3.3018,4.3946,4.6766,4.6513,5.3244,5.1995,5.959,6.6829,7.578,8.215,8.7065,9.2146,11.1032,11.5607,12.395,13.0806,14.238,15.2307,15.1024,13.6182,12.8809,10.5785,10.6168,9.7603,8.6161,8.109,8.1337,7.8751,7.4653,7.0118,6.684,6.327,6.3537,6.1153,6.2238,6.0833,5.8946,6.2292,6.4782,6.7271
FIN,0,0,0,0,0,0,0,0,0,0,0,0,0,0,0,0,0,0,0,0,0,0,0,0,0,0,0,0,0,0,0,0,0,0,0,0,0,0,0,0,0,0,0,0,0,0,0,0,0,0,0,0,0,0,0,0,0,0,0,0,0,0,0,0,0,0,0,0,0,0,0,0,0,0,0,0,0,0,0,0,0,0,0,0,0,0,0,0,0,0,0,3.1541e-05,0.00011953,0.00025401,0.00042504,0.00062266,0.00083692,0.0010579,0.0012755,0.00148,0.0016613,0.0018277,0.0019941,0.0021606,0.0023271,0.0024937,0.0026604,0.0028271,0.0029939,0.0031607,0.0033277,0.0034827,0.0036192,0.003745,0.0038683,0.003997,0.004139,0.0043025,0.0044954,0.0047257,0.0045834,0.0063325,0.0061459,0.0081462,0.006382,0.0099921,0.013931,0.017906,0.023544,0.032248,0.037616,0.040263,0.044987,0.047258,0.049245,0.056578,0.059128,0.058362,0.054624,0.051851,0.052483,0.040162,0.025671,0.019747,0.023861,0.03698,0.054159,0.050108,0.038625,0.030757,0.02606,0.025526,0.025335,0.025568,0.023838,0.022189,0.027564,0.019174,0.026659,0.026711,0.021792,0.023674,0.022156,0.0307,0.034251,0.037561,0.048025,0.050234
FRA,0,0,0,0,0,0,0,0,0,0,0,0,0,0,0,0,0,0,0,0,0,0,0,0,0,0,0,0,0,0,0,0,0,0,0,0,0,0,0,0,0,0,0,0,0,0,0,0,0,0,0,0,0,0,0,0,0,0,0,0,0,0,0,0,0,0,0,0,0,0,0,0,0,0,0,0,0,0,0,0,0,0,0,0,0,0,0,0,0,0,0,0.00025091,0.00095084,0.0020206,0.0033811,0.0049532,0.0066575,0.0084151,0.010147,0.011773,0.013215,0.014539,0.015863,0.017187,0.018512,0.019837,0.021163,0.022489,0.023816,0.025143,0.026471,0.027705,0.02879,0.029791,0.030772,0.031795,0.032925,0.034226,0.03576,0.037593,0.039048,0.088203,0.055334,0.13602,0.088647,0.18289,0.29883,0.44365,0.53067,0.76629,0.84662,0.81001,0.95962,0.89228,1.1097,1.1205,1.1765,1.2624,1.3743,1.4311,2.2185,2.2942,2.346,2.3983,2.5596,2.5953,2.6363,2.6304,2.7609,2.4824,2.3765,1.9302,1.5996,1.5818,1.613,1.3568,1.2541,1.1509,1.1379,0.95319,0.87658,0.65225,0.65652,0.58475,0.47533,0.49927,0.50783,0.46135
GBR,0,0,0,0,0,0,0,0,0,0,0,0,0,0,0,0,0,0,0,0,0,0,0,0,0,0,0,0,0,0,0,0,0,0,0,0,0,0,0,0,0,0,0,0,0,0,0,0,0,0,0,0,0,0,0,0,0,0,0,0,0,0,0,0,0,0,0,0,0,0,0,0,0,0,0,0,0,0,0,0,0,0,0,0,0,0,0,0,0,0,0,0.00052793,0.0020007,0.0042516,0.0071142,0.010422,0.014008,0.017706,0.02135,0.024772,0.027806,0.030591,0.033377,0.036163,0.038951,0.041739,0.044528,0.047319,0.05011,0.052903,0.055698,0.058293,0.060577,0.062683,0.064746,0.0669,0.069278,0.072014,0.075243,0.079098,0.079219,0.11778,0.098867,0.15329,0.12032,0.17529,0.24776,0.7024,0.65591,0.90394,0.9565,0.86406,0.97233,0.85337,0.87906,0.90533,1.0163,0.94659,0.96212,0.98309,1.3053,1.3466,1.3882,1.2147,1.2571,1.3,1.3431,1.3161,1.3631,1.5301,1.8478,1.4816,1.5195,1.3434,1.1375,1.0743,0.89788,0.85232,0.6961,0.60574,0.70279,0.62221,0.60284,0.52205,0.50032,0.46521,0.49059,0.52541
GRC,0,0,0,0,0,0,0,0,0,0,0,0,0,0,0,0,0,0,0,0,0,0,0,0,0,0,0,0,0,0,0,0,0,0,0,0,0,0,0,0,0,0,0,0,0,0,0,0,0,0,0,0,0,0,0,0,0,0,0,0,0,0,0,0,0,0,0,0,0,0,0,0,0,0,0,0,0,0,0,0,0,0,0,0,0,0,0,0,0,0,0,2.1199e-07,8.0336e-07,1.7072e-06,2.8567e-06,4.1849e-06,5.6249e-06,7.1098e-06,8.5728e-06,9.947e-06,1.1165e-05,1.2284e-05,1.3402e-05,1.4521e-05,1.5641e-05,1.676e-05,1.788e-05,1.9001e-05,2.0122e-05,2.1243e-05,2.2365e-05,2.3407e-05,2.4324e-05,2.517e-05,2.5999e-05,2.6863e-05,2.7818e-05,2.8917e-05,3.0214e-05,3.1761e-05,3.6392e-05,7.2393e-05,6.7523e-05,0.00010133,9.282e-05,0.00014287,0.00021176,0.0016774,0.0013534,0.0018829,0.0020064,0.0017469,0.0019593,0.0016404,0.001623,0.0016617,0.0020707,0.0017945,0.0020494,0.0021628,0.0029289,0.0030189,0.0031113,0.0031992,0.0032894,0.00342,0.0035112,0.0035568,0.0036024,0.0036936,0.0038076,0.003876,0.0040584,0.0040584,0.0042636,0.006156,0.00798,0.009462,0.007182,0.005016,0.0058596,0.00513,0.0050486,0.0051512,0.0049215,0.0050604,0.005202,0.0050111
GRD,0,0,0,0,0,0,0,0,0,0,0,0,0,0,0,0,0,0,0,0,0,0,0,0,0,0,0,0,0,0,0,0,0,0,0,0,0,0,0,0,0,0,0,0,0,0,0,0,0,0,0,0,0,0,0,0,0,0,0,0,0,0,0,0,0,0,0,0,0,0,0,0,0,0,0,0,0,0,0,0,0,0,0,0,0,0,0,0,0,0,0,6.8152e-06,2.5827e-05,5.4885e-05,9.1839e-05,0.00013454,0.00018083,0.00022857,0.00027561,0.00031978,0.00035896,0.00039491,0.00043087,0.00046684,0.00050283,0.00053882,0.00057483,0.00061085,0.00064689,0.00068295,0.00071902,0.00075252,0.000782,0.0008092,0.00083583,0.00086363,0.00089433,0.00092965,0.00097133,0.0010211,0.0010366,0.0010578,0.0010794,0.0011014,0.0011239,0.0011468,0.0011702,0.0011941,0.0012185,0.0012434,0.0012687,0.0012946,0.0013211,0.001348,0.0013755,0.0014036,0.0014322,0.0014615,0.0014913,0.0015217,0.0015528,0.0015845,0.0016168,0.0016498,0.0016835,0.0017178,0.0017529,0.0017887,0.0018252,0.0018624,0.0019004,0.0019392,0.0019788,0.0020192,0.0020604,0.0021024,0.0021415,0.0021819,0.0022222,0.0022634,0.0023053,0.0023403,0.00238,0.0024197,0.0024594,0.002499,0.0025387,0.0025784
HKG,0,0,0,0,0,0,0,0,0,0,0,0,0,0,0,0,0,0,0,0,0,0,0,0,0,0,0,0,0,0,0,0,0,0,0,0,0,0,0,0,0,0,0,0,0,0,0,0,0,0,0,0,0,0,0,0,0,0,0,0,0,0,0,0,0,0,0,0,0,0,0,0,0,0,0,0,0,0,0,0,0,0,0,0,0,0,0,0,0,0,0,0,0,0,0,0,0,0,0,0,0,0,0,0,0,0,0,0,0,0,0,0,0,0,0,0,0,0,0,0,0,0.019909,0.036512,0.061084,0.079747,0.12423,0.17622,0.21661,0.25417,0.31641,0.37463,0.36002,0.37038,0.37723,0.46823,0.55065,0.52274,0.49257,0.43178,0.4194,0.36156,0.34117,0.30816,0.24911,0.19848,0.15252,0.15134,0.14393,0.13341,0.14103,0.14812,0.14312,0.13704,0.12943,0.12223,0.11353,0.11969,0.12538,0.13108,0.11129,0.10778,0.10427,0.10077,0.097258,0.093749,0.090241,0.086733,0.083225
HRV,0,0,0,0,0,0,0,0,0,0,0,0,0,0,0,0,0,0,0,0,0,0,0,0,0,0,0,0,0,0,0,0,0,0,0,0,0,0,0,0,0,0,0,0,0,0,0,0,0,0,0,0,0,0,0,0,0,0,0,0,0,0,0,0,0,0,0,0,0,0,0,0,0,0,0,0,0,0,0,0,0,0,0,0,0,0,0,0,0,0,0,9.266e-06,3.5115e-05,7.4623e-05,0.00012487,0.00018292,0.00024586,0.00031077,0.00037472,0.00043478,0.00048804,0.00053693,0.00058582,0.00063473,0.00068365,0.00073259,0.00078154,0.00083052,0.00087952,0.00092854,0.00097759,0.0010231,0.0010632,0.0011002,0.0011364,0.0011742,0.0012159,0.001264,0.0013206,0.0013883,0.0014693,0.0016245,0.0018991,0.0022721,0.0027225,0.0032291,0.003771,0.0043271,0.0048763,0.0053976,0.00587,0.0063503,0.0068917,0.0074682,0.0080536,0.0086218,0.0091465,0.0096015,0.0099608,0.010198,0.01045,0.010333,0.010417,0.010531,0.010644,0.011121,0.01157,0.011427,0.011989,0.011993,0.011622,0.011693,0.012012,0.012278,0.012567,0.013027,0.013008,0.013049,0.011976,0.008028,0.0089507,0.0093654,0.0091769,0.006052,0.006765,0.0052158,0.0063912,0.0063912
HUN,0,0,0,0,0,0,0,0,0,0,0,0,0,0,0,0,0,0,0,0,0,0,0,0,0,0,0,0,0,0,0,0,0,0,0,0,0,0,0,0,0,0,0,0,0,0,0,0,0,0,0,0,0,0,0,0,0,0,0,0,0,0,0,0,0,0,0,0,0,0,0,0,0,0,0,0,0,0,0,0,0,0,0,0,0,0,0,0,0,0,0,0,0,0,0,0,0,0,0,0,0,0,0,0,0,0,0,0,0,0,0,0,0,0,0,0,0,0,0,0,0,0.0002411,3.9749e-05,0.00060266,0.00037924,0.001044,0.001939,0.0026866,0.0036085,0.0053434,0.0063912,0.0061396,0.0067089,0.006138,0.0074318,0.0069974,0.0061464,0.007332,0.0085176,0.0097032,0.010889,0.012255,0.019223,0.031231,0.039092,0.052041,0.064128,0.079635,0.093642,0.075465,0.084044,0.082961,0.066709,0.078401,0.095705,0.094262,0.10694,0.11024,0.094543,0.084241,0.087337,0.074182,0.073676,0.093896,0.079975,0.11411,0.12596,0.1138
IDN,0,0,0,0,0,0,0,0,0,0,0,0,0,0,0,0,0,0,0,0,0,0,0,0,0,0,0,0,0,0,0,0,0,0,0,0,0,0,0,0,0,0,0,0,0,0,0,0,0,0,0,0,0,0,0,0,0,0,0,0,0,0,0,0,0,0,0,0,0,0,0,0,0,0,0,0,0,0,0,0,0,0,0,0,0,0,0,0,0,0,0,0,0,0,0,0,0,0,0,0,0,0,0,0,0,0,0,0,0,0,0,0,0,0,0,0,0,0,0,0,0,0.00271,0.004779,0.0076701,0.0095813,0.01424,0.036193,0.063552,0.096275,0.14608,0.2031,0.18368,0.17701,0.17679,0.20033,0.21629,0.2424,0.26245,0.27446,0.31806,0.33798,0.37949,0.38742,0.36189,0.33141,0.30447,0.29189,0.27187,0.25258,0.26763,0.013509,0.020442,0.041871,0.047196,0.018769,0.019324,0.014977,0.015822,0.015958,0.01638,0.016187,0,0,0,0,0,0,0
IND,0,0,0,0,0,0,0,0,0,0,0,0,0,0,0,0,0,0,0,0,0,0,0,0,0,0,0,0,0,0,0,0,0,0,0,0,0,0,0,0,0,0,0,0,0,0,0,0,0,0,0,0,0,0,0,0,0,0,0,0,0,0,0,0,0,0,0,0,0,0,0,0,0,0,0,0,0,0,0,0,0,0,0,0,0,0,0,0,0,0,0,4.6431e-06,1.7596e-05,3.7393e-05,6.2569e-05,9.166e-05,0.0001232,0.00015572,0.00018777,0.00021787,0.00024455,0.00026905,0.00029355,0.00031806,0.00034257,0.00036709,0.00039162,0.00041617,0.00044072,0.00046528,0.00048986,0.00051269,0.00053277,0.0005513,0.00056944,0.00058838,0.0006093,0.00063336,0.00066176,0.00069566,0.0006911,0.075664,0.13057,0.20501,0.2502,0.36201,0.51227,0.62841,0.73599,0.91453,1.0809,1.0644,1.1216,1.1697,1.486,1.7882,1.8154,1.8477,1.7655,1.8909,1.8308,1.8273,1.7441,1.5048,1.2974,1.0905,1.0858,1.0401,0.97509,1.0413,0.029223,0.033923,0.048288,0.047815,0.012329,0.012413,0.012491,0.012572,0.028611,0.029114,0.029006,0,0,0,0,0,0,0
IRL,0,0,0,0,0,0,0,0,0,0,0,0,0,0,0,0,0,0,0,0,0,0,0,0,0,0,0,0,0,0,0,0,0,0,0,0,0,0,0,0,0,0,0,0,0,0,0,0,0,0,0,0,0,0,0,0,0,0,0,0,0,0,0,0,0,0,0,0,0,0,0,0,0,0,0,0,0,0,0,0,0,0,0,0,0,0,0,0,0,0,0,1.6945e-05,6.4215e-05,0.00013646,0.00022834,0.00033451,0.00044962,0.00056831,0.00068525,0.0007951,0.00089249,0.00098188,0.0010713,0.0011607,0.0012502,0.0013397,0.0014292,0.0015188,0.0016084,0.001698,0.0017877,0.001871,0.0019443,0.0020119,0.0020782,0.0021473,0.0022236,0.0023114,0.0024151,0.0025388,0.0027111,0.0032766,0.0031904,0.003845,0.0038466,0.0047765,0.0059744,0.0071957,0.00862,0.010855,0.012587,0.013437,0.015179,0.015199,0.016988,0.017116,0.020631,0.024984,0.026834,0.028848,0.033879,0.038868,0.043857,0.052904,0.061951,0.079114,0.097463,0.12612,0.088736,0.064187,0.051757,0.064627,0.064482,0.10995,0.065342,0.096781,0.060206,0.062939,0.054688,0.039175,0.033093,0.045487,0.037413,0.043551,0.037406,0.044487,0.039297,0.039218
IRN,0,0,0,0,0,0,0,0,0,0,0,0,0,0,0,0,0,0,0,0,0,0,0,0,0,0,0,0,0,0,0,0,0,0,0,0,0,0,0,0,0,0,0,0,0,0,0,0,0,0,0,0,0,0,0,0,0,0,0,0,0,0,0,0,0,0,0,0,0,0,0,0,0,0,0,0,0,0,0,0,0,0,0,0,0,0,0,0,0,0,0,0,0,0,0,0,0,0,0,0,0,0,0,0,0,0,0,0,0,0,0,0,0,0,0,0,0,0,0,0,0,0.026387,0.050381,0.087674,0.11896,0.19246,0.1937,0.19995,0.20324,0.21988,0.22611,0.23072,0.25147,0.27106,0.35492,0.43974,0.48144,0.52627,0.53957,0.61956,0.75915,0.89793,0.83562,0.7418,0.61578,0.56306,0.53654,0.51559,0.53111,0.61448,0.11258,0.17035,0.34893,0.3933,0.15641,0.16104,0.12481,0.13185,0.13299,0.1365,0.13489,0.017758,0,0,0,0,0,0
IRQ,0,0,0,0,0,0,0,0,0,0,0,0,0,0,0,0,0,0,0,0,0,0,0,0,0,0,0,0,0,0,0,0,0,0,0,0,0,0,0,0,0,0,0,0,0,0,0,0,0,0,0,0,0,0,0,0,0,0,0,0,0,0,0,0,0,0,0,0,0,0,0,0,0,0,0,0,0,0,0,0,0,0,0,0,0,0,0,0,0,0,0,0,0,0,0,0,0,0,0,0,0,0,0,0,0,0,0,0,0,0,0,0,0,0,0,0,0,0,0,0,0,0.027738,0.053657,0.094516,0.12971,0.21207,0.24124,0.28285,0.32864,0.40973,0.49066,0.46533,0.47294,0.47676,0.58534,0.68161,0.60891,0.53083,0.41951,0.35177,0.24126,0.25044,0.25074,0.22673,0.20426,0.17995,0.17721,0.16387,0.14702,0.14893,0.14895,0.13931,0.1277,0.11382,0.099153,0.082079,0.087342,0.092195,0.097048,0.068534,0.060361,0.052187,0.044013,0.03584,0.027666,0.019492,0.011319,0.0031448
ISL,0,0,0,0,0,0,0,0,0,0,0,0,0,0,0,0,0,0,0,0,0,0,0,0,0,0,0,0,0,0,0,0,0,0,0,0,0,0,0,0,0,0,0,0,0,0,0,0,0,0,0,0,0,0,0,0,0,0,0,0,0,0,0,0,0,0,0,0,0,0,0,0,0,0,0,0,0,0,0,0,0,0,0,0,0,0,0,0,0,0,0,1.1148e-07,4.2245e-07,8.9776e-07,1.5022e-06,2.2007e-06,2.9579e-06,3.7388e-06,4.5081e-06,5.2307e-06,5.8715e-06,6.4596e-06,7.0478e-06,7.6362e-06,8.2247e-06,8.8135e-06,9.4025e-06,9.9917e-06,1.0581e-05,1.1171e-05,1.1761e-05,1.2309e-05,1.2791e-05,1.3236e-05,1.3672e-05,1.4126e-05,1.4629e-05,1.5206e-05,1.5888e-05,1.6702e-05,1.6593e-05,3.8099e-05,3.5159e-05,8.6381e-05,9.3758e-05,0.00019933,0.00037199,0.00057994,0.00086429,0.0013549,0.0018387,0.0018145,0.0018724,0.0017002,0.0017345,0.0015374,0.0014851,0.0014702,0.0013004,0.0011595,0.0010964,0.0012437,0.0012437,0.0012437,0.0012437,0.0012437,0.0012437,0.0012437,0.0012437,0.0012437,0.0013116,0.0013116,0.0013116,0.0013116,0.0013147,0.0025174,0.0025174,0.0028594,0.0030064,0.0030246,0.0046639,0.0030451,0.0053221,0.0032019,0.0022156,0.0015308,0.0012754,0.0023069
ISR,0,0,0,0,0,0,0,0,0,0,0,0,0,0,0,0,0,0,0,0,0,0,0,0,0,0,0,0,0,0,0,0,0,0,0,0,0,0,0,0,0,0,0,0,0,0,0,0,0,0,0,0,0,0,0,0,0,0,0,0,0,0,0,0,0,0,0,0,0,0,0,0,0,0,0,0,0,0,0,0,0,0,0,0,0,0,0,0,0,0,0,4.4795e-05,0.00016976,0.00036075,0.00060364,0.0008843,0.0011886,0.0015024,0.0018115,0.0021019,0.0023593,0.0025957,0.002832,0.0030685,0.003305,0.0035416,0.0037782,0.004015,0.0042519,0.0044889,0.004726,0.0049462,0.00514,0.0053187,0.0054937,0.0056765,0.0058782,0.0061104,0.0063844,0.0067115,0.01763,0.059815,0.082058,0.10725,0.10757,0.12091,0.12486,0.14189,0.14603,0.16699,0.15704,0.18772,0.19924,0.21594,0.27475,0.32229,0.37022,0.41583,0.54733,0.61691,0.60849,0.59491,0.58138,0.52546,0.46673,0.41486,0.37908,0.35076,0.51997,0.5281,0.61106,0.66528,0.53096,0.4049,0.29954,0.30197,0.32339,0.32561,0.34491,0.35153,0.36014,0.31598,0.303,0.29002,0.27704,0.26406,0.25108,0.2381
ITA,0,0,0,0,0,0,0,0,0,0,0,0,0,0,0,0,0,0,0,0,0,0,0,0,0,0,0,0,0,0,0,0,0,0,0,0,0,0,0,0,0,0,0,0,0,0,0,0,0,0,0,0,0,0,0,0,0,0,0,0,0,0,0,0,0,0,0,0,0,0,0,0,0,0,0,0,0,0,0,0,0,0,0,0,0,0,0,0,0,0,0,0.00019124,0.00072472,0.0015401,0.0025771,0.0037753,0.0050743,0.0064139,0.0077337,0.0089734,0.010073,0.011081,0.012091,0.0131,0.01411,0.01512,0.01613,0.017141,0.018152,0.019164,0.020176,0.021116,0.021944,0.022707,0.023454,0.024234,0.025095,0.026087,0.027256,0.028653,0.028426,0.043784,0.039881,0.059449,0.045498,0.071022,0.10085,0.12643,0.14776,0.18946,0.18495,0.20632,0.24538,0.24324,0.25294,0.28459,0.32271,0.36128,0.37708,0.39925,0.40835,0.4308,0.43263,0.44429,0.48752,0.67972,0.76172,0.81339,0.68856,0.46355,0.60431,0.85272,0.74072,0.54989,0.58455,0.55,0.57029,0.45266,0.49592,0.47203,0.39379,0.44136,0.44561,0.42188,0.35916,0.47225,0.39942,0.41749
JPN,0,0,0,0,0,0,0,0,0,0,0,0,0,0,0,0,0,0,0,0,0,0,0,0,0,0,0,0,0,0,0,0,0,0,0,0,0,0,0,0,0,0,0,0,0,0,0,0,0,0,0,0,0,0,0,0,0,0,0,0,0,0,0,0,0,0,0,0,0,0,0,0,0,0,0,0,0,0,0,0,0,0,0,0,0,0,0,0,0,0,0,0.0039754,0.015065,0.032016,0.053572,0.078479,0.10548,0.13333,0.16077,0.18654,0.20938,0.23036,0.25134,0.27232,0.29331,0.3143,0.33531,0.35632,0.37734,0.39837,0.41942,0.43896,0.45616,0.47202,0.48755,0.50377,0.52168,0.54228,0.5666,0.59562,0.62156,0.99321,0.97115,1.2858,1.1695,1.5953,3.9923,4.8067,5.7945,8.1281,8.7879,8.1775,9.002,8.118,10.2876,10.2003,10.5155,11.0467,10.7297,11.4781,12.8501,14.206,15.6358,15.702,15.02,16.4475,17.0222,14.5105,13.2241,9.1766,7.0314,6.066,5.7355,5.4063,5.2587,5.053,5.2289,4.7335,4.1772,2.4466,2.4239,2.2476,2.2345,2.1018,2.0651,2.1527,2.2374,2.1351
KAZ,0,0,0,0,0,0,0,0,0,0,0,0,0,0,0,0,0,0,0,0,0,0,0,0,0,0,0,0,0,0,0,0,0,0,0,0,0,0,0,0,0,0,0,0,0,0,0,0,0,0,0,0,0,0,0,0,0,0,0,0,0,0,0,0,0,0,0,0,0,0,0,0,0,0,0,0,0,0,0,0,0,0,0,0,0,0,0,0,0,0,0,2.6759e-07,1.0141e-06,2.155e-06,3.606e-06,5.2825e-06,7.1002e-06,8.9747e-06,1.0821e-05,1.2556e-05,1.4094e-05,1.5506e-05,1.6918e-05,1.833e-05,1.9743e-05,2.1156e-05,2.257e-05,2.3984e-05,2.5399e-05,2.6815e-05,2.8232e-05,2.9547e-05,3.0705e-05,3.1772e-05,3.2818e-05,3.3909e-05,3.5115e-05,3.6502e-05,3.8138e-05,4.0092e-05,4.2432e-05,4.6913e-05,5.4844e-05,6.5616e-05,7.8621e-05,9.3253e-05,0.0001089,0.00012496,0.00014082,0.00015588,0.00016952,0.00018339,0.00019902,0.00021567,0.00023258,0.00024899,0.00026414,0.00027728,0.00028765,0.00029451,0.00029709,0.00029724,0.00029736,0.00029743,0.00029748,0.00029753,0.00029757,0.00029763,0.00029772,0.00029785,0.00029802,0.00030081,0.00030786,0.00031784,7.2778e-06,0.0016535,0.0016875,0.0016951,0.0017153,0.0017348,0.0017348,0.0017494,0.0018266,0.0019253,0.0020089,0.0020129,0.0020617,0.0020969
KOR,0,0,0,0,0,0,0,0,0,0,0,0,0,0,0,0,0,0,0,0,0,0,0,0,0,0,0,0,0,0,0,0,0,0,0,0,0,0,0,0,0,0,0,0,0,0,0,0,0,0,0,0,0,0,0,0,0,0,0,0,0,0,0,0,0,0,0,0,0,0,0,0,0,0,0,0,0,0,0,0,0,0,0,0,0,0,0,0,0,0,0,6.896e-06,2.6134e-05,5.5537e-05,9.2929e-05,0.00013614,0.00018298,0.00023129,0.00027888,0.00032358,0.00036322,0.0003996,0.00043599,0.00047238,0.00050879,0.00054521,0.00058165,0.0006181,0.00065457,0.00069105,0.00072755,0.00076145,0.00079128,0.0008188,0.00084575,0.00087388,0.00090494,0.00094068,0.00098286,0.0010332,0.0010264,0.0037614,0.0067231,0.012209,0.017152,0.030089,0.048875,0.057961,0.066294,0.082279,0.090514,0.085178,0.089943,0.088071,0.11192,0.12664,0.13368,0.14341,0.14143,0.15759,0.16559,0.3173,0.35529,0.36798,0.86879,3.3307,2.1321,2.3103,1.305,3.1843,2.7428,2.8738,2.6577,3.572,4.1031,5.1488,5.0283,6.9742,7.1936,8.2313,11.2477,8.3111,7.4069,8.0904,8.9218,10.3675,10.8925,11.4176
KWT,0,0,0,0,0,0,0,0,0,0,0,0,0,0,0,0,0,0,0,0,0,0,0,0,0,0,0,0,0,0,0,0,0,0,0,0,0,0,0,0,0,0,0,0,0,0,0,0,0,0,0,0,0,0,0,0,0,0,0,0,0,0,0,0,0,0,0,0,0,0,0,0,0,0,0,0,0,0,0,0,0,0,0,0,0,0,0,0,0,0,0,0,0,0,0,0,0,0,0,0,0,0,0,0,0,0,0,0,0,0,0,0,0,0,0,0,0,0,0,0,0,0.024973,0.046524,0.07907,0.10487,0.16597,0.18875,0.22126,0.25702,0.32038,0.38359,0.35857,0.35899,0.35626,0.43031,0.4926,0.45404,0.41263,0.3456,0.31617,0.25085,0.33344,0.40509,0.42912,0.44179,0.43664,0.42478,0.38751,0.34248,0.34111,0.33475,0.34292,0.34989,0.35475,0.36239,0.36825,0.39187,0.41364,0.43541,0.37268,0.37153,0.37038,0.36922,0.36807,0.36692,0.36577,0.36462,0.36347
LBY,0,0,0,0,0,0,0,0,0,0,0,0,0,0,0,0,0,0,0,0,0,0,0,0,0,0,0,0,0,0,0,0,0,0,0,0,0,0,0,0,0,0,0,0,0,0,0,0,0,0,0,0,0,0,0,0,0,0,0,0,0,0,0,0,0,0,0,0,0,0,0,0,0,0,0,0,0,0,0,0,0,0,0,0,0,0,0,0,0,0,0,0,0,0,0,0,0,0,0,0,0,0,0,0,0,0,0,0,0,0,0,0,0,0,0,0,0,0,0,0,0,0.0081281,0.021191,0.046156,0.074486,0.1386,0.14225,0.1502,0.15675,0.17496,0.18679,0.16381,0.15258,0.13943,0.15306,0.15657,0.17897,0.20303,0.21502,0.25403,0.26936,0.25338,0.22808,0.18368,0.14566,0.11128,0.12484,0.13085,0.13257,0.15124,0.17004,0.18724,0.20525,0.22348,0.24512,0.26744,0.28459,0.3004,0.31622,0.31949,0.33446,0.34943,0.3644,0.37937,0.39433,0.4093,0.42427,0.43924
LIE,0,0,0,0,0,0,0,0,0,0,0,0,0,0,0,0,0,0,0,0,0,0,0,0,0,0,0,0,0,0,0,0,0,0,0,0,0,0,0,0,0,0,0,0,0,0,0,0,0,0,0,0,0,0,0,0,0,0,0,0,0,0,0,0,0,0,0,0,0,0,0,0,0,0,0,0,0,0,0,0,0,0,0,0,0,0,0,0,0,0,0,5.3591e-09,2.0309e-08,4.3159e-08,7.2218e-08,1.058e-07,1.422e-07,1.7974e-07,2.1672e-07,2.5146e-07,2.8227e-07,3.1054e-07,3.3882e-07,3.671e-07,3.954e-07,4.237e-07,4.5202e-07,4.8034e-07,5.0868e-07,5.3704e-07,5.654e-07,5.9175e-07,6.1493e-07,6.3631e-07,6.5726e-07,6.7912e-07,7.0326e-07,7.3104e-07,7.6381e-07,8.0294e-07,8.116e-07,1.044e-06,9.4372e-07,1.3212e-06,1.0756e-06,1.5821e-06,2.1402e-06,2.5625e-06,3.0994e-06,4.0598e-06,4.2927e-06,4.054e-06,4.3861e-06,4.111e-06,4.688e-06,4.9248e-06,5.2105e-06,5.4732e-06,5.2404e-06,5.4986e-06,8.4444e-06,7.4947e-06,7.1951e-06,6.53e-06,6.1392e-06,5.5649e-06,4.1092e-06,4.1003e-06,4.3984e-06,4.56e-06,8.7324e-05,0.0001653,0.0002435,0.00024806,0.00026288,0.00025513,5.6316e-05,0.000114,0.00034656,0.00013589,2.3484e-05,1.3452e-05,4.56e-07,0.00017465,0.00011605,3.7392e-05,1.4364e-05,4.5144e-05
LTU,0,0,0,0,0,0,0,0,0,0,0,0,0,0,0,0,0,0,0,0,0,0,0,0,0,0,0,0,0,0,0,0,0,0,0,0,0,0,0,0,0,0,0,0,0,0,0,0,0,0,0,0,0,0,0,0,0,0,0,0,0,0,0,0,0,0,0,0,0,0,0,0,0,0,0,0,0,0,0,0,0,0,0,0,0,0,0,0,0,0,0,4.1013e-08,1.5543e-07,3.303e-07,5.5268e-07,8.0965e-07,1.0882e-06,1.3755e-06,1.6586e-06,1.9244e-06,2.1602e-06,2.3765e-06,2.593e-06,2.8094e-06,3.026e-06,3.2426e-06,3.4593e-06,3.6761e-06,3.8929e-06,4.1099e-06,4.327e-06,4.5286e-06,4.706e-06,4.8697e-06,5.03e-06,5.1973e-06,5.382e-06,5.5946e-06,5.8454e-06,6.1449e-06,6.5034e-06,7.1903e-06,8.4059e-06,1.0057e-05,1.205e-05,1.4293e-05,1.6691e-05,1.9152e-05,2.1583e-05,2.3891e-05,2.5982e-05,2.8108e-05,3.0504e-05,3.3056e-05,3.5647e-05,3.8162e-05,4.0484e-05,4.2498e-05,4.4088e-05,4.5139e-05,4.5534e-05,4.5558e-05,4.5575e-05,4.5587e-05,4.5595e-05,4.56e-05,4.56e-05,7.752e-05,0.00050616,0.00053984,0.00072338,0.00065612,0.00074504,0.0023513,0.0011532,0.0016985,0.001536,0.0012475,0.0034749,0.0030513,0.0059941,0.0077437,0.0039924,0.0063226,0.005976,0.0052464,0.0045807,0.0077316
LUX,0,0,0,0,0,0,0,0,0,0,0,0,0,0,0,0,0,0,0,0,0,0,0,0,0,0,0,0,0,0,0,0,0,0,0,0,0,0,0,0,0,0,0,0,0,0,0,0,0,0,0,0,0,0,0,0,0,0,0,0,0,0,0,0,0,0,0,0,0,0,0,0,0,0,0,0,0,0,0,0,0,0,0,0,0,0,0,0,0,0,0,6.9038e-07,2.6163e-06,5.5599e-06,9.3034e-06,1.3629e-05,1.8319e-05,2.3155e-05,2.7919e-05,3.2394e-05,3.6362e-05,4.0004e-05,4.3647e-05,4.7291e-05,5.0936e-05,5.4583e-05,5.823e-05,6.1879e-05,6.553e-05,6.9183e-05,7.2837e-05,7.6231e-05,7.9217e-05,8.1972e-05,8.467e-05,8.7486e-05,9.0596e-05,9.4174e-05,9.8396e-05,0.00010344,0.00010947,0.00012104,0.0001415,0.00016929,0.00020284,0.00024059,0.00028096,0.0003224,0.00036332,0.00040216,0.00043736,0.00047314,0.00051348,0.00055643,0.00060005,0.00064238,0.00068147,0.00071538,0.00074215,0.00075983,0.00087621,0.00097551,0.0010785,0.0011854,0.0012963,0.0013895,0.0015576,0.0016971,0.001741,0.0018263,0.0019257,0.0025443,0.0031492,0.003732,0.0042824,0.0048533,0.0052699,0.005692,0.0060965,0.0064949,0.0068706,0.0073085,0.007683,0.008051,0.0084409,0.0088853,0.009233,0.0094086
LVA,0,0,0,0,0,0,0,0,0,0,0,0,0,0,0,0,0,0,0,0,0,0,0,0,0,0,0,0,0,0,0,0,0,0,0,0,0,0,0,0,0,0,0,0,0,0,0,0,0,0,0,0,0,0,0,0,0,0,0,0,0,0,0,0,0,0,0,0,0,0,0,0,0,0,0,0,0,0,0,0,0,0,0,0,0,0,0,0,0,0,0,1.5591e-07,5.9085e-07,1.2556e-06,2.101e-06,3.0779e-06,4.1369e-06,5.2291e-06,6.3051e-06,7.3157e-06,8.2118e-06,9.0344e-06,9.8571e-06,1.068e-05,1.1503e-05,1.2327e-05,1.315e-05,1.3974e-05,1.4799e-05,1.5624e-05,1.6449e-05,1.7215e-05,1.789e-05,1.8512e-05,1.9121e-05,1.9757e-05,2.046e-05,2.1268e-05,2.2221e-05,2.336e-05,2.4723e-05,2.7334e-05,3.1955e-05,3.8231e-05,4.5809e-05,5.4333e-05,6.3451e-05,7.2808e-05,8.2049e-05,9.0821e-05,9.877e-05,0.00010685,0.00011596,0.00012566,0.00013551,0.00014507,0.0001539,0.00016156,0.0001676,0.0001716,0.0001731,0.00017319,0.00017325,0.0001733,0.00017333,0.00017335,0.0001768,0.00036957,0.00051553,0.00070773,0.00088318,0.0013867,0.0026188,0.0027557,0.003252,0.0037779,0.0040706,0.0045502,0.0052332,0.0073282,0.0073512,0.0074695,0.0077769,0.0085032,0.0085779,0.010118,0.0098911,0.010321
MCO,0,0,0,0,0,0,0,0,0,0,0,0,0,0,0,0,0,0,0,0,0,0,0,0,0,0,0,0,0,0,0,0,0,0,0,0,0,0,0,0,0,0,0,0,0,0,0,0,0,0,0,0,0,0,0,0,0,0,0,0,0,0,0,0,0,0,0,0,0,0,0,0,0,0,0,0,0,0,0,0,0,0,0,0,0,0,0,0,0,0,0,2.1429e-08,8.1208e-08,1.7258e-07,2.8877e-07,4.2303e-07,5.6859e-07,7.187e-07,8.6659e-07,1.0055e-06,1.1287e-06,1.2417e-06,1.3548e-06,1.4679e-06,1.581e-06,1.6942e-06,1.8074e-06,1.9207e-06,2.034e-06,2.1474e-06,2.2608e-06,2.3661e-06,2.4588e-06,2.5444e-06,2.6281e-06,2.7155e-06,2.812e-06,2.9231e-06,3.0542e-06,3.2106e-06,3.4077e-06,7.7096e-06,4.86e-06,1.203e-05,7.9011e-06,1.6425e-05,2.7039e-05,4.0426e-05,4.8712e-05,7.0938e-05,7.9122e-05,7.6565e-05,9.182e-05,8.6405e-05,0.00010849,0.00011019,0.00011589,0.0001242,0.00013472,0.00013988,0.00021664,0.00021766,0.00022479,0.0002354,0.00023647,9.3792e-05,9.3926e-05,9.4017e-05,9.4045e-05,9.4117e-05,9.4145e-05,9.4172e-05,9.4209e-05,9.2639e-05,9.1112e-05,9.1078e-05,9.1269e-05,9.1379e-05,9.141e-05,9.1453e-05,9.1381e-05,9.144e-05,9.1506e-05,8.1199e-05,8.1589e-05,8.177e-05,0.00010659,0.00010679
MDA,0,0,0,0,0,0,0,0,0,0,0,0,0,0,0,0,0,0,0,0,0,0,0,0,0,0,0,0,0,0,0,0,0,0,0,0,0,0,0,0,0,0,0,0,0,0,0,0,0,0,0,0,0,0,0,0,0,0,0,0,0,0,0,0,0,0,0,0,0,0,0,0,0,0,0,0,0,0,0,0,0,0,0,0,0,0,0,0,0,0,0,3.9994e-09,1.5156e-08,3.2208e-08,5.3894e-08,7.8952e-08,1.0612e-07,1.3413e-07,1.6173e-07,1.8766e-07,2.1065e-07,2.3175e-07,2.5285e-07,2.7396e-07,2.9507e-07,3.162e-07,3.3733e-07,3.5847e-07,3.7961e-07,4.0077e-07,4.2194e-07,4.416e-07,4.589e-07,4.7486e-07,4.9049e-07,5.068e-07,5.2482e-07,5.4555e-07,5.7001e-07,5.9921e-07,6.3417e-07,7.0116e-07,8.1969e-07,9.8068e-07,1.1751e-06,1.3937e-06,1.6276e-06,1.8676e-06,2.1047e-06,2.3297e-06,2.5336e-06,2.7409e-06,2.9746e-06,3.2234e-06,3.4761e-06,3.7213e-06,3.9477e-06,4.1442e-06,4.2992e-06,4.4017e-06,4.4402e-06,4.4426e-06,4.4442e-06,4.4453e-06,4.4461e-06,4.4468e-06,4.4475e-06,4.4484e-06,4.4497e-06,4.4515e-06,4.4542e-06,4.4959e-06,4.6012e-06,4.56e-06,4.56e-06,4.56e-05,0.0002508,0.000342,0.0004104,0.0004332,0.0005244,0.0005472,0.0005928,0.0006384,0.00068711,0.00074123,0.00079536,0.00084948
MEX,0,0,0,0,0,0,0,0,0,0,0,0,0,0,0,0,0,0,0,0,0,0,0,0,0,0,0,0,0,0,0,0,0,0,0,0,0,0,0,0,0,0,0,0,0,0,0,0,0,0,0,0,0,0,0,0,0,0,0,0,0,0,0,0,0,0,0,0,0,0,0,0,0,0,0,0,0,0,0,0,0,0,0,0,0,0,0,0,0,0,0,1.8592e-06,7.0458e-06,1.4973e-05,2.5054e-05,3.6703e-05,4.9332e-05,6.2356e-05,7.5187e-05,8.7239e-05,9.7925e-05,0.00010773,0.00011754,0.00012736,0.00013717,0.00014699,0.00015682,0.00016664,0.00017647,0.00018631,0.00019615,0.00020529,0.00021333,0.00022075,0.00022802,0.0002356,0.00024398,0.00025361,0.00026498,0.00027856,0.00035533,0.00069244,0.00065807,0.0010333,0.0009551,0.0014576,0.0021543,0.0028778,0.0037575,0.004991,0.0058195,0.010595,0.011296,0.011304,0.011597,0.011968,0.015005,0.018341,0.02098,0.02403,0.03092,0.033425,0.037749,0.041483,0.044654,0.046785,0.055032,0.057488,0.059354,0.062122,0.066765,0.077555,0.089412,0.10149,0.11158,0.1174,0.12021,0.13512,0.13793,0.13894,0.15071,0.15775,0.16298,0.18287,0.2428,0.18626,0.21171,0.22057
MLT,0,0,0,0,0,0,0,0,0,0,0,0,0,0,0,0,0,0,0,0,0,0,0,0,0,0,0,0,0,0,0,0,0,0,0,0,0,0,0,0,0,0,0,0,0,0,0,0,0,0,0,0,0,0,0,0,0,0,0,0,0,0,0,0,0,0,0,0,0,0,0,0,0,0,0,0,0,0,0,0,0,0,0,0,0,0,0,0,0,0,0,9.559e-09,3.6225e-08,7.6982e-08,1.2881e-07,1.8871e-07,2.5364e-07,3.206e-07,3.8657e-07,4.4853e-07,5.0347e-07,5.539e-07,6.0434e-07,6.548e-07,7.0527e-07,7.5575e-07,8.0626e-07,8.5678e-07,9.0733e-07,9.579e-07,1.0085e-06,1.0555e-06,1.0968e-06,1.135e-06,1.1723e-06,1.2113e-06,1.2544e-06,1.3039e-06,1.3624e-06,1.4322e-06,1.5158e-06,1.6759e-06,1.9592e-06,2.344e-06,2.8086e-06,3.3312e-06,3.8902e-06,4.4639e-06,5.0305e-06,5.5683e-06,6.0556e-06,6.551e-06,7.1096e-06,7.7044e-06,8.3083e-06,8.8944e-06,9.4356e-06,9.9051e-06,1.0276e-05,1.0521e-05,1.0625e-05,1.0625e-05,0.001427,0.001427,0.0014314,0.0014363,0.0014473,0.0014473,0.0014653,0.0014653,0.0014691,0.0014897,0.0014956,0.0020616,0.0015438,0.0015646,0.0016659,0.001674,0.0018403,0.0015881,0.001786,0.0046855,0.00054271,0.002768,0.00067586,0.00028028,0.00013778,0.00098822
MNE,0,0,0,0,0,0,0,0,0,0,0,0,0,0,0,0,0,0,0,0,0,0,0,0,0,0,0,0,0,0,0,0,0,0,0,0,0,0,0,0,0,0,0,0,0,0,0,0,0,0,0,0,0,0,0,0,0,0,0,0,0,0,0,0,0,0,0,0,0,0,0,0,0,0,0,0,0,0,0,0,0,0,0,0,0,0,0,0,0,0,0,6.6946e-07,2.537e-06,5.3914e-06,9.0214e-06,1.3216e-05,1.7763e-05,2.2453e-05,2.7073e-05,3.1413e-05,3.526e-05,3.8792e-05,4.2325e-05,4.5858e-05,4.9393e-05,5.2928e-05,5.6466e-05,6.0004e-05,6.3544e-05,6.7086e-05,7.063e-05,7.3921e-05,7.6817e-05,7.9488e-05,8.2104e-05,8.4835e-05,8.785e-05,9.132e-05,9.5414e-05,0.0001003,0.00010616,0.00011737,0.00013721,0.00016416,0.0001967,0.0002333,0.00027245,0.00031263,0.00035231,0.00038997,0.0004241,0.0004588,0.00049792,0.00053957,0.00058186,0.00062291,0.00066082,0.0006937,0.00071965,0.0007368,0.0007441,0.0007441,0.0007441,0.0007441,0.0007441,0.0007441,0.0007441,0.0007441,0.00080134,0.00080134,0.00087766,0.00087766,0.00092536,0.0010971,0.0012688,0.0013642,0.0014214,0.0014214,0.00145,0.0014691,0.0014787,0.0015264,0.0019079,0.0020892,0.0021274,0.0017935,0.0021037,0.0021816
MYS,0,0,0,0,0,0,0,0,0,0,0,0,0,0,0,0,0,0,0,0,0,0,0,0,0,0,0,0,0,0,0,0,0,0,0,0,0,0,0,0,0,0,0,0,0,0,0,0,0,0,0,0,0,0,0,0,0,0,0,0,0,0,0,0,0,0,0,0,0,0,0,0,0,0,0,0,0,0,0,0,0,0,0,0,0,0,0,0,0,0,0,6.5591e-08,2.4857e-07,5.2823e-07,8.8389e-07,1.2948e-06,1.7404e-06,2.1999e-06,2.6525e-06,3.0777e-06,3.4547e-06,3.8007e-06,4.1468e-06,4.493e-06,4.8393e-06,5.1858e-06,5.5323e-06,5.879e-06,6.2258e-06,6.5729e-06,6.9201e-06,7.2425e-06,7.5262e-06,7.7879e-06,8.0443e-06,8.3118e-06,8.6073e-06,8.9472e-06,9.3484e-06,9.8273e-06,9.7628e-06,0.0031625,0.0062593,0.011262,0.015758,0.026223,0.036558,0.044181,0.05098,0.062424,0.072713,0.066434,0.064769,0.062285,0.072694,0.080008,0.08859,0.097814,0.10117,0.11709,0.12194,0.14322,0.15963,0.15865,0.15553,0.14786,0.13458,0.11658,0.097624,0.093468,0.005928,0.001824,0.00228,0.00228,0.002736,0.01482,0.00912,0.0072732,0.0072732,0.0096444,0.011218,0.013224,0,0,0,0,0,0
NGA,0,0,0,0,0,0,0,0,0,0,0,0,0,0,0,0,0,0,0,0,0,0,0,0,0,0,0,0,0,0,0,0,0,0,0,0,0,0,0,0,0,0,0,0,0,0,0,0,0,0,0,0,0,0,0,0,0,0,0,0,0,0,0,0,0,0,0,0,0,0,0,0,0,0,0,0,0,0,0,0,0,0,0,0,0,0,0,0,0,0,0,0,0,0,0,0,0,0,0,0,0,0,0,0,0,0,0,0,0,0,0,0,0,0,0,0,0,0,0,0,0,0.00053566,0.00049295,0.0021752,0.0027027,0.0055334,0.0095189,0.013721,0.018414,0.025145,0.030397,0.062294,0.069079,0.073629,0.082453,0.088747,0.11158,0.13779,0.16409,0.19452,0.23075,0.15286,0.12211,0.088078,0.058557,0.031356,0.054124,0.073666,0.10514,0.13883,0.1744,0.19767,0.22239,0.24857,0.27978,0.31156,0.33284,0.35287,0.3729,0.40458,0.43053,0.45648,0.48243,0.50838,0.53433,0.56028,0.58623,0.61218
NLD,0,0,0,0,0,0,0,0,0,0,0,0,0,0,0,0,0,0,0,0,0,0,0,0,0,0,0,0,0,0,0,0,0,0,0,0,0,0,0,0,0,0,0,0,0,0,0,0,0,0,0,0,0,0,0,0,0,0,0,0,0,0,0,0,0,0,0,0,0,0,0,0,0,0,0,0,0,0,0,0,0,0,0,0,0,0,0,0,0,0,0,3.698e-05,0.00014014,0.00029781,0.00049833,0.00073003,0.00098123,0.0012403,0.0014955,0.0017352,0.0019477,0.0021428,0.002338,0.0025332,0.0027284,0.0029237,0.0031191,0.0033146,0.0035101,0.0037058,0.0039015,0.0040833,0.0042433,0.0043908,0.0045353,0.0046862,0.0048527,0.0050444,0.0052706,0.0055406,0.006164,0.01297,0.0083058,0.019524,0.014051,0.026325,0.04128,0.051551,0.063092,0.086672,0.094194,0.089969,0.10511,0.097368,0.12952,0.1267,0.13859,0.16142,0.16066,0.17351,0.2067,0.12572,0.13404,0.14024,0.17946,0.26097,0.27102,0.29904,0.27645,0.26621,0.25878,0.2749,0.22497,0.19747,0.21945,0.20372,0.16977,0.1565,0.15645,0.14558,0.15379,0.12517,0.1725,0.11986,0.13386,0.13949,0.13416,0.12638
NONANNEXI,0,0,0,0,0,0,0,0,0,0,0,0,0,0,0,0,0,0,0,0,0,0,0,0,0,0,0,0,0,0,0,0,0,0,0,0,0,0,0,0,0,0,0,0,0,0,0,0,0,0,0,0,0,0,0,0,0,0,0,0,0,0,0,0,0,0,0,0,0,0,0,0,0,0,0,0,0,0,0,0,0,0,0,0,0,0,0,0,0,0,0,0.00011251,0.00042638,0.00090609,0.0015162,0.0022211,0.0029854,0.0037735,0.00455,0.0052793,0.0059259,0.0065195,0.0071132,0.0077071,0.0083011,0.0088953,0.0094897,0.010084,0.010679,0.011275,0.01187,0.012423,0.01291,0.013359,0.013799,0.014258,0.014764,0.015348,0.016036,0.016857,0.028475,0.32791,0.57035,0.95792,1.2439,1.9506,2.4896,3.084,3.534,4.3948,5.1251,5.1951,5.3315,5.5099,6.5993,7.8159,8.3105,8.8048,8.9163,9.6272,9.9618,10.5693,10.6853,9.8957,9.5633,11.4364,10.5142,10.3776,9.1692,12.6127,10.7987,11.6904,13.4234,16.1316,16.418,18.3433,19.2352,22.272,23.0312,23.9678,27.5579,25.622,25.5007,27.1013,28.97,31.0579,32.438,33.7372
NOR,0,0,0,0,0,0,0,0,0,0,0,0,0,0,0,0,0,0,0,0,0,0,0,0,0,0,0,0,0,0,0,0,0,0,0,0,0,0,0,0,0,0,0,0,0,0,0,0,0,0,0,0,0,0,0,0,0,0,0,0,0,0,0,0,0,0,0,0,0,0,0,0,0,0,0,0,0,0,0,0,0,0,0,0,0,0,0,0,0,0,0,0.00025742,0.00097552,0.0020731,0.0034689,0.0050817,0.0068303,0.0086335,0.01041,0.012079,0.013558,0.014916,0.016275,0.017633,0.018992,0.020352,0.021712,0.023073,0.024434,0.025796,0.027158,0.028424,0.029537,0.030564,0.03157,0.03262,0.03378,0.035114,0.036688,0.038568,0.049186,0.048925,0.044636,0.07556,0.067169,0.092039,0.12139,0.16281,0.1813,0.26035,0.20256,0.45527,0.602,0.52217,0.79085,1.0125,1.1901,1.3763,1.8453,2.1026,2.0985,1.9835,0.67258,0.70376,0.83757,0.57982,0.54768,0.55317,0.69329,0.83374,0.89141,0.75479,0.22734,0.21654,0.26215,0.29612,0.20041,0.070455,0.059759,0.05565,0.06859,0.054255,0.053545,0.056282,0.050066,0.069794,0.06364,0.058832
NZL,0,0,0,0,0,0,0,0,0,0,0,0,0,0,0,0,0,0,0,0,0,0,0,0,0,0,0,0,0,0,0,0,0,0,0,0,0,0,0,0,0,0,0,0,0,0,0,0,0,0,0,0,0,0,0,0,0,0,0,0,0,0,0,0,0,0,0,0,0,0,0,0,0,0,0,0,0,0,0,0,0,0,0,0,0,0,0,0,0,0,0,1.7385e-05,6.5884e-05,0.00014001,0.00023428,0.00034321,0.0004613,0.00058309,0.00070307,0.00081576,0.00091569,0.0010074,0.0010991,0.0011909,0.0012827,0.0013745,0.0014664,0.0015583,0.0016502,0.0017422,0.0018342,0.0019197,0.0019949,0.0020642,0.0021322,0.0022031,0.0022814,0.0023715,0.0024779,0.0026048,0.0024709,0.0037004,0.0035327,0.0049678,0.0036225,0.0061777,0.0085174,0.010384,0.012836,0.016101,0.016283,0.016968,0.018324,0.01935,0.018006,0.022632,0.026191,0.02683,0.026514,0.026591,0.019973,0.020862,0.021905,0.022693,0.02343,0.024416,0.024647,0.025585,0.024857,0.024565,0.019564,0.020037,0.023317,0.025187,0.028916,0.025132,0.021046,0.019875,0.019341,0.022536,0.022838,0.018921,0.021382,0.01875,0.016952,0.016677,0.017556,0.014998
PAK,0,0,0,0,0,0,0,0,0,0,0,0,0,0,0,0,0,0,0,0,0,0,0,0,0,0,0,0,0,0,0,0,0,0,0,0,0,0,0,0,0,0,0,0,0,0,0,0,0,0,0,0,0,0,0,0,0,0,0,0,0,0,0,0,0,0,0,0,0,0,0,0,0,0,0,0,0,0,0,0,0,0,0,0,0,0,0,0,0,0,0,0,0,0,0,0,0,0,0,0,0,0,0,0,0,0,0,0,0,0,0,0,0,0,0,0,0,0,0,0,0,0.0085764,0.014909,0.023548,0.028888,0.042059,0.06477,0.085707,0.1075,0.14221,0.17801,0.16923,0.17219,0.1734,0.21276,0.24729,0.2636,0.28113,0.28165,0.31655,0.32084,0.29458,0.25731,0.19942,0.15045,0.10741,0.10785,0.10376,0.097275,0.10397,0.11039,0.1362,0.16385,0.19266,0.22573,0.26055,0.27468,0.28775,0.0053194,0.0054598,0.0053957,0.1322,0.13139,0.13057,0.12976,0.12894,0.12813,0.12731
PHL,0,0,0,0,0,0,0,0,0,0,0,0,0,0,0,0,0,0,0,0,0,0,0,0,0,0,0,0,0,0,0,0,0,0,0,0,0,0,0,0,0,0,0,0,0,0,0,0,0,0,0,0,0,0,0,0,0,0,0,0,0,0,0,0,0,0,0,0,0,0,0,0,0,0,0,0,0,0,0,0,0,0,0,0,0,0,0,0,0,0,0,0,0,0,0,0,0,0,0,0,0,0,0,0,0,0,0,0,0,0,0,0,0,0,0,0,0,0,0,0,0,0.031889,0.057035,0.092955,0.11808,0.17875,0.23359,0.26334,0.28193,0.31825,0.33919,0.28999,0.26097,0.22735,0.234,0.21794,0.20897,0.19926,0.17719,0.1752,0.15448,0.22516,0.28873,0.31688,0.33459,0.33702,0.31011,0.27209,0.23129,0.22265,0.21119,0.23537,0.26083,0.28655,0.31705,0.34844,0.36733,0.38482,0.40231,0.3525,0.35888,0.36527,0.37165,0.37803,0.38441,0.39079,0.39718,0.40356
POL,0,0,0,0,0,0,0,0,0,0,0,0,0,0,0,0,0,0,0,0,0,0,0,0,0,0,0,0,0,0,0,0,0,0,0,0,0,0,0,0,0,0,0,0,0,0,0,0,0,0,0,0,0,0,0,0,0,0,0,0,0,0,0,0,0,0,0,0,0,0,0,0,0,0,0,0,0,0,0,0,0,0,0,0,0,0,0,0,0,0,0,4.8272e-06,1.8293e-05,3.8875e-05,6.505e-05,9.5294e-05,0.00012808,0.0001619,0.00019521,0.0002265,0.00025425,0.00027971,0.00030519,0.00033066,0.00035615,0.00038165,0.00040715,0.00043266,0.00045819,0.00048373,0.00050928,0.00053301,0.00055389,0.00057315,0.00059202,0.00061171,0.00063345,0.00065847,0.00068799,0.00072324,0.0010267,0.0016107,0.0013963,0.0023763,0.0023746,0.0039012,0.0053356,0.0061848,0.0066785,0.0069979,0.0057844,0.0084725,0.012289,0.015066,0.020277,0.023687,0.022179,0.021035,0.017837,0.014807,0.013083,0.015022,0.020903,0.020185,0.013265,0.029122,0.023798,0.02291,0.023938,0.023502,0.023067,0.022858,0.023285,0.020716,0.022357,0.026801,0.033202,0.031159,0.032871,0.037603,0.035369,0.039021,0.041922,0.047537,0.052786,0.077026,0.078376,0.082434
PRT,0,0,0,0,0,0,0,0,0,0,0,0,0,0,0,0,0,0,0,0,0,0,0,0,0,0,0,0,0,0,0,0,0,0,0,0,0,0,0,0,0,0,0,0,0,0,0,0,0,0,0,0,0,0,0,0,0,0,0,0,0,0,0,0,0,0,0,0,0,0,0,0,0,0,0,0,0,0,0,0,0,0,0,0,0,0,0,0,0,0,0,5.2966e-06,2.0072e-05,4.2656e-05,7.1376e-05,0.00010456,0.00014054,0.00017764,0.0002142,0.00024853,0.00027897,0.00030692,0.00033487,0.00036282,0.00039079,0.00041876,0.00044675,0.00047474,0.00050275,0.00053077,0.00055881,0.00058485,0.00060776,0.00062889,0.00064959,0.0006712,0.00069506,0.00072251,0.0007549,0.00079358,0.00074496,0.0010824,0.001067,0.0014164,0.0010514,0.0017422,0.0023846,0.0029435,0.0037023,0.0047701,0.0050553,0.0050615,0.0052685,0.0052624,0.0044807,0.0054565,0.0074996,0.00885,0.0096992,0.010592,0.012368,0.011857,0.013769,0.01253,0.013461,0.013931,0.014399,0.015459,0.01583,0.016528,0.016613,0.017866,0.018157,0.021637,0.026536,0.026633,0.028439,0.03138,0.030356,0.033144,0.034694,0.028969,0.030468,0.030942,0.025777,0.023149,0.023486,0.025246
ROU,0,0,0,0,0,0,0,0,0,0,0,0,0,0,0,0,0,0,0,0,0,0,0,0,0,0,0,0,0,0,0,0,0,0,0,0,0,0,0,0,0,0,0,0,0,0,0,0,0,0,0,0,0,0,0,0,0,0,0,0,0,0,0,0,0,0,0,0,0,0,0,0,0,0,0,0,0,0,0,0,0,0,0,0,0,0,0,0,0,0,0,2.1272e-06,8.0612e-06,1.7131e-05,2.8665e-05,4.1993e-05,5.6442e-05,7.1343e-05,8.6023e-05,9.9812e-05,0.00011204,0.00012326,0.00013448,0.00014571,0.00015694,0.00016818,0.00017942,0.00019066,0.00020191,0.00021316,0.00022442,0.00023488,0.00024408,0.00025257,0.00026088,0.00026956,0.00027914,0.00029016,0.00030317,0.00031871,0.00032356,0.00033016,0.0003369,0.00034378,0.00035079,0.00035795,0.00036525,0.00037271,0.00038032,0.00038808,0.000396,0.00040408,0.00041233,0.00042074,0.00042933,0.00043809,0.00044703,0.00045615,0.00046547,0.00047496,0.00047496,0.00052051,0.00048563,0.00052106,0.00073689,0.0009762,0.0015406,0.0014087,0.0015145,0.001705,0.0086839,0.014333,0.012097,0.010543,0.014097,0.015668,0.024131,0.029882,0.033831,0.047033,0.060705,0.047832,0.050757,0.057203,0.051781,0.052212,0.049805,0.054193
RUS,0,0,0,0,0,0,0,0,0,0,0,0,0,0,0,0,0,0,0,0,0,0,0,0,0,0,0,0,0,0,0,0,0,0,0,0,0,0,0,0,0,0,0,0,0,0,0,0,0,0,0,0,0,0,0,0,0,0,0,0,0,0,0,0,0,0,0,0,0,0,0,0,0,0,0,0,0,0,0,0,0,0,0,0,0,0,0,0,0,0,0,9.3356e-06,3.5379e-05,7.5184e-05,0.0001258,0.0001843,0.00024771,0.00031311,0.00037754,0.00043805,0.00049171,0.00054096,0.00059022,0.0006395,0.00068879,0.00073809,0.00078742,0.00083676,0.00088613,0.00093552,0.00098494,0.0010308,0.0010712,0.0011085,0.0011449,0.001183,0.0012251,0.0012735,0.0013306,0.0013987,0.0013896,0.005647,0.019137,0.059018,0.051295,0.078603,0.086886,0.065657,0.05251,0.069376,0.069068,0.054933,0.18356,0.16918,0.22234,0.24075,0.34055,0.56449,0.85211,1.1205,1.3905,1.286,0.5819,0.40665,0.3424,0.6428,1.2522,1.2529,1.0573,0.90329,0.92009,1.0851,1.1571,1.3132,1.4442,1.5458,1.5683,1.6007,1.1376,1.0688,0.98711,0.81626,5.5647,5.2374,1.1722,1.1396,1.027,1.3002
SAU,0,0,0,0,0,0,0,0,0,0,0,0,0,0,0,0,0,0,0,0,0,0,0,0,0,0,0,0,0,0,0,0,0,0,0,0,0,0,0,0,0,0,0,0,0,0,0,0,0,0,0,0,0,0,0,0,0,0,0,0,0,0,0,0,0,0,0,0,0,0,0,0,0,0,0,0,0,0,0,0,0,0,0,0,0,0,0,0,0,0,0,0,0,0,0,0,0,0,0,0,0,0,0,0,0,0,0,0,0,0,0,0,0,0,0,0,0,0,0,0,0,0.0085427,0.019471,0.039054,0.059598,0.1065,0.15796,0.22484,0.30366,0.42748,0.56618,0.51214,0.49465,0.47188,0.54563,0.59505,0.63062,0.66886,0.66682,0.74594,0.77632,0.77226,0.70625,0.58805,0.47726,0.38847,0.39175,0.37907,0.36653,0.40079,0.022515,0.034071,0.069786,0.078661,0.031281,0.032207,0.024963,0.02637,0.026597,0.027299,0.026979,0,0,0,0,0,0,0
SGP,0,0,0,0,0,0,0,0,0,0,0,0,0,0,0,0,0,0,0,0,0,0,0,0,0,0,0,0,0,0,0,0,0,0,0,0,0,0,0,0,0,0,0,0,0,0,0,0,0,0,0,0,0,0,0,0,0,0,0,0,0,0,0,0,0,0,0,0,0,0,0,0,0,0,0,0,0,0,0,0,0,0,0,0,0,0,0,0,0,0,0,3.2444e-06,1.2295e-05,2.6129e-05,4.3721e-05,6.4048e-05,8.6087e-05,0.00010881,0.00013121,0.00015224,0.00017088,0.000188,0.00020512,0.00022224,0.00023937,0.00025651,0.00027365,0.0002908,0.00030796,0.00032512,0.0003423,0.00035824,0.00037228,0.00038522,0.0003979,0.00041114,0.00042575,0.00044257,0.00046241,0.0004861,0.00048291,0.0050273,0.0092926,0.015963,0.02177,0.035298,0.04927,0.059786,0.069326,0.085386,0.10001,0.09357,0.093571,0.092455,0.11102,0.12646,0.12913,0.13274,0.12806,0.13749,0.16019,0.19746,0.19046,0.17698,0.15498,0.14845,0.13377,0.12238,0.12098,0.13757,0.080172,0.1205,0.15125,0.18529,0.11667,0.09735,0.1073,0.10661,0.10448,0.083089,0.082283,0.083749,0.085215,0.081708,0.078067,0.074426,0.070786,0.067145
SMR,0,0,0,0,0,0,0,0,0,0,0,0,0,0,0,0,0,0,0,0,0,0,0,0,0,0,0,0,0,0,0,0,0,0,0,0,0,0,0,0,0,0,0,0,0,0,0,0,0,0,0,0,0,0,0,0,0,0,0,0,0,0,0,0,0,0,0,0,0,0,0,0,0,0,0,0,0,0,0,0,0,0,0,0,0,0,0,0,0,0,0,1.4256e-07,5.4025e-07,1.1481e-06,1.9211e-06,2.8143e-06,3.7827e-06,4.7813e-06,5.7651e-06,6.6892e-06,7.5086e-06,8.2607e-06,9.0129e-06,9.7654e-06,1.0518e-05,1.1271e-05,1.2024e-05,1.2778e-05,1.3532e-05,1.4286e-05,1.504e-05,1.5741e-05,1.6358e-05,1.6927e-05,1.7484e-05,1.8065e-05,1.8707e-05,1.9446e-05,2.0318e-05,2.1359e-05,2.1087e-05,3.2534e-05,2.9576e-05,4.395e-05,3.3594e-05,5.2608e-05,7.5255e-05,9.5427e-05,0.0001131,0.00014711,0.00014543,0.00016409,0.00019716,0.00019739,0.00020716,0.0002354,0.00026968,0.00030503,0.00032181,0.00034465,0.00035692,0.00034652,0.00035532,0.0003176,0.00034891,0.00038478,0.00042121,0.00045155,0.00046694,0.00040411,0.00041825,0.00048595,0.00045633,0.00034753,0.0003122,0.00030296,0.00033063,0.00034436,0.0003421,0.00036104,0.00038122,0.00031816,0.00030938,0.0003006,0.00029181,0.00028303,0.00027425,0.00026547
SVK,0,0,0,0,0,0,0,0,0,0,0,0,0,0,0,0,0,0,0,0,0,0,0,0,0,0,0,0,0,0,0,0,0,0,0,0,0,0,0,0,0,0,0,0,0,0,0,0,0,0,0,0,0,0,0,0,0,0,0,0,0,0,0,0,0,0,0,0,0,0,0,0,0,0,0,0,0,0,0,0,0,0,0,0,0,0,0,0,0,0,0,5.2513e-08,1.9901e-07,4.2291e-07,7.0765e-07,1.0367e-06,1.3934e-06,1.7612e-06,2.1236e-06,2.464e-06,2.7659e-06,3.0429e-06,3.32e-06,3.5972e-06,3.8744e-06,4.1518e-06,4.4292e-06,4.7068e-06,4.9845e-06,5.2623e-06,5.5403e-06,5.7984e-06,6.0256e-06,6.2351e-06,6.4403e-06,6.6545e-06,6.8911e-06,7.1633e-06,7.4844e-06,7.8679e-06,8.3269e-06,9.2064e-06,1.0763e-05,1.2877e-05,1.5429e-05,1.83e-05,2.1371e-05,2.4523e-05,2.7635e-05,3.059e-05,3.3267e-05,3.5989e-05,3.9057e-05,4.2324e-05,4.5642e-05,4.8862e-05,5.1835e-05,5.4414e-05,5.645e-05,5.7796e-05,5.8368e-05,3.5112e-05,4.2636e-05,8.9832e-05,0.017624,0.010155,0.011164,0.011473,0.012648,0.012643,0.013044,0.013331,0.01478,0.015055,0.015433,0.016384,0.01671,0.017395,0.018851,0.019511,0.019624,0.020802,0.021244,0.022303,0.014168,0.014314,0.0058182,0.0070829
SVN,0,0,0,0,0,0,0,0,0,0,0,0,0,0,0,0,0,0,0,0,0,0,0,0,0,0,0,0,0,0,0,0,0,0,0,0,0,0,0,0,0,0,0,0,0,0,0,0,0,0,0,0,0,0,0,0,0,0,0,0,0,0,0,0,0,0,0,0,0,0,0,0,0,0,0,0,0,0,0,0,0,0,0,0,0,0,0,0,0,0,0,4.6489e-05,0.00017618,0.00037439,0.00062647,0.00091775,0.0012335,0.0015592,0.00188,0.0021814,0.0024486,0.0026938,0.0029392,0.0031845,0.00343,0.0036755,0.0039211,0.0041669,0.0044127,0.0046586,0.0049047,0.0051333,0.0053344,0.0055199,0.0057015,0.0058912,0.0061006,0.0063415,0.0066259,0.0069653,0.0070714,0.0072157,0.007363,0.0075132,0.0076666,0.0078231,0.0079826,0.0081456,0.0083119,0.0084814,0.0086545,0.0088312,0.0090114,0.0091953,0.009383,0.0095745,0.0097698,0.0097698,0.0097698,0.010937,0.0098291,0.0096444,0.0096672,0.01054,0.010837,0.012132,0.012877,0.013254,0.01277,0.015365,0.015014,0.015367,0.016537,0.017091,0.017469,0.017996,0.017934,0.01751,0.019371,0.017165,0.017987,0.018151,0.016338,0.017162,0.017189,0.017493,0.017436,0.015812
SWE,0,0,0,0,0,0,0,0,0,0,0,0,0,0,0,0,0,0,0,0,0,0,0,0,0,0,0,0,0,0,0,0,0,0,0,0,0,0,0,0,0,0,0,0,0,0,0,0,0,0,0,0,0,0,0,0,0,0,0,0,0,0,0,0,0,0,0,0,0,0,0,0,0,0,0,0,0,0,0,0,0,0,0,0,0,0,0,0,0,0,0,9.2665e-05,0.00035117,0.00074627,0.0012487,0.0018293,0.0024588,0.0031079,0.0037474,0.0043481,0.0048807,0.0053695,0.0058585,0.0063476,0.0068369,0.0073263,0.0078159,0.0083056,0.0087957,0.0092859,0.0097764,0.010232,0.010633,0.011003,0.011365,0.011743,0.01216,0.01264,0.013207,0.013884,0.013364,0.020878,0.01796,0.028871,0.020108,0.036165,0.052633,0.065195,0.081599,0.10851,0.11506,0.12038,0.1397,0.14657,0.16767,0.19439,0.18608,0.16948,0.14147,0.12351,0.10173,0.10269,0.10258,0.099347,0.10637,0.13519,0.11688,0.15959,0.11122,0.12121,0.11878,0.12278,0.1196,0.085129,0.094689,0.15159,0.11264,0.13738,0.072853,0.070012,0.063456,0.055439,0.053131,0.042058,0.045879,0.053136,0.057463,0.047087
THA,0,0,0,0,0,0,0,0,0,0,0,0,0,0,0,0,0,0,0,0,0,0,0,0,0,0,0,0,0,0,0,0,0,0,0,0,0,0,0,0,0,0,0,0,0,0,0,0,0,0,0,0,0,0,0,0,0,0,0,0,0,0,0,0,0,0,0,0,0,0,0,0,0,0,0,0,0,0,0,0,0,0,0,0,0,0,0,0,0,0,0,0,0,0,0,0,0,0,0,0,0,0,0,0,0,0,0,0,0,0,0,0,0,0,0,0,0,0,0,0,0,0.020696,0.042971,0.080433,0.11636,0.19929,0.26989,0.3165,0.35403,0.41975,0.47287,0.46611,0.49166,0.51323,0.65269,0.78617,0.90063,1.0237,1.0857,1.2844,1.3637,1.375,1.3367,1.1733,1.026,0.87719,0.78257,0.66172,0.53778,0.48954,0.43225,0.53879,0.65307,0.77234,0.90901,1.053,1.1101,1.163,1.2158,1.0476,1.0767,1.1058,1.1349,1.164,1.1931,1.2221,1.2512,1.2803
TUR,0,0,0,0,0,0,0,0,0,0,0,0,0,0,0,0,0,0,0,0,0,0,0,0,0,0,0,0,0,0,0,0,0,0,0,0,0,0,0,0,0,0,0,0,0,0,0,0,0,0,0,0,0,0,0,0,0,0,0,0,0,0,0,0,0,0,0,0,0,0,0,0,0,0,0,0,0,0,0,0,0,0,0,0,0,0,0,0,0,0,0,1.8416e-07,6.9789e-07,1.4831e-06,2.4816e-06,3.6354e-06,4.8864e-06,6.1764e-06,7.4473e-06,8.641e-06,9.6995e-06,1.0671e-05,1.1643e-05,1.2615e-05,1.3587e-05,1.456e-05,1.5533e-05,1.6506e-05,1.748e-05,1.8454e-05,1.9429e-05,2.0334e-05,2.1131e-05,2.1866e-05,2.2585e-05,2.3337e-05,2.4166e-05,2.5121e-05,2.6247e-05,2.7592e-05,2.741e-05,0.00075722,0.0013245,0.0021269,0.0026747,0.004002,0.0038627,0.0037857,0.0036035,0.0035742,0.0032627,0.0036113,0.0042068,0.0047959,0.0065797,0.0084922,0.0093728,0.010319,0.01065,0.012298,0.012783,0.013617,0.013973,0.012939,0.011925,0.010738,0.010055,0.011104,0.011902,0.012358,0.013338,0.013156,0.013954,0.015162,0.016439,0.01767,0.019403,0.021044,0.021979,0.021295,0.023389,0.025282,0.02649,0.026923,0.032783,0.039737,0.036522,0.073116
TWN,0,0,0,0,0,0,0,0,0,0,0,0,0,0,0,0,0,0,0,0,0,0,0,0,0,0,0,0,0,0,0,0,0,0,0,0,0,0,0,0,0,0,0,0,0,0,0,0,0,0,0,0,0,0,0,0,0,0,0,0,0,0,0,0,0,0,0,0,0,0,0,0,0,0,0,0,0,0,0,0,0,0,0,0,0,0,0,0,0,0,0,9.0362e-06,3.4244e-05,7.2772e-05,0.00012177,0.00017838,0.00023977,0.00030306,0.00036542,0.000424,0.00047594,0.00052361,0.00057129,0.00061898,0.00066669,0.00071442,0.00076216,0.00080992,0.0008577,0.00090551,0.00095334,0.00099776,0.0010369,0.0010729,0.0011082,0.0011451,0.0011858,0.0012326,0.0012879,0.0013539,0.001345,0.022145,0.041594,0.073343,0.099843,0.1654,0.21792,0.24798,0.26876,0.30706,0.3301,0.32989,0.35211,0.37283,0.47615,0.58309,0.59266,0.60015,0.5722,0.61082,0.6175,0.64837,0.61794,0.54511,0.47253,0.41717,0.42095,0.42192,0.42048,0.48822,0.35236,0.45366,0.77213,1.2352,1.2522,1.9089,2.0392,2.343,2.6484,2.3278,2.5647,2.8371,3.028,3.2189,3.4098,3.6007,3.7916,3.9825
UKR,0,0,0,0,0,0,0,0,0,0,0,0,0,0,0,0,0,0,0,0,0,0,0,0,0,0,0,0,0,0,0,0,0,0,0,0,0,0,0,0,0,0,0,0,0,0,0,0,0,0,0,0,0,0,0,0,0,0,0,0,0,0,0,0,0,0,0,0,0,0,0,0,0,0,0,0,0,0,0,0,0,0,0,0,0,0,0,0,0,0,0,0,0,0,0,0,0,0,0,0,0,0,0,0,0,0,0,0,0,0,0,0,0,0,0,0,0,0,0,0,0,0,0,0,0,0,0,0,0,0,0,0,0,0,0,0,0,0,0,0,7.6318e-06,1.9079e-05,3.0527e-05,5.9146e-05,6.487e-05,6.7732e-05,6.964e-05,0.00012783,0.00019366,0.00030718,0.00042051,0.00046315,0.0010695,0.0019912,0.003078,0.0044671,0.004274,0.0051982,0.0093381,0.0093656,0.00971,0.0084141,0.01099,0.012543,0.016726,0.019462,0.024298,0.028422
UMBRELLA,0,0,0,0,0,0,0,0,0,0,0,0,0,0,0,0,0,0,0,0,0,0,0,0,0,0,0,0,0,0,0,0,0,0,0,0,0,0,0,0,0,0,0,0,0,0,0,0,0,0,0,0,0,0,0,0,0,0,0,0,0,0,0,0,0,0,0,0,0,0,0,0,0,0,0,0,0,0,0,0,0,0,0,0,0,0,0,0,0,0,0,0.079956,0.30301,0.64392,1.0775,1.5784,2.1216,2.6816,3.2335,3.7517,4.2113,4.6331,5.055,5.4771,5.8992,6.3215,6.7439,7.1666,7.5894,8.0124,8.4356,8.8287,9.1746,9.4936,9.806,10.1322,10.4924,10.9068,11.3958,11.9796,12.7095,14.1081,14.749,16.2464,16.6645,18.5305,22.0182,23.6602,25.3076,29.3087,30.5298,31.5761,34.056,33.8644,37.5043,39.0822,41.3595,42.8272,46.5358,48.2695,48.5948,48.9904,47.5026,46.8105,44.9829,45.1071,45.1582,41.0699,37.4984,33.1972,28.5251,26.1686,24.7425,23.7224,22.0485,20.3097,19.2558,16.5436,14.5531,11.2959,11.4945,11.9367,15.2385,14.3497,10.1646,9.8073,10.3542,10.2175
URY,0,0,0,0,0,0,0,0,0,0,0,0,0,0,0,0,0,0,0,0,0,0,0,0,0,0,0,0,0,0,0,0,0,0,0,0,0,0,0,0,0,0,0,0,0,0,0,0,0,0,0,0,0,0,0,0,0,0,0,0,0,0,0,0,0,0,0,0,0,0,0,0,0,0,0,0,0,0,0,0,0,0,0,0,0,0,0,0,0,0,0,6.6816e-07,2.5321e-06,5.381e-06,9.0039e-06,1.319e-05,1.7729e-05,2.2409e-05,2.7021e-05,3.1352e-05,3.5192e-05,3.8717e-05,4.2243e-05,4.5769e-05,4.9297e-05,5.2826e-05,5.6356e-05,5.9888e-05,6.3421e-05,6.6956e-05,7.0493e-05,7.3777e-05,7.6668e-05,7.9334e-05,8.1945e-05,8.467e-05,8.768e-05,9.1143e-05,9.523e-05,0.00010011,0.00010595,0.00011714,0.00013694,0.00016384,0.00019631,0.00023285,0.00027192,0.00031202,0.00035162,0.00038922,0.00042328,0.00045791,0.00049695,0.00053852,0.00058074,0.0006217,0.00065954,0.00069235,0.00071826,0.00073537,0.00074181,0.0007422,0.00074248,0.00074267,0.0007428,0.00074291,0.00074302,0.00074317,0.00074339,0.00074371,0.00074415,0.00075111,0.00076872,0.00079363,0.0013908,0.0034944,0.0049045,0.0057598,0.0061991,0.0063609,0.006384,0.0031939,3.876e-06,0.063016,0.20292,0.072349,0.078837,0.085324
USA,0,0,0,0,0,0,0,0,0,0,0,0,0,0,0,0,0,0,0,0,0,0,0,0,0,0,0,0,0,0,0,0,0,0,0,0,0,0,0,0,0,0,0,0,0,0,0,0,0,0,0,0,0,0,0,0,0,0,0,0,0,0,0,0,0,0,0,0,0,0,0,0,0,0,0,0,0,0,0,0,0,0,0,0,0,0,0,0,0,0,0,0.066555,0.25222,0.53599,0.89687,1.3139,1.766,2.2322,2.6915,3.1229,3.5054,3.8566,4.2077,4.559,4.9104,5.2619,5.6136,5.9653,6.3173,6.6694,7.0217,7.3489,7.6368,7.9023,8.1624,8.4339,8.7337,9.0787,9.4857,9.9717,10.5623,11.515,12.0688,13.0529,13.524,14.7739,15.6808,16.3358,16.8553,18.2646,18.8073,20.0528,21.2598,21.9489,22.9783,24.2093,25.7374,26.1348,29.288,29.6303,28.7892,27.5694,27.7751,27.325,26.0221,24.8211,24.2536,22.6331,19.9009,19.6373,16.5468,15.4663,14.3573,13.8786,12.4809,11.7716,10.5201,9.2126,8.3422,7.172,7.3844,8.2319,6.7657,6.3482,6.2685,5.7759,6.3262,6.0962
VAT,0,0,0,0,0,0,0,0,0,0,0,0,0,0,0,0,0,0,0,0,0,0,0,0,0,0,0,0,0,0,0,0,0,0,0,0,0,0,0,0,0,0,0,0,0,0,0,0,0,0,0,0,0,0,0,0,0,0,0,0,0,0,0,0,0,0,0,0,0,0,0,0,0,0,0,0,0,0,0,0,0,0,0,0,0,0,0,0,0,0,0,4.4866e-09,1.7003e-08,3.6133e-08,6.0461e-08,8.8571e-08,1.1905e-07,1.5048e-07,1.8144e-07,2.1052e-07,2.3631e-07,2.5998e-07,2.8366e-07,3.0734e-07,3.3103e-07,3.5472e-07,3.7843e-07,4.0214e-07,4.2587e-07,4.496e-07,4.7335e-07,4.9541e-07,5.1482e-07,5.3272e-07,5.5025e-07,5.6855e-07,5.8876e-07,6.1202e-07,6.3946e-07,6.7222e-07,7.0958e-07,1.082e-06,1.0017e-06,1.5489e-06,1.2159e-06,1.9407e-06,2.7759e-06,3.4652e-06,3.9962e-06,5.1066e-06,4.9291e-06,5.4909e-06,6.5501e-06,6.4967e-06,6.827e-06,7.7334e-06,8.8089e-06,9.975e-06,1.0477e-05,1.1106e-05,1.1401e-05,1.0998e-05,1.1184e-05,9.8281e-06,1.0638e-05,1.1598e-05,1.2503e-05,1.3321e-05,1.3608e-05,1.1648e-05,1.1975e-05,1.3793e-05,1.2852e-05,9.733e-06,8.6199e-06,8.2682e-06,8.9318e-06,9.144e-06,8.9496e-06,9.3423e-06,9.7295e-06,7.942e-06,7.5812e-06,7.2205e-06,6.8598e-06,6.499e-06,6.1383e-06,5.7776e-06
VEN,0,0,0,0,0,0,0,0,0,0,0,0,0,0,0,0,0,0,0,0,0,0,0,0,0,0,0,0,0,0,0,0,0,0,0,0,0,0,0,0,0,0,0,0,0,0,0,0,0,0,0,0,0,0,0,0,0,0,0,0,0,0,0,0,0,0,0,0,0,0,0,0,0,0,0,0,0,0,0,0,0,0,0,0,0,0,0,0,0,0,0,0,0,0,0,0,0,0,0,0,0,0,0,0,0,0,0,0,0,0,0,0,0,0,0,0,0,0,0,0,0,0.0017921,0.0013097,0.0047666,0.0050151,0.0088642,0.017028,0.027127,0.039895,0.059277,0.077495,0.15202,0.161,0.16347,0.1739,0.17725,0.19745,0.22051,0.24114,0.26562,0.29554,0.20592,0.17632,0.14077,0.11025,0.08101,0.095563,0.10528,0.13064,0.15637,0.18258,0.18896,0.19499,0.20067,0.20828,0.21469,0.22737,0.23931,0.25124,0.26869,0.28072,0.29274,0.30477,0.3168,0.32882,0.34085,0.35288,0.3649
ZAF,0,0,0,0,0,0,0,0,0,0,0,0,0,0,0,0,0,0,0,0,0,0,0,0,0,0,0,0,0,0,0,0,0,0,0,0,0,0,0,0,0,0,0,0,0,0,0,0,0,0,0,0,0,0,0,0,0,0,0,0,0,0,0,0,0,0,0,0,0,0,0,0,0,0,0,0,0,0,0,0,0,0,0,0,0,0,0,0,0,0,0,0,0,0,0,0,0,0,0,0,0,0,0,0,0,0,0,0,0,0,0,0,0,0,0,0,0,0,0,0,0,0.0038572,0.0028089,0.010185,0.010675,0.018793,0.032226,0.046299,0.061932,0.084293,0.10156,0.20939,0.23361,0.25051,0.28224,0.30564,0.31367,0.32251,0.32443,0.32834,0.33512,0.28132,0.29383,0.29137,0.29113,0.28433,0.278,0.31494,0.32496,0.32678,0.1824,0.1824,0.1824,0.3648,0.3648,0.3648,0.3648,0.3648,0.3648,0.36929,0.39273,0.38975,0.39894,0.40814,0.41734,0.42653,0.43573,0.44492